iteration time cl cd
    370020   2.60003500E+01   1.62395051E-03   8.85871163E-03
    370040   2.60013500E+01   1.88166303E-03   8.97383821E-03
    370060   2.60023500E+01   2.00863429E-03   8.86035291E-03
    370080   2.60033500E+01   1.98095626E-03   8.88281006E-03
    370100   2.60043500E+01   1.98218329E-03   8.94404024E-03
    370120   2.60053500E+01   1.78374827E-03   8.91439156E-03
    370140   2.60063500E+01   1.67492472E-03   8.85491516E-03
    370160   2.60073500E+01   1.93532284E-03   8.87277988E-03
    370180   2.60083500E+01   2.03758074E-03   8.88940294E-03
    370200   2.60093500E+01   1.98938545E-03   8.92114397E-03
    370220   2.60103500E+01   1.86505116E-03   8.90526843E-03
    370240   2.60113500E+01   1.73676611E-03   8.86402796E-03
    370260   2.60123500E+01   1.80462852E-03   8.86742675E-03
    370280   2.60133500E+01   1.94125453E-03   8.91489523E-03
    370300   2.60143500E+01   2.00340059E-03   8.90090664E-03
    370320   2.60153500E+01   1.98552968E-03   8.90403914E-03
    370340   2.60163500E+01   1.86992229E-03   8.86989170E-03
    370360   2.60173500E+01   1.70161715E-03   8.86894682E-03
    370380   2.60183500E+01   1.81240332E-03   8.90689845E-03
    370400   2.60193500E+01   2.00237348E-03   8.90653358E-03
    370420   2.60203500E+01   2.00340551E-03   8.88909868E-03
    370440   2.60213500E+01   1.93550071E-03   8.88495576E-03
    370460   2.60223500E+01   1.81069996E-03   8.88116843E-03
    370480   2.60233500E+01   1.73880501E-03   8.90661017E-03
    370500   2.60243500E+01   1.85823277E-03   8.88328122E-03
    370520   2.60253500E+01   1.98179294E-03   8.87763072E-03
    370540   2.60263500E+01   2.00414948E-03   8.90579764E-03
    370560   2.60273500E+01   1.94787640E-03   8.90388171E-03
    370580   2.60283500E+01   1.75399639E-03   8.89508639E-03
    370600   2.60293500E+01   1.75699454E-03   8.86638197E-03
    370620   2.60303500E+01   1.92866410E-03   8.87364329E-03
    370640   2.60313500E+01   2.00643788E-03   8.90833861E-03
    370660   2.60323500E+01   1.96881758E-03   8.91812103E-03
    370680   2.60333500E+01   1.88198894E-03   8.88836629E-03
    370700   2.60343500E+01   1.77220266E-03   8.86441761E-03
    370720   2.60353500E+01   1.78043733E-03   8.87654592E-03
    370740   2.60363500E+01   1.92777511E-03   8.91212697E-03
    370760   2.60373500E+01   2.01401521E-03   8.90763248E-03
    370780   2.60383500E+01   1.97039923E-03   8.89066767E-03
    370800   2.60393500E+01   1.84408002E-03   8.87532525E-03
    370820   2.60403500E+01   1.74845446E-03   8.88504005E-03
    370840   2.60413500E+01   1.84869045E-03   8.89745329E-03
    370860   2.60423500E+01   1.97051234E-03   8.90624790E-03
    370880   2.60433500E+01   1.97930120E-03   8.88016836E-03
    370900   2.60443500E+01   1.94746419E-03   8.88487978E-03
    370920   2.60453500E+01   1.81964336E-03   8.90577308E-03
    370940   2.60463500E+01   1.75373462E-03   8.89074630E-03
    370960   2.60473500E+01   1.84843012E-03   8.87835742E-03
    370980   2.60483500E+01   1.98494487E-03   8.88531369E-03
    371000   2.60493500E+01   1.99144250E-03   8.90218100E-03
    371020   2.60503500E+01   1.89491100E-03   8.91378846E-03
    371040   2.60513500E+01   1.79107618E-03   8.88354256E-03
    371060   2.60523500E+01   1.78776130E-03   8.86728259E-03
    371080   2.60533500E+01   1.90339862E-03   8.88614255E-03
    371100   2.60543500E+01   1.97609541E-03   8.90884198E-03
    371120   2.60553500E+01   1.96916074E-03   8.90799237E-03
    371140   2.60563500E+01   1.89011121E-03   8.88659738E-03
    371160   2.60573500E+01   1.77055862E-03   8.86704426E-03
    371180   2.60583500E+01   1.79467385E-03   8.88452935E-03
    371200   2.60593500E+01   1.92693060E-03   8.91043565E-03
    371220   2.60603500E+01   1.98415873E-03   8.90380231E-03
    371240   2.60613500E+01   1.94245170E-03   8.88497254E-03
    371260   2.60623500E+01   1.84711284E-03   8.87791398E-03
    371280   2.60633500E+01   1.79166333E-03   8.89061545E-03
    371300   2.60643500E+01   1.83518957E-03   8.90251322E-03
    371320   2.60653500E+01   1.93897213E-03   8.88954511E-03
    371340   2.60663500E+01   1.98463450E-03   8.88274909E-03
    371360   2.60673500E+01   1.93910279E-03   8.89654298E-03
    371380   2.60683500E+01   1.82709941E-03   8.90220015E-03
    371400   2.60693500E+01   1.77773353E-03   8.88602388E-03
    371420   2.60703500E+01   1.87169769E-03   8.87555177E-03
    371440   2.60713500E+01   1.96428636E-03   8.88968645E-03
    371460   2.60723500E+01   1.96561061E-03   8.90770485E-03
    371480   2.60733500E+01   1.90396485E-03   8.90309020E-03
    371500   2.60743500E+01   1.81912934E-03   8.88124977E-03
    371520   2.60753500E+01   1.80395788E-03   8.87159247E-03
    371540   2.60763500E+01   1.88997400E-03   8.88664228E-03
    371560   2.60773500E+01   1.97199456E-03   8.90997746E-03
    371580   2.60783500E+01   1.96834609E-03   8.90577698E-03
    371600   2.60793500E+01   1.87873361E-03   8.88004869E-03
    371620   2.60803500E+01   1.79769064E-03   8.87181864E-03
    371640   2.60813500E+01   1.82405551E-03   8.89145599E-03
    371660   2.60823500E+01   1.91910265E-03   8.90696173E-03
    371680   2.60833500E+01   1.96673888E-03   8.89582756E-03
    371700   2.60843500E+01   1.94258095E-03   8.88148018E-03
    371720   2.60853500E+01   1.86672114E-03   8.88577520E-03
    371740   2.60863500E+01   1.80030908E-03   8.89472477E-03
    371760   2.60873500E+01   1.83648391E-03   8.89372656E-03
    371780   2.60883500E+01   1.93573623E-03   8.88645065E-03
    371800   2.60893500E+01   1.97641442E-03   8.88775819E-03
    371820   2.60903500E+01   1.92225160E-03   8.89918791E-03
    371840   2.60913500E+01   1.83050797E-03   8.90072432E-03
    371860   2.60923500E+01   1.80241522E-03   8.88373864E-03
    371880   2.60933500E+01   1.86659575E-03   8.87798233E-03
    371900   2.60943500E+01   1.94130281E-03   8.89346410E-03
    371920   2.60953500E+01   1.96018577E-03   8.90668718E-03
    371940   2.60963500E+01   1.90663304E-03   8.90067613E-03
    371960   2.60973500E+01   1.82469072E-03   8.88060555E-03
    371980   2.60983500E+01   1.80967194E-03   8.87367855E-03
    372000   2.60993500E+01   1.89023630E-03   8.89241202E-03
    372020   2.61003500E+01   1.96084891E-03   8.90812684E-03
    372040   2.61013500E+01   1.94613153E-03   8.89844039E-03
    372060   2.61023500E+01   1.87569350E-03   8.87934491E-03
    372080   2.61033500E+01   1.81476380E-03   8.87970582E-03
    372100   2.61043500E+01   1.82798837E-03   8.89600240E-03
    372120   2.61053500E+01   1.90106435E-03   8.90118119E-03
    372140   2.61063500E+01   1.95505034E-03   8.89090621E-03
    372160   2.61073500E+01   1.93939151E-03   8.88576218E-03
    372180   2.61083500E+01   1.86363863E-03   8.89084038E-03
    372200   2.61093500E+01   1.81137937E-03   8.89404338E-03
    372220   2.61103500E+01   1.85252697E-03   8.88969552E-03
    372240   2.61113500E+01   1.93333200E-03   8.88453375E-03
    372260   2.61123500E+01   1.96025523E-03   8.89010727E-03
    372280   2.61133500E+01   1.91645843E-03   8.90001103E-03
    372300   2.61143500E+01   1.84771268E-03   8.89613755E-03
    372320   2.61153500E+01   1.81787315E-03   8.88257604E-03
    372340   2.61163500E+01   1.86420669E-03   8.88084053E-03
    372360   2.61173500E+01   1.93596467E-03   8.89524017E-03
    372380   2.61183500E+01   1.95422333E-03   8.90591300E-03
    372400   2.61193500E+01   1.90151394E-03   8.89687688E-03
    372420   2.61203500E+01   1.83439272E-03   8.87920193E-03
    372440   2.61213500E+01   1.83296552E-03   8.87841985E-03
    372460   2.61223500E+01   1.89614016E-03   8.89600501E-03
    372480   2.61233500E+01   1.94879262E-03   8.90431278E-03
    372500   2.61243500E+01   1.94362526E-03   8.89256322E-03
    372520   2.61253500E+01   1.88835530E-03   8.88124722E-03
    372540   2.61263500E+01   1.83200057E-03   8.88546825E-03
    372560   2.61273500E+01   1.83706651E-03   8.89459784E-03
    372580   2.61283500E+01   1.90130739E-03   8.89549921E-03
    372600   2.61293500E+01   1.94843582E-03   8.89109543E-03
    372620   2.61303500E+01   1.92695239E-03   8.89027019E-03
    372640   2.61313500E+01   1.86417444E-03   8.89311959E-03
    372660   2.61323500E+01   1.82831483E-03   8.89296801E-03
    372680   2.61333500E+01   1.85913179E-03   8.88801308E-03
    372700   2.61343500E+01   1.92045792E-03   8.88612679E-03
    372720   2.61353500E+01   1.94798422E-03   8.89379646E-03
    372740   2.61363500E+01   1.91722390E-03   8.90082379E-03
    372760   2.61373500E+01   1.85510520E-03   8.89353620E-03
    372780   2.61383500E+01   1.82710563E-03   8.88123265E-03
    372800   2.61393500E+01   1.86821318E-03   8.88327656E-03
    372820   2.61403500E+01   1.92836571E-03   8.89759182E-03
    372840   2.61413500E+01   1.93897536E-03   8.90336392E-03
    372860   2.61423500E+01   1.89374571E-03   8.89285524E-03
    372880   2.61433500E+01   1.84227463E-03   8.88143062E-03
    372900   2.61443500E+01   1.83790859E-03   8.88474843E-03
    372920   2.61453500E+01   1.88511412E-03   8.89658722E-03
    372940   2.61463500E+01   1.93499792E-03   8.89927171E-03
    372960   2.61473500E+01   1.93712616E-03   8.89106571E-03
    372980   2.61483500E+01   1.88761134E-03   8.88563581E-03
    373000   2.61493500E+01   1.83741852E-03   8.88881956E-03
    373020   2.61503500E+01   1.84517786E-03   8.89336202E-03
    373040   2.61513500E+01   1.90076473E-03   8.89294576E-03
    373060   2.61523500E+01   1.93858887E-03   8.89036168E-03
    373080   2.61533500E+01   1.92253192E-03   8.89123189E-03
    373100   2.61543500E+01   1.87263931E-03   8.89364857E-03
    373120   2.61553500E+01   1.83946276E-03   8.89115509E-03
    373140   2.61563500E+01   1.85948353E-03   8.88625664E-03
    373160   2.61573500E+01   1.91335633E-03   8.88785624E-03
    373180   2.61583500E+01   1.94288356E-03   8.89576074E-03
    373200   2.61593500E+01   1.91558459E-03   8.89846790E-03
    373220   2.61603500E+01   1.86129983E-03   8.89006367E-03
    373240   2.61613500E+01   1.84065893E-03   8.88233817E-03
    373260   2.61623500E+01   1.87532768E-03   8.88746683E-03
    373280   2.61633500E+01   1.92348988E-03   8.89799750E-03
    373300   2.61643500E+01   1.93462288E-03   8.89906843E-03
    373320   2.61653500E+01   1.90110156E-03   8.89016557E-03
    373340   2.61663500E+01   1.85651111E-03   8.88369999E-03
    373360   2.61673500E+01   1.84816415E-03   8.88749552E-03
    373380   2.61683500E+01   1.88826165E-03   8.89490227E-03
    373400   2.61693500E+01   1.93246787E-03   8.89568566E-03
    373420   2.61703500E+01   1.93107146E-03   8.89100765E-03
    373440   2.61713500E+01   1.88598958E-03   8.88863379E-03
    373460   2.61723500E+01   1.84656310E-03   8.89039696E-03
    373480   2.61733500E+01   1.85423864E-03   8.89207198E-03
    373500   2.61743500E+01   1.89779713E-03   8.89135971E-03
    373520   2.61753500E+01   1.92996908E-03   8.89140847E-03
    373540   2.61763500E+01   1.91864817E-03   8.89392460E-03
    373560   2.61773500E+01   1.87515312E-03   8.89418779E-03
    373580   2.61783500E+01   1.84547271E-03   8.88935320E-03
    373600   2.61793500E+01   1.86505811E-03   8.88562019E-03
    373620   2.61803500E+01   1.91277775E-03   8.88955342E-03
    373640   2.61813500E+01   1.93434489E-03   8.89644174E-03
    373660   2.61823500E+01   1.90785832E-03   8.89593314E-03
    373680   2.61833500E+01   1.86293203E-03   8.88828122E-03
    373700   2.61843500E+01   1.84561011E-03   8.88460814E-03
    373720   2.61853500E+01   1.87196724E-03   8.88996123E-03
    373740   2.61863500E+01   1.91280193E-03   8.89663677E-03
    373760   2.61873500E+01   1.92527992E-03   8.89621696E-03
    373780   2.61883500E+01   1.89633144E-03   8.89027596E-03
    373800   2.61893500E+01   1.85718194E-03   8.88664916E-03
    373820   2.61903500E+01   1.85263126E-03   8.88893679E-03
    373840   2.61913500E+01   1.88900835E-03   8.89286343E-03
    373860   2.61923500E+01   1.92572323E-03   8.89298361E-03
    373880   2.61933500E+01   1.92447831E-03   8.89040887E-03
    373900   2.61943500E+01   1.88896105E-03   8.88960768E-03
    373920   2.61953500E+01   1.85608543E-03   8.89020457E-03
    373940   2.61963500E+01   1.85921264E-03   8.88953936E-03
    373960   2.61973500E+01   1.89438608E-03   8.88932561E-03
    373980   2.61983500E+01   1.92307453E-03   8.89203728E-03
    374000   2.61993500E+01   1.91373294E-03   8.89476992E-03
    374020   2.62003500E+01   1.87662386E-03   8.89280752E-03
    374040   2.62013500E+01   1.85373833E-03   8.88770102E-03
    374060   2.62023500E+01   1.87155586E-03   8.88647240E-03
    374080   2.62033500E+01   1.91034270E-03   8.89125104E-03
    374100   2.62043500E+01   1.92916127E-03   8.89539392E-03
    374120   2.62053500E+01   1.91052723E-03   8.89303200E-03
    374140   2.62063500E+01   1.87437097E-03   8.88733037E-03
    374160   2.62073500E+01   1.85764875E-03   8.88591696E-03
    374180   2.62083500E+01   1.87789363E-03   8.89043901E-03
    374200   2.62093500E+01   1.91229894E-03   8.89472946E-03
    374220   2.62103500E+01   1.92181438E-03   8.89382897E-03
    374240   2.62113500E+01   1.89575803E-03   8.88997511E-03
    374260   2.62123500E+01   1.86302703E-03   8.88831827E-03
    374280   2.62133500E+01   1.85922907E-03   8.89014733E-03
    374300   2.62143500E+01   1.88791466E-03   8.89218787E-03
    374320   2.62153500E+01   1.91857665E-03   8.89216564E-03
    374340   2.62163500E+01   1.92026001E-03   8.89159602E-03
    374360   2.62173500E+01   1.89170201E-03   8.89137868E-03
    374380   2.62183500E+01   1.86254702E-03   8.89011791E-03
    374400   2.62193500E+01   1.86424385E-03   8.88857723E-03
    374420   2.62203500E+01   1.89446128E-03   8.88973994E-03
    374440   2.62213500E+01   1.91833174E-03   8.89327879E-03
    374460   2.62223500E+01   1.90910421E-03   8.89467527E-03
    374480   2.62233500E+01   1.87744751E-03   8.89147959E-03
    374500   2.62243500E+01   1.85751211E-03   8.88756351E-03
    374520   2.62253500E+01   1.87011099E-03   8.88827621E-03
    374540   2.62263500E+01   1.90176509E-03   8.89289541E-03
    374560   2.62273500E+01   1.91955935E-03   8.89536945E-03
    374580   2.62283500E+01   1.90519457E-03   8.89254568E-03
    374600   2.62293500E+01   1.87403308E-03   8.88833801E-03
    374620   2.62303500E+01   1.86014990E-03   8.88803391E-03
    374640   2.62313500E+01   1.87885999E-03   8.89131799E-03
    374660   2.62323500E+01   1.90858248E-03   8.89367875E-03
    374680   2.62333500E+01   1.91660636E-03   8.89275833E-03
    374700   2.62343500E+01   1.89542521E-03   8.89055769E-03
    374720   2.62353500E+01   1.86819140E-03   8.88974747E-03
    374740   2.62363500E+01   1.86376495E-03   8.89017419E-03
    374760   2.62373500E+01   1.88742292E-03   8.89052629E-03
    374780   2.62383500E+01   1.91462280E-03   8.89114098E-03
    374800   2.62393500E+01   1.91634231E-03   8.89232036E-03
    374820   2.62403500E+01   1.89075803E-03   8.89226166E-03
    374840   2.62413500E+01   1.86597182E-03   8.89002467E-03
    374860   2.62423500E+01   1.86900116E-03   8.88840340E-03
    374880   2.62433500E+01   1.89557589E-03   8.89021981E-03
    374900   2.62443500E+01   1.91628187E-03   8.89350616E-03
    374920   2.62453500E+01   1.90967673E-03   8.89390650E-03
    374940   2.62463500E+01   1.88360803E-03   8.89071333E-03
    374960   2.62473500E+01   1.86601794E-03   8.88790196E-03
    374980   2.62483500E+01   1.87620281E-03   8.88907354E-03
    375000   2.62493500E+01   1.90374406E-03   8.89262005E-03
    375020   2.62503500E+01   1.91896820E-03   8.89376790E-03
    375040   2.62513500E+01   1.90555065E-03   8.89124245E-03
    375060   2.62523500E+01   1.87826435E-03   8.88878318E-03
    375080   2.62533500E+01   1.86608819E-03   8.88953452E-03
    375100   2.62543500E+01   1.88053664E-03   8.89207342E-03
    375120   2.62553500E+01   1.90447853E-03   8.89326946E-03
    375140   2.62563500E+01   1.91190343E-03   8.89265452E-03
    375160   2.62573500E+01   1.89513723E-03   8.89179034E-03
    375180   2.62583500E+01   1.87220947E-03   8.89118285E-03
    375200   2.62593500E+01   1.86832759E-03   8.89050367E-03
    375220   2.62603500E+01   1.88855804E-03   8.89045829E-03
    375240   2.62613500E+01   1.91116286E-03   8.89183158E-03
    375260   2.62623500E+01   1.91173504E-03   8.89325980E-03
    375280   2.62633500E+01   1.89021556E-03   8.89239820E-03
    375300   2.62643500E+01   1.86977774E-03   8.88973114E-03
    375320   2.62653500E+01   1.87118220E-03   8.88877281E-03
    375340   2.62663500E+01   1.89134427E-03   8.89130673E-03
    375360   2.62673500E+01   1.90762167E-03   8.89453112E-03
    375380   2.62683500E+01   1.90206317E-03   8.89447843E-03
    375400   2.62693500E+01   1.88042132E-03   8.89124135E-03
    375420   2.62703500E+01   1.86647690E-03   8.88900395E-03
    375440   2.62713500E+01   1.87636800E-03   8.89045264E-03
    375460   2.62723500E+01   1.90028754E-03   8.89319530E-03
    375480   2.62733500E+01   1.91338283E-03   8.89340018E-03
    375500   2.62743500E+01   1.90307938E-03   8.89109560E-03
    375520   2.62753500E+01   1.88141370E-03   8.88944611E-03
    375540   2.62763500E+01   1.87128738E-03   8.88999129E-03
    375560   2.62773500E+01   1.88272925E-03   8.89130361E-03
    375580   2.62783500E+01   1.90274361E-03   8.89195664E-03
    375600   2.62793500E+01   1.90910910E-03   8.89216220E-03
    375620   2.62803500E+01   1.89437656E-03   8.89219174E-03
    375640   2.62813500E+01   1.87445296E-03   8.89151590E-03
    375660   2.62823500E+01   1.87148562E-03   8.89035742E-03
    375680   2.62833500E+01   1.88931645E-03   8.89027205E-03
    375700   2.62843500E+01   1.90950238E-03   8.89184674E-03
    375720   2.62853500E+01   1.91184362E-03   8.89307946E-03
    375740   2.62863500E+01   1.89535335E-03   8.89179965E-03
    375760   2.62873500E+01   1.87823391E-03   8.88910981E-03
    375780   2.62883500E+01   1.87865455E-03   8.88843861E-03
    375800   2.62893500E+01   1.89562232E-03   8.89088828E-03
    375820   2.62903500E+01   1.90984517E-03   8.89342012E-03
    375840   2.62913500E+01   1.90490807E-03   8.89284690E-03
    375860   2.62923500E+01   1.88558804E-03   8.89016777E-03
    375880   2.62933500E+01   1.87246308E-03   8.88908738E-03
    375900   2.62943500E+01   1.87925103E-03   8.89087725E-03
    375920   2.62953500E+01   1.89842818E-03   8.89290201E-03
    375940   2.62963500E+01   1.90998964E-03   8.89264349E-03
    375960   2.62973500E+01   1.90249183E-03   8.89095837E-03
    375980   2.62983500E+01   1.88447479E-03   8.89008367E-03
    376000   2.62993500E+01   1.87539987E-03   8.89040655E-03
    376020   2.63003500E+01   1.88488664E-03   8.89089710E-03
    376040   2.63013500E+01   1.90192055E-03   8.89123505E-03
    376060   2.63023500E+01   1.90698209E-03   8.89172498E-03
    376080   2.63033500E+01   1.89387732E-03   8.89192382E-03
    376100   2.63043500E+01   1.87633025E-03   8.89109031E-03
    376120   2.63053500E+01   1.87271034E-03   8.88989270E-03
    376140   2.63063500E+01   1.88643501E-03   8.89007077E-03
    376160   2.63073500E+01   1.90274877E-03   8.89185725E-03
    376180   2.63083500E+01   1.90452425E-03   8.89303064E-03
    376200   2.63093500E+01   1.89028651E-03   8.89171764E-03
    376220   2.63103500E+01   1.87572400E-03   8.88936263E-03
    376240   2.63113500E+01   1.87673947E-03   8.88911904E-03
    376260   2.63123500E+01   1.89197423E-03   8.89139773E-03
    376280   2.63133500E+01   1.90450558E-03   8.89314099E-03
    376300   2.63143500E+01   1.90078592E-03   8.89209603E-03
    376320   2.63153500E+01   1.88510158E-03   8.88981218E-03
    376340   2.63163500E+01   1.87435760E-03   8.88920849E-03
    376360   2.63173500E+01   1.88004996E-03   8.89061267E-03
    376380   2.63183500E+01   1.89637197E-03   8.89184686E-03
    376400   2.63193500E+01   1.90636853E-03   8.89154147E-03
    376420   2.63203500E+01   1.89987044E-03   8.89054689E-03
    376440   2.63213500E+01   1.88442276E-03   8.89007119E-03
    376460   2.63223500E+01   1.87709659E-03   8.89012400E-03
    376480   2.63233500E+01   1.88575131E-03   8.89031804E-03
    376500   2.63243500E+01   1.90063364E-03   8.89083181E-03
    376520   2.63253500E+01   1.90554932E-03   8.89166411E-03
    376540   2.63263500E+01   1.89550834E-03   8.89185170E-03
    376560   2.63273500E+01   1.88169113E-03   8.89065650E-03
    376580   2.63283500E+01   1.87934124E-03   8.88918335E-03
    376600   2.63293500E+01   1.89152941E-03   8.88938393E-03
    376620   2.63303500E+01   1.90572337E-03   8.89118944E-03
    376640   2.63313500E+01   1.90717257E-03   8.89214389E-03
    376660   2.63323500E+01   1.89482790E-03   8.89075160E-03
    376680   2.63333500E+01   1.88221773E-03   8.88880054E-03
    376700   2.63343500E+01   1.88247711E-03   8.88896481E-03
    376720   2.63353500E+01   1.89434841E-03   8.89107906E-03
    376740   2.63363500E+01   1.90419525E-03   8.89249089E-03
    376760   2.63373500E+01   1.90095188E-03   8.89175305E-03
    376780   2.63383500E+01   1.88774120E-03   8.89027913E-03
    376800   2.63393500E+01   1.87849459E-03   8.89002661E-03
    376820   2.63403500E+01   1.88324515E-03   8.89093199E-03
    376840   2.63413500E+01   1.89726217E-03   8.89152100E-03
    376860   2.63423500E+01   1.90593855E-03   8.89116974E-03
    376880   2.63433500E+01   1.90051311E-03   8.89055818E-03
    376900   2.63443500E+01   1.88726661E-03   8.89025014E-03
    376920   2.63453500E+01   1.88026010E-03   8.89010669E-03
    376940   2.63463500E+01   1.88611804E-03   8.89015191E-03
    376960   2.63473500E+01   1.89735234E-03   8.89080224E-03
    376980   2.63483500E+01   1.90079088E-03   8.89181553E-03
    377000   2.63493500E+01   1.89181821E-03   8.89203231E-03
    377020   2.63503500E+01   1.87946822E-03   8.89096624E-03
    377040   2.63513500E+01   1.87686487E-03   8.88994577E-03
    377060   2.63523500E+01   1.88699919E-03   8.89051945E-03
    377080   2.63533500E+01   1.89945635E-03   8.89205151E-03
    377100   2.63543500E+01   1.90179597E-03   8.89231889E-03
    377120   2.63553500E+01   1.89272711E-03   8.89064360E-03
    377140   2.63563500E+01   1.88283389E-03   8.88899217E-03
    377160   2.63573500E+01   1.88288281E-03   8.88932734E-03
    377180   2.63583500E+01   1.89247665E-03   8.89103080E-03
    377200   2.63593500E+01   1.90071533E-03   8.89194226E-03
    377220   2.63603500E+01   1.89802405E-03   8.89125205E-03
    377240   2.63613500E+01   1.88667263E-03   8.89021565E-03
    377260   2.63623500E+01   1.87857038E-03   8.89016384E-03
    377280   2.63633500E+01   1.88246159E-03   8.89090127E-03
    377300   2.63643500E+01   1.89449552E-03   8.89142811E-03
    377320   2.63653500E+01   1.90253379E-03   8.89138321E-03
    377340   2.63663500E+01   1.89919239E-03   8.89106275E-03
    377360   2.63673500E+01   1.88936401E-03   8.89058993E-03
    377380   2.63683500E+01   1.88458071E-03   8.88998279E-03
    377400   2.63693500E+01   1.89051008E-03   8.88975341E-03
    377420   2.63703500E+01   1.90080066E-03   8.89042555E-03
    377440   2.63713500E+01   1.90395012E-03   8.89143555E-03
    377460   2.63723500E+01   1.89595915E-03   8.89151102E-03
    377480   2.63733500E+01   1.88487765E-03   8.89047396E-03
    377500   2.63743500E+01   1.88213445E-03   8.88976252E-03
    377520   2.63753500E+01   1.89028028E-03   8.89052298E-03
    377540   2.63763500E+01   1.90053498E-03   8.89189860E-03
    377560   2.63773500E+01   1.90237557E-03   8.89212230E-03
    377580   2.63783500E+01   1.89454995E-03   8.89093616E-03
    377600   2.63793500E+01   1.88605044E-03   8.88990416E-03
    377620   2.63803500E+01   1.88632749E-03   8.89026572E-03
    377640   2.63813500E+01   1.89509026E-03   8.89140002E-03
    377660   2.63823500E+01   1.90261314E-03   8.89186978E-03
    377680   2.63833500E+01   1.90034673E-03   8.89133320E-03
    377700   2.63843500E+01   1.89023149E-03   8.89070242E-03
    377720   2.63853500E+01   1.88253992E-03   8.89071105E-03
    377740   2.63863500E+01   1.88483337E-03   8.89114368E-03
    377760   2.63873500E+01   1.89408345E-03   8.89151127E-03
    377780   2.63883500E+01   1.90015868E-03   8.89170392E-03
    377800   2.63893500E+01   1.89667528E-03   8.89170061E-03
    377820   2.63903500E+01   1.88766856E-03   8.89132821E-03
    377840   2.63913500E+01   1.88307055E-03   8.89076561E-03
    377860   2.63923500E+01   1.88784279E-03   8.89071870E-03
    377880   2.63933500E+01   1.89658308E-03   8.89149184E-03
    377900   2.63943500E+01   1.89955937E-03   8.89226497E-03
    377920   2.63953500E+01   1.89339854E-03   8.89199194E-03
    377940   2.63963500E+01   1.88463012E-03   8.89088770E-03
    377960   2.63973500E+01   1.88252371E-03   8.89029860E-03
    377980   2.63983500E+01   1.88923372E-03   8.89093615E-03
    378000   2.63993500E+01   1.89767544E-03   8.89189248E-03
    378020   2.64003500E+01   1.89914854E-03   8.89185608E-03
    378040   2.64013500E+01   1.89255519E-03   8.89085160E-03
    378060   2.64023500E+01   1.88542313E-03   8.89012903E-03
    378080   2.64033500E+01   1.88564364E-03   8.89048224E-03
    378100   2.64043500E+01   1.89291566E-03   8.89135723E-03
    378120   2.64053500E+01   1.89923497E-03   8.89176277E-03
    378140   2.64063500E+01   1.89772274E-03   8.89148117E-03
    378160   2.64073500E+01   1.89004434E-03   8.89102375E-03
    378180   2.64083500E+01   1.88456679E-03   8.89080603E-03
    378200   2.64093500E+01   1.88743245E-03   8.89084575E-03
    378220   2.64103500E+01   1.89602922E-03   8.89104292E-03
    378240   2.64113500E+01   1.90176024E-03   8.89124560E-03
    378260   2.64123500E+01   1.89920473E-03   8.89112862E-03
    378280   2.64133500E+01   1.89180507E-03   8.89052597E-03
    378300   2.64143500E+01   1.88791273E-03   8.88991810E-03
    378320   2.64153500E+01   1.89163213E-03   8.89006939E-03
    378340   2.64163500E+01   1.89851911E-03   8.89099446E-03
    378360   2.64173500E+01   1.90061131E-03   8.89173607E-03
    378380   2.64183500E+01   1.89510510E-03   8.89150128E-03
    378400   2.64193500E+01   1.88739387E-03   8.89070848E-03
    378420   2.64203500E+01   1.88538205E-03   8.89046493E-03
    378440   2.64213500E+01   1.89113113E-03   8.89111404E-03
    378460   2.64223500E+01   1.89869621E-03   8.89179882E-03
    378480   2.64233500E+01   1.90048488E-03   8.89160747E-03
    378500   2.64243500E+01   1.89526522E-03   8.89072131E-03
    378520   2.64253500E+01   1.88917603E-03   8.89008835E-03
    378540   2.64263500E+01   1.88884076E-03   8.89023006E-03
    378560   2.64273500E+01   1.89420830E-03   8.89079729E-03
    378580   2.64283500E+01   1.89875468E-03   8.89120235E-03
    378600   2.64293500E+01   1.89664291E-03   8.89125068E-03
    378620   2.64303500E+01   1.88913200E-03   8.89109503E-03
    378640   2.64313500E+01   1.88340014E-03   8.89094832E-03
    378660   2.64323500E+01   1.88497923E-03   8.89099985E-03
    378680   2.64333500E+01   1.89189620E-03   8.89131981E-03
    378700   2.64343500E+01   1.89688270E-03   8.89164650E-03
    378720   2.64353500E+01   1.89520395E-03   8.89151074E-03
    378740   2.64363500E+01   1.88953176E-03   8.89082515E-03
    378760   2.64373500E+01   1.88672042E-03   8.89017327E-03
    378780   2.64383500E+01   1.89021216E-03   8.89020085E-03
    378800   2.64393500E+01   1.89629714E-03   8.89078506E-03
    378820   2.64403500E+01   1.89814109E-03   8.89114141E-03
    378840   2.64413500E+01   1.89321426E-03   8.89082297E-03
    378860   2.64423500E+01   1.88614537E-03   8.89029916E-03
    378880   2.64433500E+01   1.88389599E-03   8.89031857E-03
    378900   2.64443500E+01   1.88844342E-03   8.89091249E-03
    378920   2.64453500E+01   1.89486780E-03   8.89137276E-03
    378940   2.64463500E+01   1.89678447E-03   8.89116734E-03
    378960   2.64473500E+01   1.89309938E-03   8.89052975E-03
    378980   2.64483500E+01   1.88887906E-03   8.89006217E-03
    379000   2.64493500E+01   1.88963552E-03   8.89004612E-03
    379020   2.64503500E+01   1.89526637E-03   8.89029903E-03
    379040   2.64513500E+01   1.90011370E-03   8.89049505E-03
    379060   2.64523500E+01   1.89905996E-03   8.89043410E-03
    379080   2.64533500E+01   1.89309226E-03   8.89012934E-03
    379100   2.64543500E+01   1.88829147E-03   8.88983080E-03
    379120   2.64553500E+01   1.88935251E-03   8.88988755E-03
    379140   2.64563500E+01   1.89470330E-03   8.89037048E-03
    379160   2.64573500E+01   1.89843199E-03   8.89084891E-03
    379180   2.64583500E+01   1.89675103E-03   8.89077811E-03
    379200   2.64593500E+01   1.89196422E-03   8.89017779E-03
    379220   2.64603500E+01   1.88979117E-03   8.88970329E-03
    379240   2.64613500E+01   1.89304334E-03   8.88988602E-03
    379260   2.64623500E+01   1.89848755E-03   8.89047130E-03
    379280   2.64633500E+01   1.90029638E-03   8.89073950E-03
    379300   2.64643500E+01   1.89634780E-03   8.89040504E-03
    379320   2.64653500E+01   1.89051807E-03   8.88992553E-03
    379340   2.64663500E+01   1.88852221E-03   8.88987655E-03
    379360   2.64673500E+01   1.89187986E-03   8.89026951E-03
    379380   2.64683500E+01   1.89646879E-03   8.89064084E-03
    379400   2.64693500E+01   1.89706245E-03   8.89064565E-03
    379420   2.64703500E+01   1.89291166E-03   8.89036184E-03
    379440   2.64713500E+01   1.88845271E-03   8.89009317E-03
    379460   2.64723500E+01   1.88844742E-03   8.89007070E-03
    379480   2.64733500E+01   1.89279672E-03   8.89032303E-03
    379500   2.64743500E+01   1.89663695E-03   8.89066372E-03
    379520   2.64753500E+01   1.89560535E-03   8.89079193E-03
    379540   2.64763500E+01   1.89053703E-03   8.89056381E-03
    379560   2.64773500E+01   1.88654712E-03   8.89021368E-03
    379580   2.64783500E+01   1.88758846E-03   8.89015813E-03
    379600   2.64793500E+01   1.89234660E-03   8.89048496E-03
    379620   2.64803500E+01   1.89575634E-03   8.89076960E-03
    379640   2.64813500E+01   1.89441816E-03   8.89056511E-03
    379660   2.64823500E+01   1.89012526E-03   8.89000177E-03
    379680   2.64833500E+01   1.88778911E-03   8.88968098E-03
    379700   2.64843500E+01   1.89006674E-03   8.88994522E-03
    379720   2.64853500E+01   1.89451762E-03   8.89046420E-03
    379740   2.64863500E+01   1.89631111E-03   8.89066729E-03
    379760   2.64873500E+01   1.89346671E-03   8.89042866E-03
    379780   2.64883500E+01   1.88897507E-03   8.89013583E-03
    379800   2.64893500E+01   1.88761889E-03   8.89015288E-03
    379820   2.64903500E+01   1.89095044E-03   8.89042224E-03
    379840   2.64913500E+01   1.89573750E-03   8.89061388E-03
    379860   2.64923500E+01   1.89746272E-03   8.89049966E-03
    379880   2.64933500E+01   1.89509556E-03   8.89012132E-03
    379900   2.64943500E+01   1.89201940E-03   8.88971864E-03
    379920   2.64953500E+01   1.89217898E-03   8.88956897E-03
    379940   2.64963500E+01   1.89570445E-03   8.88979073E-03
    379960   2.64973500E+01   1.89877423E-03   8.89019921E-03
    379980   2.64983500E+01   1.89780631E-03   8.89042674E-03
    380000   2.64993500E+01   1.89340447E-03   8.89030791E-03
    380020   2.65003500E+01   1.88982094E-03   8.89010951E-03
    380040   2.65013500E+01   1.89052182E-03   8.89023355E-03
    380060   2.65023500E+01   1.89458783E-03   8.89068223E-03
    380080   2.65033500E+01   1.89778391E-03   8.89098825E-03
    380100   2.65043500E+01   1.89711606E-03   8.89077249E-03
    380120   2.65053500E+01   1.89393717E-03   8.89023264E-03
    380140   2.65063500E+01   1.89228334E-03   8.88991423E-03
    380160   2.65073500E+01   1.89433548E-03   8.89006527E-03
    380180   2.65083500E+01   1.89796723E-03   8.89040597E-03
    380200   2.65093500E+01   1.89899805E-03   8.89054501E-03
    380220   2.65103500E+01   1.89569530E-03   8.89044132E-03
    380240   2.65113500E+01   1.89070833E-03   8.89036588E-03
    380260   2.65123500E+01   1.88837785E-03   8.89053122E-03
    380280   2.65133500E+01   1.89027983E-03   8.89088298E-03
    380300   2.65143500E+01   1.89373880E-03   8.89119915E-03
    380320   2.65153500E+01   1.89484603E-03   8.89127925E-03
    380340   2.65163500E+01   1.89266278E-03   8.89106470E-03
    380360   2.65173500E+01   1.89007085E-03   8.89069500E-03
    380380   2.65183500E+01   1.89044713E-03   8.89045109E-03
    380400   2.65193500E+01   1.89385097E-03   8.89051895E-03
    380420   2.65203500E+01   1.89685616E-03   8.89076191E-03
    380440   2.65213500E+01   1.89618495E-03   8.89083583E-03
    380460   2.65223500E+01   1.89222528E-03   8.89060882E-03
    380480   2.65233500E+01   1.88865699E-03   8.89036882E-03
    380500   2.65243500E+01   1.88860500E-03   8.89048565E-03
    380520   2.65253500E+01   1.89146860E-03   8.89092030E-03
    380540   2.65263500E+01   1.89379274E-03   8.89123600E-03
    380560   2.65273500E+01   1.89312709E-03   8.89111980E-03
    380580   2.65283500E+01   1.89064014E-03   8.89073955E-03
    380600   2.65293500E+01   1.88972287E-03   8.89049684E-03
    380620   2.65303500E+01   1.89218466E-03   8.89054209E-03
    380640   2.65313500E+01   1.89617513E-03   8.89066782E-03
    380660   2.65323500E+01   1.89805939E-03   8.89062948E-03
    380680   2.65333500E+01   1.89623269E-03   8.89042426E-03
    380700   2.65343500E+01   1.89279139E-03   8.89023397E-03
    380720   2.65353500E+01   1.89128983E-03   8.89020752E-03
    380740   2.65363500E+01   1.89302193E-03   8.89035244E-03
    380760   2.65373500E+01   1.89580932E-03   8.89055819E-03
    380780   2.65383500E+01   1.89651184E-03   8.89066068E-03
    380800   2.65393500E+01   1.89447264E-03   8.89055133E-03
    380820   2.65403500E+01   1.89218880E-03   8.89030961E-03
    380840   2.65413500E+01   1.89254244E-03   8.89018208E-03
    380860   2.65423500E+01   1.89561367E-03   8.89032234E-03
    380880   2.65433500E+01   1.89851779E-03   8.89056637E-03
    380900   2.65443500E+01   1.89844148E-03   8.89059046E-03
    380920   2.65453500E+01   1.89560264E-03   8.89032263E-03
    380940   2.65463500E+01   1.89296193E-03   8.89007039E-03
    380960   2.65473500E+01   1.89304974E-03   8.89014877E-03
    380980   2.65483500E+01   1.89535301E-03   8.89047344E-03
    381000   2.65493500E+01   1.89701341E-03   8.89065944E-03
    381020   2.65503500E+01   1.89598564E-03   8.89049663E-03
    381040   2.65513500E+01   1.89322524E-03   8.89018552E-03
    381060   2.65523500E+01   1.89159933E-03   8.89006699E-03
    381080   2.65533500E+01   1.89274728E-03   8.89023353E-03
    381100   2.65543500E+01   1.89528922E-03   8.89048510E-03
    381120   2.65553500E+01   1.89630078E-03   8.89059545E-03
    381140   2.65563500E+01   1.89444757E-03   8.89052282E-03
    381160   2.65573500E+01   1.89140458E-03   8.89038514E-03
    381180   2.65583500E+01   1.89006278E-03   8.89032488E-03
    381200   2.65593500E+01   1.89147840E-03   8.89040581E-03
    381220   2.65603500E+01   1.89382848E-03   8.89055803E-03
    381240   2.65613500E+01   1.89444636E-03   8.89059891E-03
    381260   2.65623500E+01   1.89270758E-03   8.89039117E-03
    381280   2.65633500E+01   1.89065071E-03   8.89003119E-03
    381300   2.65643500E+01   1.89068695E-03   8.88980749E-03
    381320   2.65653500E+01   1.89291197E-03   8.88989349E-03
    381340   2.65663500E+01   1.89495281E-03   8.89013005E-03
    381360   2.65673500E+01   1.89451106E-03   8.89021007E-03
    381380   2.65683500E+01   1.89184676E-03   8.89005843E-03
    381400   2.65693500E+01   1.88954335E-03   8.88991241E-03
    381420   2.65703500E+01   1.88982999E-03   8.88999366E-03
    381440   2.65713500E+01   1.89231692E-03   8.89020902E-03
    381460   2.65723500E+01   1.89451326E-03   8.89026728E-03
    381480   2.65733500E+01   1.89452129E-03   8.89003751E-03
    381500   2.65743500E+01   1.89300642E-03   8.88968423E-03
    381520   2.65753500E+01   1.89235491E-03   8.88945052E-03
    381540   2.65763500E+01   1.89397343E-03   8.88940458E-03
    381560   2.65773500E+01   1.89667456E-03   8.88943650E-03
    381580   2.65783500E+01   1.89789048E-03   8.88942971E-03
    381600   2.65793500E+01   1.89639639E-03   8.88937099E-03
    381620   2.65803500E+01   1.89362487E-03   8.88932908E-03
    381640   2.65813500E+01   1.89218959E-03   8.88938683E-03
    381660   2.65823500E+01   1.89321568E-03   8.88957350E-03
    381680   2.65833500E+01   1.89531150E-03   8.88980251E-03
    381700   2.65843500E+01   1.89621893E-03   8.88989127E-03
    381720   2.65853500E+01   1.89529656E-03   8.88972284E-03
    381740   2.65863500E+01   1.89413439E-03   8.88940573E-03
    381760   2.65873500E+01   1.89467944E-03   8.88919849E-03
    381780   2.65883500E+01   1.89696844E-03   8.88922956E-03
    381800   2.65893500E+01   1.89895651E-03   8.88934999E-03
    381820   2.65903500E+01   1.89862672E-03   8.88933142E-03
    381840   2.65913500E+01   1.89610731E-03   8.88917035E-03
    381860   2.65923500E+01   1.89354065E-03   8.88910085E-03
    381880   2.65933500E+01   1.89286950E-03   8.88929581E-03
    381900   2.65943500E+01   1.89391620E-03   8.88964405E-03
    381920   2.65953500E+01   1.89477587E-03   8.88987658E-03
    381940   2.65963500E+01   1.89402918E-03   8.88985957E-03
    381960   2.65973500E+01   1.89233494E-03   8.88969534E-03
    381980   2.65983500E+01   1.89168162E-03   8.88956162E-03
    382000   2.65993500E+01   1.89314075E-03   8.88952794E-03
    382020   2.66003500E+01   1.89557835E-03   8.88953761E-03
    382040   2.66013500E+01   1.89673123E-03   8.88950475E-03
    382060   2.66023500E+01   1.89551121E-03   8.88939711E-03
    382080   2.66033500E+01   1.89309092E-03   8.88926505E-03
    382100   2.66043500E+01   1.89163452E-03   8.88922001E-03
    382120   2.66053500E+01   1.89205365E-03   8.88934486E-03
    382140   2.66063500E+01   1.89318681E-03   8.88958290E-03
    382160   2.66073500E+01   1.89323031E-03   8.88974737E-03
    382180   2.66083500E+01   1.89181170E-03   8.88970118E-03
    382200   2.66093500E+01   1.89044031E-03   8.88951871E-03
    382220   2.66103500E+01   1.89086557E-03   8.88940712E-03
    382240   2.66113500E+01   1.89313681E-03   8.88945521E-03
    382260   2.66123500E+01   1.89545864E-03   8.88952487E-03
    382280   2.66133500E+01   1.89599672E-03   8.88943431E-03
    382300   2.66143500E+01   1.89471246E-03   8.88919991E-03
    382320   2.66153500E+01   1.89330005E-03   8.88902455E-03
    382340   2.66163500E+01   1.89334220E-03   8.88905443E-03
    382360   2.66173500E+01   1.89468098E-03   8.88921741E-03
    382380   2.66183500E+01   1.89571548E-03   8.88932567E-03
    382400   2.66193500E+01   1.89524035E-03   8.88928632E-03
    382420   2.66203500E+01   1.89380719E-03   8.88916986E-03
    382440   2.66213500E+01   1.89314637E-03   8.88910287E-03
    382460   2.66223500E+01   1.89429039E-03   8.88914149E-03
    382480   2.66233500E+01   1.89642786E-03   8.88924084E-03
    382500   2.66243500E+01   1.89772206E-03   8.88930666E-03
    382520   2.66253500E+01   1.89721380E-03   8.88927475E-03
    382540   2.66263500E+01   1.89577241E-03   8.88917423E-03
    382560   2.66273500E+01   1.89510171E-03   8.88911810E-03
    382580   2.66283500E+01   1.89590495E-03   8.88919515E-03
    382600   2.66293500E+01   1.89718672E-03   8.88935651E-03
    382620   2.66303500E+01   1.89740536E-03   8.88944565E-03
    382640   2.66313500E+01   1.89619117E-03   8.88937236E-03
    382660   2.66323500E+01   1.89476503E-03   8.88923016E-03
    382680   2.66333500E+01   1.89461699E-03   8.88919598E-03
    382700   2.66343500E+01   1.89587970E-03   8.88932218E-03
    382720   2.66353500E+01   1.89715227E-03   8.88948104E-03
    382740   2.66363500E+01   1.89696544E-03   8.88953132E-03
    382760   2.66373500E+01   1.89531978E-03   8.88949097E-03
    382780   2.66383500E+01   1.89366526E-03   8.88950100E-03
    382800   2.66393500E+01   1.89337025E-03   8.88964118E-03
    382820   2.66403500E+01   1.89432739E-03   8.88983293E-03
    382840   2.66413500E+01   1.89516145E-03   8.88993080E-03
    382860   2.66423500E+01   1.89477130E-03   8.88987272E-03
    382880   2.66433500E+01   1.89352384E-03   8.88972490E-03
    382900   2.66443500E+01   1.89282036E-03   8.88960604E-03
    382920   2.66453500E+01   1.89352382E-03   8.88958730E-03
    382940   2.66463500E+01   1.89496424E-03   8.88964746E-03
    382960   2.66473500E+01   1.89560643E-03   8.88970259E-03
    382980   2.66483500E+01   1.89466244E-03   8.88968968E-03
    383000   2.66493500E+01   1.89291821E-03   8.88964076E-03
    383020   2.66503500E+01   1.89190456E-03   8.88966307E-03
    383040   2.66513500E+01   1.89232269E-03   8.88981744E-03
    383060   2.66523500E+01   1.89340745E-03   8.89002010E-03
    383080   2.66533500E+01   1.89387124E-03   8.89010183E-03
    383100   2.66543500E+01   1.89336405E-03   8.88998163E-03
    383120   2.66553500E+01   1.89285085E-03   8.88975593E-03
    383140   2.66563500E+01   1.89350572E-03   8.88959125E-03
    383160   2.66573500E+01   1.89534014E-03   8.88954729E-03
    383180   2.66583500E+01   1.89706908E-03   8.88954021E-03
    383200   2.66593500E+01   1.89737712E-03   8.88947486E-03
    383220   2.66603500E+01   1.89624212E-03   8.88937079E-03
    383240   2.66613500E+01   1.89492163E-03   8.88933591E-03
    383260   2.66623500E+01   1.89464018E-03   8.88943825E-03
    383280   2.66633500E+01   1.89538562E-03   8.88963091E-03
    383300   2.66643500E+01   1.89607368E-03   8.88979703E-03
    383320   2.66653500E+01   1.89585258E-03   8.88984843E-03
    383340   2.66663500E+01   1.89510074E-03   8.88978352E-03
    383360   2.66673500E+01   1.89502686E-03   8.88967077E-03
    383380   2.66683500E+01   1.89631240E-03   8.88958272E-03
    383400   2.66693500E+01   1.89827596E-03   8.88953393E-03
    383420   2.66703500E+01   1.89947343E-03   8.88947861E-03
    383440   2.66713500E+01   1.89910621E-03   8.88937942E-03
    383460   2.66723500E+01   1.89775756E-03   8.88927831E-03
    383480   2.66733500E+01   1.89670929E-03   8.88927593E-03
    383500   2.66743500E+01   1.89660209E-03   8.88942262E-03
    383520   2.66753500E+01   1.89687093E-03   8.88964432E-03
    383540   2.66763500E+01   1.89651763E-03   8.88980445E-03
    383560   2.66773500E+01   1.89533296E-03   8.88984004E-03
    383580   2.66783500E+01   1.89421698E-03   8.88981229E-03
    383600   2.66793500E+01   1.89424716E-03   8.88981422E-03
    383620   2.66803500E+01   1.89550391E-03   8.88985365E-03
    383640   2.66813500E+01   1.89691844E-03   8.88985193E-03
    383660   2.66823500E+01   1.89730772E-03   8.88975002E-03
    383680   2.66833500E+01   1.89650375E-03   8.88958930E-03
    383700   2.66843500E+01   1.89540638E-03   8.88947899E-03
    383720   2.66853500E+01   1.89495061E-03   8.88949453E-03
    383740   2.66863500E+01   1.89512572E-03   8.88961282E-03
    383760   2.66873500E+01   1.89509033E-03   8.88973760E-03
    383780   2.66883500E+01   1.89421749E-03   8.88978363E-03
    383800   2.66893500E+01   1.89289742E-03   8.88974527E-03
    383820   2.66903500E+01   1.89220575E-03   8.88969130E-03
    383840   2.66913500E+01   1.89278776E-03   8.88968801E-03
    383860   2.66923500E+01   1.89415987E-03   8.88972215E-03
    383880   2.66933500E+01   1.89517990E-03   8.88970904E-03
    383900   2.66943500E+01   1.89518631E-03   8.88958826E-03
    383920   2.66953500E+01   1.89460112E-03   8.88940385E-03
    383940   2.66963500E+01   1.89438111E-03   8.88926958E-03
    383960   2.66973500E+01   1.89493880E-03   8.88925000E-03
    383980   2.66983500E+01   1.89570641E-03   8.88929357E-03
    384000   2.66993500E+01   1.89579887E-03   8.88929608E-03
    384020   2.67003500E+01   1.89503713E-03   8.88921675E-03
    384040   2.67013500E+01   1.89421032E-03   8.88911226E-03
    384060   2.67023500E+01   1.89428307E-03   8.88905957E-03
    384080   2.67033500E+01   1.89538938E-03   8.88906785E-03
    384100   2.67043500E+01   1.89668277E-03   8.88907696E-03
    384120   2.67053500E+01   1.89719974E-03   8.88903066E-03
    384140   2.67063500E+01   1.89682046E-03   8.88893693E-03
    384160   2.67073500E+01   1.89632119E-03   8.88885739E-03
    384180   2.67083500E+01   1.89649241E-03   8.88884481E-03
    384200   2.67093500E+01   1.89728684E-03   8.88889032E-03
    384220   2.67103500E+01   1.89790516E-03   8.88892792E-03
    384240   2.67113500E+01   1.89770235E-03   8.88889439E-03
    384260   2.67123500E+01   1.89691772E-03   8.88879243E-03
    384280   2.67133500E+01   1.89643573E-03   8.88869215E-03
    384300   2.67143500E+01   1.89683717E-03   8.88866118E-03
    384320   2.67153500E+01   1.89776346E-03   8.88869383E-03
    384340   2.67163500E+01   1.89827611E-03   8.88872170E-03
    384360   2.67173500E+01   1.89782509E-03   8.88869870E-03
    384380   2.67183500E+01   1.89679509E-03   8.88866068E-03
    384400   2.67193500E+01   1.89606506E-03   8.88868496E-03
    384420   2.67203500E+01   1.89607596E-03   8.88879548E-03
    384440   2.67213500E+01   1.89641157E-03   8.88892651E-03
    384460   2.67223500E+01   1.89632200E-03   8.88898637E-03
    384480   2.67233500E+01   1.89559665E-03   8.88894528E-03
    384500   2.67243500E+01   1.89482658E-03   8.88885195E-03
    384520   2.67253500E+01   1.89476936E-03   8.88877293E-03
    384540   2.67263500E+01   1.89550512E-03   8.88872974E-03
    384560   2.67273500E+01   1.89629937E-03   8.88869504E-03
    384580   2.67283500E+01   1.89632665E-03   8.88863910E-03
    384600   2.67293500E+01   1.89548787E-03   8.88857304E-03
    384620   2.67303500E+01   1.89446488E-03   8.88854719E-03
    384640   2.67313500E+01   1.89398043E-03   8.88860518E-03
    384660   2.67323500E+01   1.89407382E-03   8.88873383E-03
    384680   2.67333500E+01   1.89415887E-03   8.88885921E-03
    384700   2.67343500E+01   1.89376853E-03   8.88890278E-03
    384720   2.67353500E+01   1.89314850E-03   8.88884860E-03
    384740   2.67363500E+01   1.89303829E-03   8.88874984E-03
    384760   2.67373500E+01   1.89386951E-03   8.88866396E-03
    384780   2.67383500E+01   1.89524820E-03   8.88859000E-03
    384800   2.67393500E+01   1.89628589E-03   8.88848384E-03
    384820   2.67403500E+01   1.89643712E-03   8.88833278E-03
    384840   2.67413500E+01   1.89596951E-03   8.88819533E-03
    384860   2.67423500E+01   1.89559706E-03   8.88815297E-03
    384880   2.67433500E+01   1.89570021E-03   8.88822783E-03
    384900   2.67443500E+01   1.89597588E-03   8.88835955E-03
    384920   2.67453500E+01   1.89587189E-03   8.88846268E-03
    384940   2.67463500E+01   1.89530301E-03   8.88849793E-03
    384960   2.67473500E+01   1.89484643E-03   8.88848686E-03
    384980   2.67483500E+01   1.89518566E-03   8.88846890E-03
    385000   2.67493500E+01   1.89638946E-03   8.88845346E-03
    385020   2.67503500E+01   1.89779453E-03   8.88841279E-03
    385040   2.67513500E+01   1.89861941E-03   8.88831757E-03
    385060   2.67523500E+01   1.89866683E-03   8.88818066E-03
    385080   2.67533500E+01   1.89839566E-03   8.88806603E-03
    385100   2.67543500E+01   1.89832819E-03   8.88804577E-03
    385120   2.67553500E+01   1.89846083E-03   8.88813784E-03
    385140   2.67563500E+01   1.89831658E-03   8.88828683E-03
    385160   2.67573500E+01   1.89756198E-03   8.88841440E-03
    385180   2.67583500E+01   1.89649256E-03   8.88849014E-03
    385200   2.67593500E+01   1.89583365E-03   8.88854514E-03
    385220   2.67603500E+01   1.89604755E-03   8.88861528E-03
    385240   2.67613500E+01   1.89687423E-03   8.88868567E-03
    385260   2.67623500E+01   1.89758818E-03   8.88870519E-03
    385280   2.67633500E+01   1.89769762E-03   8.88865166E-03
    385300   2.67643500E+01   1.89735655E-03   8.88856645E-03
    385320   2.67653500E+01   1.89708338E-03   8.88851767E-03
    385340   2.67663500E+01   1.89712417E-03   8.88853731E-03
    385360   2.67673500E+01   1.89716470E-03   8.88860189E-03
    385380   2.67683500E+01   1.89669994E-03   8.88866876E-03
    385400   2.67693500E+01   1.89564933E-03   8.88872014E-03
    385420   2.67703500E+01   1.89453865E-03   8.88877040E-03
    385440   2.67713500E+01   1.89403543E-03   8.88883776E-03
    385460   2.67723500E+01   1.89431767E-03   8.88891472E-03
    385480   2.67733500E+01   1.89493240E-03   8.88896613E-03
    385500   2.67743500E+01   1.89527913E-03   8.88895834E-03
    385520   2.67753500E+01   1.89519817E-03   8.88889477E-03
    385540   2.67763500E+01   1.89505183E-03   8.88882195E-03
    385560   2.67773500E+01   1.89524472E-03   8.88879166E-03
    385580   2.67783500E+01   1.89572901E-03   8.88881108E-03
    385600   2.67793500E+01   1.89603926E-03   8.88883547E-03
    385620   2.67803500E+01   1.89581381E-03   8.88881757E-03
    385640   2.67813500E+01   1.89522722E-03   8.88876132E-03
    385660   2.67823500E+01   1.89485559E-03   8.88871667E-03
    385680   2.67833500E+01   1.89510911E-03   8.88872007E-03
    385700   2.67843500E+01   1.89583081E-03   8.88875142E-03
    385720   2.67853500E+01   1.89648015E-03   8.88875812E-03
    385740   2.67863500E+01   1.89669592E-03   8.88871644E-03
    385760   2.67873500E+01   1.89663719E-03   8.88865788E-03
    385780   2.67883500E+01   1.89675298E-03   8.88863392E-03
    385800   2.67893500E+01   1.89725133E-03   8.88866243E-03
    385820   2.67903500E+01   1.89785437E-03   8.88871266E-03
    385840   2.67913500E+01   1.89810462E-03   8.88873714E-03
    385860   2.67923500E+01   1.89788337E-03   8.88871357E-03
    385880   2.67933500E+01   1.89757042E-03   8.88865900E-03
    385900   2.67943500E+01   1.89766257E-03   8.88860943E-03
    385920   2.67953500E+01   1.89825347E-03   8.88858619E-03
    385940   2.67963500E+01   1.89892835E-03   8.88857922E-03
    385960   2.67973500E+01   1.89918364E-03   8.88856371E-03
    385980   2.67983500E+01   1.89892386E-03   8.88853518E-03
    386000   2.67993500E+01   1.89851476E-03   8.88852475E-03
    386020   2.68003500E+01   1.89835554E-03   8.88857137E-03
    386040   2.68013500E+01   1.89844642E-03   8.88867654E-03
    386060   2.68023500E+01   1.89841979E-03   8.88879361E-03
    386080   2.68033500E+01   1.89799087E-03   8.88886831E-03
    386100   2.68043500E+01   1.89732677E-03   8.88888641E-03
    386120   2.68053500E+01   1.89692150E-03   8.88887525E-03
    386140   2.68063500E+01   1.89709906E-03   8.88886140E-03
    386160   2.68073500E+01   1.89766809E-03   8.88883909E-03
    386180   2.68083500E+01   1.89809300E-03   8.88878640E-03
    386200   2.68093500E+01   1.89800094E-03   8.88870539E-03
    386220   2.68103500E+01   1.89749871E-03   8.88863501E-03
    386240   2.68113500E+01   1.89698888E-03   8.88862128E-03
    386260   2.68123500E+01   1.89671015E-03   8.88867787E-03
    386280   2.68133500E+01   1.89650677E-03   8.88877605E-03
    386300   2.68143500E+01   1.89606564E-03   8.88886897E-03
    386320   2.68153500E+01   1.89534460E-03   8.88892462E-03
    386340   2.68163500E+01   1.89470918E-03   8.88894013E-03
    386360   2.68173500E+01   1.89461322E-03   8.88892930E-03
    386380   2.68183500E+01   1.89515341E-03   8.88889745E-03
    386400   2.68193500E+01   1.89596522E-03   8.88882976E-03
    386420   2.68203500E+01   1.89656520E-03   8.88870891E-03
    386440   2.68213500E+01   1.89677694E-03   8.88854692E-03
    386460   2.68223500E+01   1.89680552E-03   8.88839409E-03
    386480   2.68233500E+01   1.89691522E-03   8.88830648E-03
    386500   2.68243500E+01   1.89708912E-03   8.88830050E-03
    386520   2.68253500E+01   1.89705236E-03   8.88834270E-03
    386540   2.68263500E+01   1.89662888E-03   8.88838610E-03
    386560   2.68273500E+01   1.89602848E-03   8.88841152E-03
    386580   2.68283500E+01   1.89573018E-03   8.88842859E-03
    386600   2.68293500E+01   1.89606160E-03   8.88844206E-03
    386620   2.68303500E+01   1.89690354E-03   8.88842976E-03
    386640   2.68313500E+01   1.89781964E-03   8.88836065E-03
    386660   2.68323500E+01   1.89846698E-03   8.88823115E-03
    386680   2.68333500E+01   1.89885922E-03   8.88807739E-03
    386700   2.68343500E+01   1.89922768E-03   8.88795062E-03
    386720   2.68353500E+01   1.89966324E-03   8.88788151E-03
    386740   2.68363500E+01   1.89995057E-03   8.88786585E-03
    386760   2.68373500E+01   1.89978580E-03   8.88787956E-03
    386780   2.68383500E+01   1.89914268E-03   8.88790487E-03
    386800   2.68393500E+01   1.89838230E-03   8.88794293E-03
    386820   2.68403500E+01   1.89796957E-03   8.88800206E-03
    386840   2.68413500E+01   1.89807699E-03   8.88807440E-03
    386860   2.68423500E+01   1.89847461E-03   8.88812762E-03
    386880   2.68433500E+01   1.89880223E-03   8.88812653E-03
    386900   2.68443500E+01   1.89892346E-03   8.88806685E-03
    386920   2.68453500E+01   1.89899219E-03   8.88798469E-03
    386940   2.68463500E+01   1.89918625E-03   8.88792696E-03
    386960   2.68473500E+01   1.89942445E-03   8.88791174E-03
    386980   2.68483500E+01   1.89939418E-03   8.88792013E-03
    387000   2.68493500E+01   1.89887106E-03   8.88792631E-03
    387020   2.68503500E+01   1.89798798E-03   8.88792888E-03
    387040   2.68513500E+01   1.89715708E-03   8.88794791E-03
    387060   2.68523500E+01   1.89671427E-03   8.88799479E-03
    387080   2.68533500E+01   1.89664729E-03   8.88805237E-03
    387100   2.68543500E+01   1.89667612E-03   8.88808782E-03
    387120   2.68553500E+01   1.89658161E-03   8.88808232E-03
    387140   2.68563500E+01   1.89642446E-03   8.88804597E-03
    387160   2.68573500E+01   1.89642959E-03   8.88800548E-03
    387180   2.68583500E+01   1.89668022E-03   8.88797956E-03
    387200   2.68593500E+01   1.89697160E-03   8.88796526E-03
    387220   2.68603500E+01   1.89699571E-03   8.88794555E-03
    387240   2.68613500E+01   1.89666391E-03   8.88790914E-03
    387260   2.68623500E+01   1.89621929E-03   8.88786286E-03
    387280   2.68633500E+01   1.89601232E-03   8.88782400E-03
    387300   2.68643500E+01   1.89617105E-03   8.88779998E-03
    387320   2.68653500E+01   1.89650673E-03   8.88777822E-03
    387340   2.68663500E+01   1.89674142E-03   8.88774002E-03
    387360   2.68673500E+01   1.89680433E-03   8.88768467E-03
    387380   2.68683500E+01   1.89688059E-03   8.88763502E-03
    387400   2.68693500E+01   1.89717249E-03   8.88761530E-03
    387420   2.68703500E+01   1.89764520E-03   8.88762496E-03
    387440   2.68713500E+01   1.89804064E-03   8.88763865E-03
    387460   2.68723500E+01   1.89814797E-03   8.88763230E-03
    387480   2.68733500E+01   1.89803874E-03   8.88760511E-03
    387500   2.68743500E+01   1.89801077E-03   8.88757365E-03
    387520   2.68753500E+01   1.89829527E-03   8.88754787E-03
    387540   2.68763500E+01   1.89883143E-03   8.88751836E-03
    387560   2.68773500E+01   1.89933764E-03   8.88746907E-03
    387580   2.68783500E+01   1.89959361E-03   8.88740044E-03
    387600   2.68793500E+01   1.89963240E-03   8.88733761E-03
    387620   2.68803500E+01   1.89965038E-03   8.88731465E-03
    387640   2.68813500E+01   1.89975252E-03   8.88734876E-03
    387660   2.68823500E+01   1.89982265E-03   8.88742689E-03
    387680   2.68833500E+01   1.89966309E-03   8.88751629E-03
    387700   2.68843500E+01   1.89924747E-03   8.88758934E-03
    387720   2.68853500E+01   1.89880312E-03   8.88764022E-03
    387740   2.68863500E+01   1.89862164E-03   8.88767839E-03
    387760   2.68873500E+01   1.89878875E-03   8.88770749E-03
    387780   2.68883500E+01   1.89911214E-03   8.88771454E-03
    387800   2.68893500E+01   1.89931620E-03   8.88768397E-03
    387820   2.68903500E+01   1.89929325E-03   8.88762168E-03
    387840   2.68913500E+01   1.89915112E-03   8.88756095E-03
    387860   2.68923500E+01   1.89902553E-03   8.88754066E-03
    387880   2.68933500E+01   1.89888098E-03   8.88757679E-03
    387900   2.68943500E+01   1.89853116E-03   8.88765534E-03
    387920   2.68953500E+01   1.89786433E-03   8.88775019E-03
    387940   2.68963500E+01   1.89702763E-03   8.88784379E-03
    387960   2.68973500E+01   1.89635940E-03   8.88792993E-03
    387980   2.68983500E+01   1.89612149E-03   8.88800103E-03
    388000   2.68993500E+01   1.89629499E-03   8.88803950E-03
    388020   2.69003500E+01   1.89663676E-03   8.88802574E-03
    388040   2.69013500E+01   1.89692444E-03   8.88795587E-03
    388060   2.69023500E+01   1.89713043E-03   8.88785100E-03
    388080   2.69033500E+01   1.89735713E-03   8.88774763E-03
    388100   2.69043500E+01   1.89762997E-03   8.88767618E-03
    388120   2.69053500E+01   1.89779583E-03   8.88764575E-03
    388140   2.69063500E+01   1.89765273E-03   8.88764750E-03
    388160   2.69073500E+01   1.89717806E-03   8.88767061E-03
    388180   2.69083500E+01   1.89660767E-03   8.88771250E-03
    388200   2.69093500E+01   1.89627014E-03   8.88777188E-03
    388220   2.69103500E+01   1.89633470E-03   8.88783413E-03
    388240   2.69113500E+01   1.89671725E-03   8.88786976E-03
    388260   2.69123500E+01   1.89721913E-03   8.88785257E-03
    388280   2.69133500E+01   1.89773347E-03   8.88778129E-03
    388300   2.69143500E+01   1.89829873E-03   8.88768183E-03
    388320   2.69153500E+01   1.89895958E-03   8.88758744E-03
    388340   2.69163500E+01   1.89961118E-03   8.88751691E-03
    388360   2.69173500E+01   1.90002015E-03   8.88747092E-03
    388380   2.69183500E+01   1.90001888E-03   8.88744560E-03
    388400   2.69193500E+01   1.89967479E-03   8.88744473E-03
    388420   2.69203500E+01   1.89925343E-03   8.88747643E-03
    388440   2.69213500E+01   1.89900603E-03   8.88753928E-03
    388460   2.69223500E+01   1.89899113E-03   8.88761414E-03
    388480   2.69233500E+01   1.89909727E-03   8.88767231E-03
    388500   2.69243500E+01   1.89921831E-03   8.88769412E-03
    388520   2.69253500E+01   1.89937763E-03   8.88768167E-03
    388540   2.69263500E+01   1.89966663E-03   8.88765424E-03
    388560   2.69273500E+01   1.90007590E-03   8.88763106E-03
    388580   2.69283500E+01   1.90042172E-03   8.88761772E-03
    388600   2.69293500E+01   1.90046900E-03   8.88760882E-03
    388620   2.69303500E+01   1.90013657E-03   8.88760210E-03
    388640   2.69313500E+01   1.89957415E-03   8.88760657E-03
    388660   2.69323500E+01   1.89902962E-03   8.88763421E-03
    388680   2.69333500E+01   1.89864092E-03   8.88768432E-03
    388700   2.69343500E+01   1.89836028E-03   8.88773912E-03
    388720   2.69353500E+01   1.89807264E-03   8.88777720E-03
    388740   2.69363500E+01   1.89776438E-03   8.88779125E-03
    388760   2.69373500E+01   1.89755264E-03   8.88779144E-03
    388780   2.69383500E+01   1.89754547E-03   8.88779214E-03
    388800   2.69393500E+01   1.89769162E-03   8.88779676E-03
    388820   2.69403500E+01   1.89779318E-03   8.88779637E-03
    388840   2.69413500E+01   1.89767905E-03   8.88778159E-03
    388860   2.69423500E+01   1.89736326E-03   8.88775385E-03
    388880   2.69433500E+01   1.89702575E-03   8.88772393E-03
    388900   2.69443500E+01   1.89683855E-03   8.88769988E-03
    388920   2.69453500E+01   1.89681788E-03   8.88767745E-03
    388940   2.69463500E+01   1.89684758E-03   8.88764351E-03
    388960   2.69473500E+01   1.89683323E-03   8.88759001E-03
    388980   2.69483500E+01   1.89681133E-03   8.88752464E-03
    389000   2.69493500E+01   1.89689646E-03   8.88746664E-03
    389020   2.69503500E+01   1.89713159E-03   8.88743094E-03
    389040   2.69513500E+01   1.89741379E-03   8.88741601E-03
    389060   2.69523500E+01   1.89758451E-03   8.88740712E-03
    389080   2.69533500E+01   1.89759259E-03   8.88739057E-03
    389100   2.69543500E+01   1.89755633E-03   8.88736340E-03
    389120   2.69553500E+01   1.89765564E-03   8.88732919E-03
    389140   2.69563500E+01   1.89796391E-03   8.88728715E-03
    389160   2.69573500E+01   1.89839014E-03   8.88722899E-03
    389180   2.69583500E+01   1.89878318E-03   8.88714794E-03
    389200   2.69593500E+01   1.89907932E-03   8.88704996E-03
    389220   2.69603500E+01   1.89933592E-03   8.88695452E-03
    389240   2.69613500E+01   1.89962316E-03   8.88688334E-03
    389260   2.69623500E+01   1.89990269E-03   8.88684758E-03
    389280   2.69633500E+01   1.90003588E-03   8.88684452E-03
    389300   2.69643500E+01   1.89992164E-03   8.88686449E-03
    389320   2.69653500E+01   1.89962001E-03   8.88689924E-03
    389340   2.69663500E+01   1.89932718E-03   8.88694311E-03
    389360   2.69673500E+01   1.89922060E-03   8.88698697E-03
    389380   2.69683500E+01   1.89932595E-03   8.88701395E-03
    389400   2.69693500E+01   1.89953093E-03   8.88700543E-03
    389420   2.69703500E+01   1.89971588E-03   8.88695462E-03
    389440   2.69713500E+01   1.89985487E-03   8.88687524E-03
    389460   2.69723500E+01   1.89998535E-03   8.88679509E-03
    389480   2.69733500E+01   1.90009552E-03   8.88673887E-03
    389500   2.69743500E+01   1.90007073E-03   8.88671565E-03
    389520   2.69753500E+01   1.89977417E-03   8.88672149E-03
    389540   2.69763500E+01   1.89918643E-03   8.88675114E-03
    389560   2.69773500E+01   1.89845755E-03   8.88680370E-03
    389580   2.69783500E+01   1.89781131E-03   8.88687601E-03
    389600   2.69793500E+01   1.89739164E-03   8.88695281E-03
    389620   2.69803500E+01   1.89719598E-03   8.88700765E-03
    389640   2.69813500E+01   1.89714460E-03   8.88701667E-03
    389660   2.69823500E+01   1.89719328E-03   8.88697365E-03
    389680   2.69833500E+01   1.89736118E-03   8.88689298E-03
    389700   2.69843500E+01   1.89765019E-03   8.88679917E-03
    389720   2.69853500E+01   1.89795926E-03   8.88671280E-03
    389740   2.69863500E+01   1.89810776E-03   8.88664412E-03
    389760   2.69873500E+01   1.89796465E-03   8.88659680E-03
    389780   2.69883500E+01   1.89756125E-03   8.88657439E-03
    389800   2.69893500E+01   1.89707440E-03   8.88658082E-03
    389820   2.69903500E+01   1.89669523E-03   8.88661348E-03
    389840   2.69913500E+01   1.89651003E-03   8.88665702E-03
    389860   2.69923500E+01   1.89649924E-03   8.88668680E-03
    389880   2.69933500E+01   1.89663144E-03   8.88668173E-03
    389900   2.69943500E+01   1.89693245E-03   8.88663600E-03
    389920   2.69953500E+01   1.89744659E-03   8.88655957E-03
    389940   2.69963500E+01   1.89813482E-03   8.88646841E-03
    389960   2.69973500E+01   1.89883288E-03   8.88637512E-03
    389980   2.69983500E+01   1.89933449E-03   8.88628821E-03
    390000   2.69993500E+01   1.89953272E-03   8.88621706E-03
    390020   2.70003500E+01   1.89948663E-03   8.88617321E-03
    390040   2.70013500E+01   1.89935266E-03   8.88616412E-03
    390060   2.70023500E+01   1.89925372E-03   8.88618568E-03
    390080   2.70033500E+01   1.89921405E-03   8.88622227E-03
    390100   2.70043500E+01   1.89920919E-03   8.88625570E-03
    390120   2.70053500E+01   1.89925563E-03   8.88627532E-03
    390140   2.70063500E+01   1.89942783E-03   8.88628103E-03
    390160   2.70073500E+01   1.89977787E-03   8.88627796E-03
    390180   2.70083500E+01   1.90024683E-03   8.88626928E-03
    390200   2.70093500E+01   1.90067236E-03   8.88625477E-03
    390220   2.70103500E+01   1.90089764E-03   8.88623575E-03
    390240   2.70113500E+01   1.90087953E-03   8.88622027E-03
    390260   2.70123500E+01   1.90069463E-03   8.88622084E-03
    390280   2.70133500E+01   1.90044737E-03   8.88624523E-03
    390300   2.70143500E+01   1.90018107E-03   8.88628893E-03
    390320   2.70153500E+01   1.89987953E-03   8.88633770E-03
    390340   2.70163500E+01   1.89954166E-03   8.88637896E-03
    390360   2.70173500E+01   1.89923219E-03   8.88641083E-03
    390380   2.70183500E+01   1.89904197E-03   8.88644043E-03
    390400   2.70193500E+01   1.89899651E-03   8.88647395E-03
    390420   2.70203500E+01   1.89901428E-03   8.88650976E-03
    390440   2.70213500E+01   1.89896731E-03   8.88654111E-03
    390460   2.70223500E+01   1.89878922E-03   8.88656415E-03
    390480   2.70233500E+01   1.89852439E-03   8.88658146E-03
    390500   2.70243500E+01   1.89827292E-03   8.88659766E-03
    390520   2.70253500E+01   1.89809253E-03   8.88661245E-03
    390540   2.70263500E+01   1.89795906E-03   8.88661922E-03
    390560   2.70273500E+01   1.89781978E-03   8.88661074E-03
    390580   2.70283500E+01   1.89767305E-03   8.88658665E-03
    390600   2.70293500E+01   1.89758211E-03   8.88655540E-03
    390620   2.70303500E+01   1.89760567E-03   8.88652898E-03
    390640   2.70313500E+01   1.89772183E-03   8.88651512E-03
    390660   2.70323500E+01   1.89783208E-03   8.88651365E-03
    390680   2.70333500E+01   1.89784836E-03   8.88651986E-03
    390700   2.70343500E+01   1.89777702E-03   8.88653019E-03
    390720   2.70353500E+01   1.89771520E-03   8.88654364E-03
    390740   2.70363500E+01   1.89776470E-03   8.88655726E-03
    390760   2.70373500E+01   1.89795116E-03   8.88656170E-03
    390780   2.70383500E+01   1.89822544E-03   8.88654390E-03
    390800   2.70393500E+01   1.89853411E-03   8.88649649E-03
    390820   2.70403500E+01   1.89887447E-03   8.88642513E-03
    390840   2.70413500E+01   1.89927258E-03   8.88634635E-03
    390860   2.70423500E+01   1.89971263E-03   8.88627785E-03
    390880   2.70433500E+01   1.90010345E-03   8.88623026E-03
    390900   2.70443500E+01   1.90033020E-03   8.88620685E-03
    390920   2.70453500E+01   1.90034743E-03   8.88620830E-03
    390940   2.70463500E+01   1.90022195E-03   8.88623493E-03
    390960   2.70473500E+01   1.90008282E-03   8.88628347E-03
    390980   2.70483500E+01   1.90002797E-03   8.88634250E-03
    391000   2.70493500E+01   1.90007598E-03   8.88639350E-03
    391020   2.70503500E+01   1.90019815E-03   8.88641856E-03
    391040   2.70513500E+01   1.90038014E-03   8.88640966E-03
    391060   2.70523500E+01   1.90063666E-03   8.88637219E-03
    391080   2.70533500E+01   1.90096236E-03   8.88632063E-03
    391100   2.70543500E+01   1.90127946E-03   8.88627057E-03
    391120   2.70553500E+01   1.90145240E-03   8.88623374E-03
    391140   2.70563500E+01   1.90137079E-03   8.88621836E-03
    391160   2.70573500E+01   1.90102763E-03   8.88623121E-03
    391180   2.70583500E+01   1.90052077E-03   8.88627613E-03
    391200   2.70593500E+01   1.89998004E-03   8.88634905E-03
    391220   2.70603500E+01   1.89949244E-03   8.88643489E-03
    391240   2.70613500E+01   1.89909043E-03   8.88651169E-03
    391260   2.70623500E+01   1.89879571E-03   8.88656034E-03
    391280   2.70633500E+01   1.89865182E-03   8.88657230E-03
    391300   2.70643500E+01   1.89869723E-03   8.88655002E-03
    391320   2.70653500E+01   1.89890380E-03   8.88650180E-03
    391340   2.70663500E+01   1.89915272E-03   8.88643743E-03
    391360   2.70673500E+01   1.89928799E-03   8.88636796E-03
    391380   2.70683500E+01   1.89920960E-03   8.88630706E-03
    391400   2.70693500E+01   1.89892634E-03   8.88626897E-03
    391420   2.70703500E+01   1.89852716E-03   8.88626229E-03
    391440   2.70713500E+01   1.89810794E-03   8.88628401E-03
    391460   2.70723500E+01   1.89772747E-03   8.88631946E-03
    391480   2.70733500E+01   1.89742430E-03   8.88634909E-03
    391500   2.70743500E+01   1.89725562E-03   8.88635762E-03
    391520   2.70753500E+01   1.89729614E-03   8.88633900E-03
    391540   2.70763500E+01   1.89758411E-03   8.88629464E-03
    391560   2.70773500E+01   1.89806754E-03   8.88622829E-03
    391580   2.70783500E+01   1.89861278E-03   8.88614359E-03
    391600   2.70793500E+01   1.89907805E-03   8.88604659E-03
    391620   2.70803500E+01   1.89938968E-03   8.88594897E-03
    391640   2.70813500E+01   1.89955717E-03   8.88586627E-03
    391660   2.70823500E+01   1.89962616E-03   8.88581043E-03
    391680   2.70833500E+01   1.89962762E-03   8.88578270E-03
    391700   2.70843500E+01   1.89957613E-03   8.88577362E-03
    391720   2.70853500E+01   1.89950811E-03   8.88576996E-03
    391740   2.70863500E+01   1.89950268E-03   8.88576226E-03
    391760   2.70873500E+01   1.89964592E-03   8.88574698E-03
    391780   2.70883500E+01   1.89996440E-03   8.88572354E-03
    391800   2.70893500E+01   1.90039296E-03   8.88569135E-03
    391820   2.70903500E+01   1.90081320E-03   8.88565040E-03
    391840   2.70913500E+01   1.90112998E-03   8.88560389E-03
    391860   2.70923500E+01   1.90131764E-03   8.88555883E-03
    391880   2.70933500E+01   1.90140108E-03   8.88552286E-03
    391900   2.70943500E+01   1.90140303E-03   8.88549976E-03
    391920   2.70953500E+01   1.90131835E-03   8.88548775E-03
    391940   2.70963500E+01   1.90113974E-03   8.88548201E-03
    391960   2.70973500E+01   1.90089892E-03   8.88547895E-03
    391980   2.70983500E+01   1.90066884E-03   8.88547826E-03
    392000   2.70993500E+01   1.90051538E-03   8.88548129E-03
    392020   2.71003500E+01   1.90044388E-03   8.88548792E-03
    392040   2.71013500E+01   1.90039517E-03   8.88549576E-03
    392060   2.71023500E+01   1.90029714E-03   8.88550263E-03
    392080   2.71033500E+01   1.90012233E-03   8.88550910E-03
    392100   2.71043500E+01   1.89989837E-03   8.88551766E-03
    392120   2.71053500E+01   1.89966813E-03   8.88552857E-03
    392140   2.71063500E+01   1.89944710E-03   8.88553685E-03
    392160   2.71073500E+01   1.89922272E-03   8.88553433E-03
    392180   2.71083500E+01   1.89899092E-03   8.88551543E-03
    392200   2.71093500E+01   1.89878261E-03   8.88548151E-03
    392220   2.71103500E+01   1.89864490E-03   8.88543977E-03
    392240   2.71113500E+01   1.89859331E-03   8.88539823E-03
    392260   2.71123500E+01   1.89858636E-03   8.88536167E-03
    392280   2.71133500E+01   1.89855341E-03   8.88533189E-03
    392300   2.71143500E+01   1.89845207E-03   8.88531042E-03
    392320   2.71153500E+01   1.89830099E-03   8.88529960E-03
    392340   2.71163500E+01   1.89815939E-03   8.88529978E-03
    392360   2.71173500E+01   1.89807850E-03   8.88530548E-03
    392380   2.71183500E+01   1.89807481E-03   8.88530492E-03
    392400   2.71193500E+01   1.89814620E-03   8.88528483E-03
    392420   2.71203500E+01   1.89830286E-03   8.88523761E-03
    392440   2.71213500E+01   1.89856961E-03   8.88516514E-03
    392460   2.71223500E+01   1.89895119E-03   8.88507686E-03
    392480   2.71233500E+01   1.89939758E-03   8.88498463E-03
    392500   2.71243500E+01   1.89981250E-03   8.88489896E-03
    392520   2.71253500E+01   1.90010628E-03   8.88482875E-03
    392540   2.71263500E+01   1.90024867E-03   8.88478210E-03
    392560   2.71273500E+01   1.90027647E-03   8.88476466E-03
    392580   2.71283500E+01   1.90025473E-03   8.88477581E-03
    392600   2.71293500E+01   1.90023374E-03   8.88480622E-03
    392620   2.71303500E+01   1.90024091E-03   8.88484024E-03
    392640   2.71313500E+01   1.90030378E-03   8.88486213E-03
    392660   2.71323500E+01   1.90046493E-03   8.88486188E-03
    392680   2.71333500E+01   1.90075975E-03   8.88483724E-03
    392700   2.71343500E+01   1.90117297E-03   8.88479213E-03
    392720   2.71353500E+01   1.90161964E-03   8.88473442E-03
    392740   2.71363500E+01   1.90197763E-03   8.88467505E-03
    392760   2.71373500E+01   1.90215044E-03   8.88462755E-03
    392780   2.71383500E+01   1.90210988E-03   8.88460575E-03
    392800   2.71393500E+01   1.90188942E-03   8.88461903E-03
    392820   2.71403500E+01   1.90154592E-03   8.88466746E-03
    392840   2.71413500E+01   1.90113238E-03   8.88474061E-03
    392860   2.71423500E+01   1.90070261E-03   8.88482151E-03
    392880   2.71433500E+01   1.90032725E-03   8.88489328E-03
    392900   2.71443500E+01   1.90008548E-03   8.88494430E-03
    392920   2.71453500E+01   1.90002536E-03   8.88496925E-03
    392940   2.71463500E+01   1.90012510E-03   8.88496752E-03
    392960   2.71473500E+01   1.90029495E-03   8.88494233E-03
    392980   2.71483500E+01   1.90042374E-03   8.88490144E-03
    393000   2.71493500E+01   1.90043343E-03   8.88485753E-03
    393020   2.71503500E+01   1.90030046E-03   8.88482535E-03
    393040   2.71513500E+01   1.90003813E-03   8.88481609E-03
    393060   2.71523500E+01   1.89967121E-03   8.88483262E-03
    393080   2.71533500E+01   1.89923357E-03   8.88486892E-03
    393100   2.71543500E+01   1.89878544E-03   8.88491384E-03
    393120   2.71553500E+01   1.89841849E-03   8.88495567E-03
    393140   2.71563500E+01   1.89822617E-03   8.88498466E-03
    393160   2.71573500E+01   1.89825498E-03   8.88499347E-03
    393180   2.71583500E+01   1.89847720E-03   8.88497752E-03
    393200   2.71593500E+01   1.89880973E-03   8.88493659E-03
    393220   2.71603500E+01   1.89916242E-03   8.88487656E-03
    393240   2.71613500E+01   1.89947549E-03   8.88480860E-03
    393260   2.71623500E+01   1.89972156E-03   8.88474524E-03
    393280   2.71633500E+01   1.89988615E-03   8.88469531E-03
    393300   2.71643500E+01   1.89995882E-03   8.88466131E-03
    393320   2.71653500E+01   1.89994849E-03   8.88464075E-03
    393340   2.71663500E+01   1.89990254E-03   8.88462943E-03
    393360   2.71673500E+01   1.89989948E-03   8.88462366E-03
    393380   2.71683500E+01   1.90001017E-03   8.88461987E-03
    393400   2.71693500E+01   1.90025669E-03   8.88461352E-03
    393420   2.71703500E+01   1.90060378E-03   8.88459979E-03
    393440   2.71713500E+01   1.90098836E-03   8.88457632E-03
    393460   2.71723500E+01   1.90135814E-03   8.88454545E-03
    393480   2.71733500E+01   1.90168606E-03   8.88451345E-03
    393500   2.71743500E+01   1.90195628E-03   8.88448677E-03
    393520   2.71753500E+01   1.90214712E-03   8.88446829E-03
    393540   2.71763500E+01   1.90223649E-03   8.88445679E-03
    393560   2.71773500E+01   1.90222585E-03   8.88444946E-03
    393580   2.71783500E+01   1.90215393E-03   8.88444501E-03
    393600   2.71793500E+01   1.90207907E-03   8.88444441E-03
    393620   2.71803500E+01   1.90204111E-03   8.88444909E-03
    393640   2.71813500E+01   1.90203666E-03   8.88445900E-03
    393660   2.71823500E+01   1.90202952E-03   8.88447266E-03
    393680   2.71833500E+01   1.90198439E-03   8.88448909E-03
    393700   2.71843500E+01   1.90189090E-03   8.88450907E-03
    393720   2.71853500E+01   1.90175872E-03   8.88453385E-03
    393740   2.71863500E+01   1.90159601E-03   8.88456243E-03
    393760   2.71873500E+01   1.90139951E-03   8.88459005E-03
    393780   2.71883500E+01   1.90116803E-03   8.88460994E-03
    393800   2.71893500E+01   1.90092192E-03   8.88461674E-03
    393820   2.71903500E+01   1.90070201E-03   8.88460901E-03
    393840   2.71913500E+01   1.90054265E-03   8.88458905E-03
    393860   2.71923500E+01   1.90044269E-03   8.88456119E-03
    393880   2.71933500E+01   1.90036313E-03   8.88453062E-03
    393900   2.71943500E+01   1.90025546E-03   8.88450317E-03
    393920   2.71953500E+01   1.90009546E-03   8.88448491E-03
    393940   2.71963500E+01   1.89989370E-03   8.88448007E-03
    393960   2.71973500E+01   1.89967873E-03   8.88448849E-03
    393980   2.71983500E+01   1.89947536E-03   8.88450429E-03
    394000   2.71993500E+01   1.89930094E-03   8.88451761E-03
    394020   2.72003500E+01   1.89917899E-03   8.88451825E-03
    394040   2.72013500E+01   1.89914742E-03   8.88449908E-03
    394060   2.72023500E+01   1.89924374E-03   8.88445734E-03
    394080   2.72033500E+01   1.89947536E-03   8.88439416E-03
    394100   2.72043500E+01   1.89980238E-03   8.88431387E-03
    394120   2.72053500E+01   1.90015163E-03   8.88422407E-03
    394140   2.72063500E+01   1.90045233E-03   8.88413575E-03
    394160   2.72073500E+01   1.90066521E-03   8.88406156E-03
    394180   2.72083500E+01   1.90078600E-03   8.88401178E-03
    394200   2.72093500E+01   1.90083036E-03   8.88398982E-03
    394220   2.72103500E+01   1.90082248E-03   8.88399037E-03
    394240   2.72113500E+01   1.90079843E-03   8.88400167E-03
    394260   2.72123500E+01   1.90081271E-03   8.88401034E-03
    394280   2.72133500E+01   1.90092793E-03   8.88400569E-03
    394300   2.72143500E+01   1.90118493E-03   8.88398148E-03
    394320   2.72153500E+01   1.90157408E-03   8.88393577E-03
    394340   2.72163500E+01   1.90203308E-03   8.88387086E-03
    394360   2.72173500E+01   1.90247473E-03   8.88379383E-03
    394380   2.72183500E+01   1.90282313E-03   8.88371652E-03
    394400   2.72193500E+01   1.90303249E-03   8.88365310E-03
    394420   2.72203500E+01   1.90308357E-03   8.88361558E-03
    394440   2.72213500E+01   1.90297478E-03   8.88360942E-03
    394460   2.72223500E+01   1.90272492E-03   8.88363199E-03
    394480   2.72233500E+01   1.90238436E-03   8.88367432E-03
    394500   2.72243500E+01   1.90203475E-03   8.88372451E-03
    394520   2.72253500E+01   1.90176428E-03   8.88377062E-03
    394540   2.72263500E+01   1.90162934E-03   8.88380237E-03
    394560   2.72273500E+01   1.90163006E-03   8.88381249E-03
    394580   2.72283500E+01   1.90171698E-03   8.88379866E-03
    394600   2.72293500E+01   1.90182065E-03   8.88376495E-03
    394620   2.72303500E+01   1.90187932E-03   8.88372126E-03
    394640   2.72313500E+01   1.90184829E-03   8.88368010E-03
    394660   2.72323500E+01   1.90169656E-03   8.88365210E-03
    394680   2.72333500E+01   1.90140831E-03   8.88364287E-03
    394700   2.72343500E+01   1.90099598E-03   8.88365244E-03
    394720   2.72353500E+01   1.90051235E-03   8.88367654E-03
    394740   2.72363500E+01   1.90004277E-03   8.88370816E-03
    394760   2.72373500E+01   1.89967439E-03   8.88373862E-03
    394780   2.72383500E+01   1.89946099E-03   8.88375871E-03
    394800   2.72393500E+01   1.89940733E-03   8.88376070E-03
    394820   2.72403500E+01   1.89948056E-03   8.88374079E-03
    394840   2.72413500E+01   1.89963383E-03   8.88370065E-03
    394860   2.72423500E+01   1.89982181E-03   8.88364673E-03
    394880   2.72433500E+01   1.90000198E-03   8.88358752E-03
    394900   2.72443500E+01   1.90013347E-03   8.88353041E-03
    394920   2.72453500E+01   1.90018645E-03   8.88347990E-03
    394940   2.72463500E+01   1.90015969E-03   8.88343775E-03
    394960   2.72473500E+01   1.90008929E-03   8.88340405E-03
    394980   2.72483500E+01   1.90003536E-03   8.88337774E-03
    395000   2.72493500E+01   1.90005314E-03   8.88335636E-03
    395020   2.72503500E+01   1.90016916E-03   8.88333591E-03
    395040   2.72513500E+01   1.90037865E-03   8.88331219E-03
    395060   2.72523500E+01   1.90065978E-03   8.88328293E-03
    395080   2.72533500E+01   1.90098744E-03   8.88324905E-03
    395100   2.72543500E+01   1.90133460E-03   8.88321379E-03
    395120   2.72553500E+01   1.90166705E-03   8.88318034E-03
    395140   2.72563500E+01   1.90194634E-03   8.88315013E-03
    395160   2.72573500E+01   1.90214560E-03   8.88312307E-03
    395180   2.72583500E+01   1.90226604E-03   8.88309889E-03
    395200   2.72593500E+01   1.90233701E-03   8.88307800E-03
    395220   2.72603500E+01   1.90239601E-03   8.88306112E-03
    395240   2.72613500E+01   1.90246442E-03   8.88304858E-03
    395260   2.72623500E+01   1.90253832E-03   8.88304047E-03
    395280   2.72633500E+01   1.90259921E-03   8.88303772E-03
    395300   2.72643500E+01   1.90263130E-03   8.88304259E-03
    395320   2.72653500E+01   1.90262859E-03   8.88305779E-03
    395340   2.72663500E+01   1.90258861E-03   8.88308424E-03
    395360   2.72673500E+01   1.90250499E-03   8.88311955E-03
    395380   2.72683500E+01   1.90237086E-03   8.88315828E-03
    395400   2.72693500E+01   1.90219130E-03   8.88319402E-03
    395420   2.72703500E+01   1.90199057E-03   8.88322162E-03
    395440   2.72713500E+01   1.90180303E-03   8.88323823E-03
    395460   2.72723500E+01   1.90165261E-03   8.88324315E-03
    395480   2.72733500E+01   1.90153770E-03   8.88323747E-03
    395500   2.72743500E+01   1.90143403E-03   8.88322423E-03
    395520   2.72753500E+01   1.90131165E-03   8.88320884E-03
    395540   2.72763500E+01   1.90115067E-03   8.88319845E-03
    395560   2.72773500E+01   1.90094484E-03   8.88319982E-03
    395580   2.72783500E+01   1.90069611E-03   8.88321638E-03
    395600   2.72793500E+01   1.90041232E-03   8.88324632E-03
    395620   2.72803500E+01   1.90011347E-03   8.88328285E-03
    395640   2.72813500E+01   1.89983849E-03   8.88331635E-03
    395660   2.72823500E+01   1.89963943E-03   8.88333727E-03
    395680   2.72833500E+01   1.89956073E-03   8.88333832E-03
    395700   2.72843500E+01   1.89961642E-03   8.88331574E-03
    395720   2.72853500E+01   1.89978265E-03   8.88327002E-03
    395740   2.72863500E+01   1.90001049E-03   8.88320631E-03
    395760   2.72873500E+01   1.90024743E-03   8.88313402E-03
    395780   2.72883500E+01   1.90045195E-03   8.88306497E-03
    395800   2.72893500E+01   1.90059581E-03   8.88301013E-03
    395820   2.72903500E+01   1.90066305E-03   8.88297631E-03
    395840   2.72913500E+01   1.90065506E-03   8.88296442E-03
    395860   2.72923500E+01   1.90059988E-03   8.88296993E-03
    395880   2.72933500E+01   1.90055314E-03   8.88298459E-03
    395900   2.72943500E+01   1.90058168E-03   8.88299836E-03
    395920   2.72953500E+01   1.90073583E-03   8.88300121E-03
    395940   2.72963500E+01   1.90102805E-03   8.88298512E-03
    395960   2.72973500E+01   1.90143049E-03   8.88294663E-03
    395980   2.72983500E+01   1.90188952E-03   8.88288866E-03
    396000   2.72993500E+01   1.90234337E-03   8.88282028E-03
    396020   2.73003500E+01   1.90273279E-03   8.88275395E-03
    396040   2.73013500E+01   1.90300632E-03   8.88270156E-03
    396060   2.73023500E+01   1.90312832E-03   8.88267138E-03
    396080   2.73033500E+01   1.90309220E-03   8.88266667E-03
    396100   2.73043500E+01   1.90293015E-03   8.88268593E-03
    396120   2.73053500E+01   1.90270762E-03   8.88272337E-03
    396140   2.73063500E+01   1.90250105E-03   8.88276983E-03
    396160   2.73073500E+01   1.90237014E-03   8.88281417E-03
    396180   2.73083500E+01   1.90234066E-03   8.88284589E-03
    396200   2.73093500E+01   1.90240392E-03   8.88285819E-03
    396220   2.73103500E+01   1.90252687E-03   8.88285012E-03
    396240   2.73113500E+01   1.90266219E-03   8.88282672E-03
    396260   2.73123500E+01   1.90275480E-03   8.88279685E-03
    396280   2.73133500E+01   1.90274992E-03   8.88277010E-03
    396300   2.73143500E+01   1.90260768E-03   8.88275399E-03
    396320   2.73153500E+01   1.90232034E-03   8.88275274E-03
    396340   2.73163500E+01   1.90192020E-03   8.88276705E-03
    396360   2.73173500E+01   1.90146996E-03   8.88279437E-03
    396380   2.73183500E+01   1.90103977E-03   8.88282919E-03
    396400   2.73193500E+01   1.90068487E-03   8.88286381E-03
    396420   2.73203500E+01   1.90043586E-03   8.88289002E-03
    396440   2.73213500E+01   1.90030084E-03   8.88290154E-03
    396460   2.73223500E+01   1.90027047E-03   8.88289584E-03
    396480   2.73233500E+01   1.90031891E-03   8.88287448E-03
    396500   2.73243500E+01   1.90040408E-03   8.88284180E-03
    396520   2.73253500E+01   1.90047560E-03   8.88280303E-03
    396540   2.73263500E+01   1.90049251E-03   8.88276301E-03
    396560   2.73273500E+01   1.90044142E-03   8.88272555E-03
    396580   2.73283500E+01   1.90034196E-03   8.88269301E-03
    396600   2.73293500E+01   1.90023500E-03   8.88266579E-03
    396620   2.73303500E+01   1.90016272E-03   8.88264219E-03
    396640   2.73313500E+01   1.90015429E-03   8.88261918E-03
    396660   2.73323500E+01   1.90022341E-03   8.88259395E-03
    396680   2.73333500E+01   1.90037250E-03   8.88256528E-03
    396700   2.73343500E+01   1.90059463E-03   8.88253376E-03
    396720   2.73353500E+01   1.90087126E-03   8.88250069E-03
    396740   2.73363500E+01   1.90117178E-03   8.88246702E-03
    396760   2.73373500E+01   1.90146135E-03   8.88243294E-03
    396780   2.73383500E+01   1.90171456E-03   8.88239840E-03
    396800   2.73393500E+01   1.90192539E-03   8.88236361E-03
    396820   2.73403500E+01   1.90210529E-03   8.88232901E-03
    396840   2.73413500E+01   1.90227140E-03   8.88229494E-03
    396860   2.73423500E+01   1.90243451E-03   8.88226157E-03
    396880   2.73433500E+01   1.90259529E-03   8.88222956E-03
    396900   2.73443500E+01   1.90274823E-03   8.88220082E-03
    396920   2.73453500E+01   1.90288611E-03   8.88217856E-03
    396940   2.73463500E+01   1.90300001E-03   8.88216629E-03
    396960   2.73473500E+01   1.90307718E-03   8.88216626E-03
    396980   2.73483500E+01   1.90310310E-03   8.88217829E-03
    397000   2.73493500E+01   1.90307002E-03   8.88219956E-03
    397020   2.73503500E+01   1.90298588E-03   8.88222533E-03
    397040   2.73513500E+01   1.90287456E-03   8.88225013E-03
    397060   2.73523500E+01   1.90276495E-03   8.88226881E-03
    397080   2.73533500E+01   1.90267604E-03   8.88227749E-03
    397100   2.73543500E+01   1.90260866E-03   8.88227444E-03
    397120   2.73553500E+01   1.90254836E-03   8.88226103E-03
    397140   2.73563500E+01   1.90247443E-03   8.88224197E-03
    397160   2.73573500E+01   1.90236660E-03   8.88222447E-03
    397180   2.73583500E+01   1.90220700E-03   8.88221604E-03
    397200   2.73593500E+01   1.90198164E-03   8.88222185E-03
    397220   2.73603500E+01   1.90168693E-03   8.88224307E-03
    397240   2.73613500E+01   1.90133875E-03   8.88227663E-03
    397260   2.73623500E+01   1.90097576E-03   8.88231615E-03
    397280   2.73633500E+01   1.90065035E-03   8.88235332E-03
    397300   2.73643500E+01   1.90041046E-03   8.88237919E-03
    397320   2.73653500E+01   1.90028300E-03   8.88238591E-03
    397340   2.73663500E+01   1.90026806E-03   8.88236878E-03
    397360   2.73673500E+01   1.90034381E-03   8.88232812E-03
    397380   2.73683500E+01   1.90047510E-03   8.88226973E-03
    397400   2.73693500E+01   1.90062003E-03   8.88220334E-03
    397420   2.73703500E+01   1.90073537E-03   8.88213978E-03
    397440   2.73713500E+01   1.90078548E-03   8.88208808E-03
    397460   2.73723500E+01   1.90075506E-03   8.88205361E-03
    397480   2.73733500E+01   1.90065912E-03   8.88203727E-03
    397500   2.73743500E+01   1.90054189E-03   8.88203558E-03
    397520   2.73753500E+01   1.90046259E-03   8.88204125E-03
    397540   2.73763500E+01   1.90047511E-03   8.88204466E-03
    397560   2.73773500E+01   1.90061204E-03   8.88203623E-03
    397580   2.73783500E+01   1.90087851E-03   8.88200913E-03
    397600   2.73793500E+01   1.90125394E-03   8.88196147E-03
    397620   2.73803500E+01   1.90169647E-03   8.88189698E-03
    397640   2.73813500E+01   1.90214854E-03   8.88182387E-03
    397660   2.73823500E+01   1.90254628E-03   8.88175258E-03
    397680   2.73833500E+01   1.90283466E-03   8.88169314E-03
    397700   2.73843500E+01   1.90298454E-03   8.88165300E-03
    397720   2.73853500E+01   1.90300289E-03   8.88163561E-03
    397740   2.73863500E+01   1.90292931E-03   8.88163983E-03
    397760   2.73873500E+01   1.90282052E-03   8.88166025E-03
    397780   2.73883500E+01   1.90273156E-03   8.88168842E-03
    397800   2.73893500E+01   1.90270238E-03   8.88171503E-03
    397820   2.73903500E+01   1.90275226E-03   8.88173228E-03
    397840   2.73913500E+01   1.90287832E-03   8.88173591E-03
    397860   2.73923500E+01   1.90305511E-03   8.88172592E-03
    397880   2.73933500E+01   1.90323670E-03   8.88170600E-03
    397900   2.73943500E+01   1.90336582E-03   8.88168226E-03
    397920   2.73953500E+01   1.90339055E-03   8.88166161E-03
    397940   2.73963500E+01   1.90328201E-03   8.88165039E-03
    397960   2.73973500E+01   1.90304365E-03   8.88165293E-03
    397980   2.73983500E+01   1.90270773E-03   8.88167025E-03
    398000   2.73993500E+01   1.90232257E-03   8.88169949E-03
    398020   2.74003500E+01   1.90193903E-03   8.88173474E-03
    398040   2.74013500E+01   1.90160113E-03   8.88176893E-03
    398060   2.74023500E+01   1.90134018E-03   8.88179616E-03
    398080   2.74033500E+01   1.90116966E-03   8.88181292E-03
    398100   2.74043500E+01   1.90108117E-03   8.88181818E-03
    398120   2.74053500E+01   1.90104582E-03   8.88181264E-03
    398140   2.74063500E+01   1.90102390E-03   8.88179817E-03
    398160   2.74073500E+01   1.90097982E-03   8.88177744E-03
    398180   2.74083500E+01   1.90089468E-03   8.88175358E-03
    398200   2.74093500E+01   1.90076990E-03   8.88172941E-03
    398220   2.74103500E+01   1.90062209E-03   8.88170657E-03
    398240   2.74113500E+01   1.90047511E-03   8.88168506E-03
    398260   2.74123500E+01   1.90035408E-03   8.88166370E-03
    398280   2.74133500E+01   1.90028233E-03   8.88164105E-03
    398300   2.74143500E+01   1.90027788E-03   8.88161627E-03
    398320   2.74153500E+01   1.90034809E-03   8.88158943E-03
    398340   2.74163500E+01   1.90048536E-03   8.88156122E-03
    398360   2.74173500E+01   1.90066864E-03   8.88153233E-03
    398380   2.74183500E+01   1.90087206E-03   8.88150315E-03
    398400   2.74193500E+01   1.90107595E-03   8.88147352E-03
    398420   2.74203500E+01   1.90127319E-03   8.88144287E-03
    398440   2.74213500E+01   1.90146731E-03   8.88141034E-03
    398460   2.74223500E+01   1.90166526E-03   8.88137504E-03
    398480   2.74233500E+01   1.90187130E-03   8.88133654E-03
    398500   2.74243500E+01   1.90208523E-03   8.88129544E-03
    398520   2.74253500E+01   1.90230345E-03   8.88125385E-03
    398540   2.74263500E+01   1.90251919E-03   8.88121536E-03
    398560   2.74273500E+01   1.90272075E-03   8.88118416E-03
    398580   2.74283500E+01   1.90289140E-03   8.88116383E-03
    398600   2.74293500E+01   1.90301410E-03   8.88115626E-03
    398620   2.74303500E+01   1.90307995E-03   8.88116107E-03
    398640   2.74313500E+01   1.90309453E-03   8.88117565E-03
    398660   2.74323500E+01   1.90307678E-03   8.88119553E-03
    398680   2.74333500E+01   1.90305055E-03   8.88121506E-03
    398700   2.74343500E+01   1.90303460E-03   8.88122859E-03
    398720   2.74353500E+01   1.90303664E-03   8.88123203E-03
    398740   2.74363500E+01   1.90305269E-03   8.88122435E-03
    398760   2.74373500E+01   1.90306899E-03   8.88120823E-03
    398780   2.74383500E+01   1.90306382E-03   8.88118934E-03
    398800   2.74393500E+01   1.90301017E-03   8.88117461E-03
    398820   2.74403500E+01   1.90288213E-03   8.88117029E-03
    398840   2.74413500E+01   1.90266472E-03   8.88118046E-03
    398860   2.74423500E+01   1.90236300E-03   8.88120618E-03
    398880   2.74433500E+01   1.90200428E-03   8.88124503E-03
    398900   2.74443500E+01   1.90163156E-03   8.88129122E-03
    398920   2.74453500E+01   1.90129140E-03   8.88133637E-03
    398940   2.74463500E+01   1.90102235E-03   8.88137126E-03
    398960   2.74473500E+01   1.90084749E-03   8.88138828E-03
    398980   2.74483500E+01   1.90077107E-03   8.88138354E-03
    399000   2.74493500E+01   1.90077750E-03   8.88135792E-03
    399020   2.74503500E+01   1.90083293E-03   8.88131677E-03
    399040   2.74513500E+01   1.90089183E-03   8.88126836E-03
    399060   2.74523500E+01   1.90090936E-03   8.88122181E-03
    399080   2.74533500E+01   1.90085634E-03   8.88118497E-03
    399100   2.74543500E+01   1.90073012E-03   8.88116265E-03
    399120   2.74553500E+01   1.90055582E-03   8.88115551E-03
    399140   2.74563500E+01   1.90037790E-03   8.88115986E-03
    399160   2.74573500E+01   1.90024685E-03   8.88116852E-03
    399180   2.74583500E+01   1.90020695E-03   8.88117273E-03
    399200   2.74593500E+01   1.90028743E-03   8.88116448E-03
    399220   2.74603500E+01   1.90049668E-03   8.88113874E-03
    399240   2.74613500E+01   1.90081855E-03   8.88109474E-03
    399260   2.74623500E+01   1.90121281E-03   8.88103595E-03
    399280   2.74633500E+01   1.90162261E-03   8.88096919E-03
    399300   2.74643500E+01   1.90198885E-03   8.88090301E-03
    399320   2.74653500E+01   1.90226675E-03   8.88084597E-03
    399340   2.74663500E+01   1.90243742E-03   8.88080481E-03
    399360   2.74673500E+01   1.90250993E-03   8.88078289E-03
    399380   2.74683500E+01   1.90251517E-03   8.88077926E-03
    399400   2.74693500E+01   1.90249574E-03   8.88078898E-03
    399420   2.74703500E+01   1.90249573E-03   8.88080466E-03
    399440   2.74713500E+01   1.90255111E-03   8.88081873E-03
    399460   2.74723500E+01   1.90268065E-03   8.88082544E-03
    399480   2.74733500E+01   1.90287917E-03   8.88082197E-03
    399500   2.74743500E+01   1.90311676E-03   8.88080867E-03
    399520   2.74753500E+01   1.90334657E-03   8.88078872E-03
    399540   2.74763500E+01   1.90351880E-03   8.88076724E-03
    399560   2.74773500E+01   1.90359513E-03   8.88075012E-03
    399580   2.74783500E+01   1.90355757E-03   8.88074253E-03
    399600   2.74793500E+01   1.90341001E-03   8.88074748E-03
    399620   2.74803500E+01   1.90317451E-03   8.88076520E-03
    399640   2.74813500E+01   1.90288552E-03   8.88079322E-03
    399660   2.74823500E+01   1.90258325E-03   8.88082732E-03
    399680   2.74833500E+01   1.90230551E-03   8.88086266E-03
    399700   2.74843500E+01   1.90207891E-03   8.88089485E-03
    399720   2.74853500E+01   1.90191188E-03   8.88092065E-03
    399740   2.74863500E+01   1.90179368E-03   8.88093841E-03
    399760   2.74873500E+01   1.90170050E-03   8.88094809E-03
    399780   2.74883500E+01   1.90160570E-03   8.88095096E-03
    399800   2.74893500E+01   1.90148916E-03   8.88094902E-03
    399820   2.74903500E+01   1.90134206E-03   8.88094412E-03
    399840   2.74913500E+01   1.90116694E-03   8.88093743E-03
    399860   2.74923500E+01   1.90097570E-03   8.88092923E-03
    399880   2.74933500E+01   1.90078701E-03   8.88091922E-03
    399900   2.74943500E+01   1.90062296E-03   8.88090707E-03
    399920   2.74953500E+01   1.90050372E-03   8.88089284E-03
    399940   2.74963500E+01   1.90044140E-03   8.88087697E-03
    399960   2.74973500E+01   1.90043619E-03   8.88086010E-03
    399980   2.74983500E+01   1.90047782E-03   8.88084274E-03
    400000   2.74993500E+01   1.90055182E-03   8.88082517E-03
    400020   2.75003500E+01   1.90064666E-03   8.88080727E-03
    400040   2.75013500E+01   1.90075746E-03   8.88078842E-03
    400060   2.75023500E+01   1.90088530E-03   8.88076732E-03
    400080   2.75033500E+01   1.90103413E-03   8.88074213E-03
    400100   2.75043500E+01   1.90120798E-03   8.88071115E-03
    400120   2.75053500E+01   1.90140935E-03   8.88067380E-03
    400140   2.75063500E+01   1.90163722E-03   8.88063141E-03
    400160   2.75073500E+01   1.90188452E-03   8.88058720E-03
    400180   2.75083500E+01   1.90213652E-03   8.88054558E-03
    400200   2.75093500E+01   1.90237291E-03   8.88051100E-03
    400220   2.75103500E+01   1.90257388E-03   8.88048693E-03
    400240   2.75113500E+01   1.90272746E-03   8.88047521E-03
    400260   2.75123500E+01   1.90283385E-03   8.88047550E-03
    400280   2.75133500E+01   1.90290468E-03   8.88048522E-03
    400300   2.75143500E+01   1.90295810E-03   8.88049979E-03
    400320   2.75153500E+01   1.90301298E-03   8.88051366E-03
    400340   2.75163500E+01   1.90308399E-03   8.88052166E-03
    400360   2.75173500E+01   1.90317771E-03   8.88052050E-03
    400380   2.75183500E+01   1.90328941E-03   8.88050979E-03
    400400   2.75193500E+01   1.90340123E-03   8.88049226E-03
    400420   2.75203500E+01   1.90348415E-03   8.88047325E-03
    400440   2.75213500E+01   1.90350507E-03   8.88045937E-03
    400460   2.75223500E+01   1.90343732E-03   8.88045687E-03
    400480   2.75233500E+01   1.90327041E-03   8.88046993E-03
    400500   2.75243500E+01   1.90301451E-03   8.88049937E-03
    400520   2.75253500E+01   1.90269808E-03   8.88054214E-03
    400540   2.75263500E+01   1.90236072E-03   8.88059186E-03
    400560   2.75273500E+01   1.90204432E-03   8.88064020E-03
    400580   2.75283500E+01   1.90178464E-03   8.88067888E-03
    400600   2.75293500E+01   1.90160408E-03   8.88070159E-03
    400620   2.75303500E+01   1.90150609E-03   8.88070548E-03
    400640   2.75313500E+01   1.90147311E-03   8.88069157E-03
    400660   2.75323500E+01   1.90147033E-03   8.88066440E-03
    400680   2.75333500E+01   1.90145572E-03   8.88063095E-03
    400700   2.75343500E+01   1.90139301E-03   8.88059906E-03
    400720   2.75353500E+01   1.90126280E-03   8.88057565E-03
    400740   2.75363500E+01   1.90106785E-03   8.88056489E-03
    400760   2.75373500E+01   1.90083191E-03   8.88056702E-03
    400780   2.75383500E+01   1.90059406E-03   8.88057815E-03
    400800   2.75393500E+01   1.90040046E-03   8.88059143E-03
    400820   2.75403500E+01   1.90029445E-03   8.88059901E-03
    400840   2.75413500E+01   1.90030598E-03   8.88059410E-03
    400860   2.75423500E+01   1.90044289E-03   8.88057259E-03
    400880   2.75433500E+01   1.90068748E-03   8.88053380E-03
    400900   2.75443500E+01   1.90100072E-03   8.88048067E-03
    400920   2.75453500E+01   1.90133299E-03   8.88041913E-03
    400940   2.75463500E+01   1.90163720E-03   8.88035683E-03
    400960   2.75473500E+01   1.90187963E-03   8.88030134E-03
    400980   2.75483500E+01   1.90204607E-03   8.88025832E-03
    401000   2.75493500E+01   1.90214295E-03   8.88023028E-03
    401020   2.75503500E+01   1.90219462E-03   8.88021621E-03
    401040   2.75513500E+01   1.90223697E-03   8.88021231E-03
    401060   2.75523500E+01   1.90230789E-03   8.88021311E-03
    401080   2.75533500E+01   1.90243640E-03   8.88021302E-03
    401100   2.75543500E+01   1.90263346E-03   8.88020762E-03
    401120   2.75553500E+01   1.90288829E-03   8.88019468E-03
    401140   2.75563500E+01   1.90317155E-03   8.88017459E-03
    401160   2.75573500E+01   1.90344400E-03   8.88015013E-03
    401180   2.75583500E+01   1.90366678E-03   8.88012567E-03
    401200   2.75593500E+01   1.90380997E-03   8.88010594E-03
    401220   2.75603500E+01   1.90385786E-03   8.88009488E-03
    401240   2.75613500E+01   1.90381109E-03   8.88009473E-03
    401260   2.75623500E+01   1.90368600E-03   8.88010562E-03
    401280   2.75633500E+01   1.90351079E-03   8.88012583E-03
    401300   2.75643500E+01   1.90331837E-03   8.88015238E-03
    401320   2.75653500E+01   1.90313738E-03   8.88018180E-03
    401340   2.75663500E+01   1.90298444E-03   8.88021085E-03
    401360   2.75673500E+01   1.90286125E-03   8.88023701E-03
    401380   2.75683500E+01   1.90275719E-03   8.88025885E-03
    401400   2.75693500E+01   1.90265543E-03   8.88027606E-03
    401420   2.75703500E+01   1.90253934E-03   8.88028923E-03
    401440   2.75713500E+01   1.90239710E-03   8.88029921E-03
    401460   2.75723500E+01   1.90222434E-03   8.88030657E-03
    401480   2.75733500E+01   1.90202527E-03   8.88031137E-03
    401500   2.75743500E+01   1.90181233E-03   8.88031339E-03
    401520   2.75753500E+01   1.90160323E-03   8.88031253E-03
    401540   2.75763500E+01   1.90141591E-03   8.88030911E-03
    401560   2.75773500E+01   1.90126307E-03   8.88030377E-03
    401580   2.75783500E+01   1.90114928E-03   8.88029736E-03
    401600   2.75793500E+01   1.90107204E-03   8.88029069E-03
    401620   2.75803500E+01   1.90102540E-03   8.88028435E-03
    401640   2.75813500E+01   1.90100393E-03   8.88027836E-03
    401660   2.75823500E+01   1.90100509E-03   8.88027186E-03
    401680   2.75833500E+01   1.90102992E-03   8.88026309E-03
    401700   2.75843500E+01   1.90108275E-03   8.88024971E-03
    401720   2.75853500E+01   1.90117022E-03   8.88022945E-03
    401740   2.75863500E+01   1.90129908E-03   8.88020097E-03
    401760   2.75873500E+01   1.90147276E-03   8.88016433E-03
    401780   2.75883500E+01   1.90168766E-03   8.88012131E-03
    401800   2.75893500E+01   1.90193135E-03   8.88007529E-03
    401820   2.75903500E+01   1.90218432E-03   8.88003076E-03
    401840   2.75913500E+01   1.90242506E-03   8.87999250E-03
    401860   2.75923500E+01   1.90263637E-03   8.87996449E-03
    401880   2.75933500E+01   1.90281018E-03   8.87994889E-03
    401900   2.75943500E+01   1.90294915E-03   8.87994529E-03
    401920   2.75953500E+01   1.90306534E-03   8.87995065E-03
    401940   2.75963500E+01   1.90317655E-03   8.87996007E-03
    401960   2.75973500E+01   1.90330148E-03   8.87996798E-03
    401980   2.75983500E+01   1.90345417E-03   8.87996967E-03
    402000   2.75993500E+01   1.90363838E-03   8.87996257E-03
    402020   2.76003500E+01   1.90384397E-03   8.87994695E-03
    402040   2.76013500E+01   1.90404715E-03   8.87992588E-03
    402060   2.76023500E+01   1.90421574E-03   8.87990457E-03
    402080   2.76033500E+01   1.90431773E-03   8.87988920E-03
    402100   2.76043500E+01   1.90433018E-03   8.87988551E-03
    402120   2.76053500E+01   1.90424520E-03   8.87989734E-03
    402140   2.76063500E+01   1.90407194E-03   8.87992544E-03
    402160   2.76073500E+01   1.90383488E-03   8.87996695E-03
    402180   2.76083500E+01   1.90356926E-03   8.88001593E-03
    402200   2.76093500E+01   1.90331388E-03   8.88006478E-03
    402220   2.76103500E+01   1.90310211E-03   8.88010605E-03
    402240   2.76113500E+01   1.90295307E-03   8.88013416E-03
    402260   2.76123500E+01   1.90286616E-03   8.88014656E-03
    402280   2.76133500E+01   1.90282166E-03   8.88014420E-03
    402300   2.76143500E+01   1.90278708E-03   8.88013125E-03
    402320   2.76153500E+01   1.90272708E-03   8.88011415E-03
    402340   2.76163500E+01   1.90261332E-03   8.88009986E-03
    402360   2.76173500E+01   1.90243198E-03   8.88009406E-03
    402380   2.76183500E+01   1.90218779E-03   8.88009965E-03
    402400   2.76193500E+01   1.90190413E-03   8.88011608E-03
    402420   2.76203500E+01   1.90161886E-03   8.88013963E-03
    402440   2.76213500E+01   1.90137613E-03   8.88016431E-03
    402460   2.76223500E+01   1.90121560E-03   8.88018327E-03
    402480   2.76233500E+01   1.90116227E-03   8.88019044E-03
    402500   2.76243500E+01   1.90122021E-03   8.88018201E-03
    402520   2.76253500E+01   1.90137230E-03   8.88015737E-03
    402540   2.76263500E+01   1.90158555E-03   8.88011923E-03
    402560   2.76273500E+01   1.90181994E-03   8.88007284E-03
    402580   2.76283500E+01   1.90203805E-03   8.88002465E-03
    402600   2.76293500E+01   1.90221321E-03   8.87998081E-03
    402620   2.76303500E+01   1.90233486E-03   8.87994586E-03
    402640   2.76313500E+01   1.90241033E-03   8.87992190E-03
    402660   2.76323500E+01   1.90246233E-03   8.87990840E-03
    402680   2.76333500E+01   1.90252239E-03   8.87990258E-03
    402700   2.76343500E+01   1.90262143E-03   8.87990036E-03
    402720   2.76353500E+01   1.90278058E-03   8.87989743E-03
    402740   2.76363500E+01   1.90300501E-03   8.87989032E-03
    402760   2.76373500E+01   1.90328274E-03   8.87987726E-03
    402780   2.76383500E+01   1.90358810E-03   8.87985862E-03
    402800   2.76393500E+01   1.90388808E-03   8.87983670E-03
    402820   2.76403500E+01   1.90414966E-03   8.87981507E-03
    402840   2.76413500E+01   1.90434662E-03   8.87979743E-03
    402860   2.76423500E+01   1.90446504E-03   8.87978672E-03
    402880   2.76433500E+01   1.90450584E-03   8.87978456E-03
    402900   2.76443500E+01   1.90448336E-03   8.87979120E-03
    402920   2.76453500E+01   1.90442004E-03   8.87980576E-03
    402940   2.76463500E+01   1.90433900E-03   8.87982654E-03
    402960   2.76473500E+01   1.90425758E-03   8.87985143E-03
    402980   2.76483500E+01   1.90418398E-03   8.87987835E-03
    403000   2.76493500E+01   1.90411722E-03   8.87990567E-03
    403020   2.76503500E+01   1.90404930E-03   8.87993239E-03
    403040   2.76513500E+01   1.90396852E-03   8.87995795E-03
    403060   2.76523500E+01   1.90386304E-03   8.87998199E-03
    403080   2.76533500E+01   1.90372469E-03   8.88000411E-03
    403100   2.76543500E+01   1.90355209E-03   8.88002383E-03
    403120   2.76553500E+01   1.90335168E-03   8.88004075E-03
    403140   2.76563500E+01   1.90313593E-03   8.88005459E-03
    403160   2.76573500E+01   1.90291937E-03   8.88006537E-03
    403180   2.76583500E+01   1.90271424E-03   8.88007349E-03
    403200   2.76593500E+01   1.90252770E-03   8.88007985E-03
    403220   2.76603500E+01   1.90236164E-03   8.88008568E-03
    403240   2.76613500E+01   1.90221437E-03   8.88009222E-03
    403260   2.76623500E+01   1.90208337E-03   8.88010014E-03
    403280   2.76633500E+01   1.90196770E-03   8.88010914E-03
    403300   2.76643500E+01   1.90186972E-03   8.88011769E-03
    403320   2.76653500E+01   1.90179578E-03   8.88012330E-03
    403340   2.76663500E+01   1.90175546E-03   8.88012294E-03
    403360   2.76673500E+01   1.90175927E-03   8.88011389E-03
    403380   2.76683500E+01   1.90181502E-03   8.88009454E-03
    403400   2.76693500E+01   1.90192407E-03   8.88006499E-03
    403420   2.76703500E+01   1.90207915E-03   8.88002732E-03
    403440   2.76713500E+01   1.90226512E-03   8.87998531E-03
    403460   2.76723500E+01   1.90246253E-03   8.87994376E-03
    403480   2.76733500E+01   1.90265269E-03   8.87990753E-03
    403500   2.76743500E+01   1.90282231E-03   8.87988043E-03
    403520   2.76753500E+01   1.90296665E-03   8.87986434E-03
    403540   2.76763500E+01   1.90309059E-03   8.87985856E-03
    403560   2.76773500E+01   1.90320762E-03   8.87985997E-03
    403580   2.76783500E+01   1.90333640E-03   8.87986385E-03
    403600   2.76793500E+01   1.90349516E-03   8.87986506E-03
    403620   2.76803500E+01   1.90369511E-03   8.87985943E-03
    403640   2.76813500E+01   1.90393525E-03   8.87984478E-03
    403660   2.76823500E+01   1.90420059E-03   8.87982159E-03
    403680   2.76833500E+01   1.90446476E-03   8.87979306E-03
    403700   2.76843500E+01   1.90469591E-03   8.87976457E-03
    403720   2.76853500E+01   1.90486390E-03   8.87974244E-03
    403740   2.76863500E+01   1.90494712E-03   8.87973233E-03
    403760   2.76873500E+01   1.90493762E-03   8.87973775E-03
    403780   2.76883500E+01   1.90484366E-03   8.87975920E-03
    403800   2.76893500E+01   1.90468854E-03   8.87979404E-03
    403820   2.76903500E+01   1.90450554E-03   8.87983702E-03
    403840   2.76913500E+01   1.90432956E-03   8.87988150E-03
    403860   2.76923500E+01   1.90418801E-03   8.87992081E-03
    403880   2.76933500E+01   1.90409371E-03   8.87994987E-03
    403900   2.76943500E+01   1.90404208E-03   8.87996631E-03
    403920   2.76953500E+01   1.90401312E-03   8.87997098E-03
    403940   2.76963500E+01   1.90397729E-03   8.87996759E-03
    403960   2.76973500E+01   1.90390358E-03   8.87996161E-03
    403980   2.76983500E+01   1.90376791E-03   8.87995875E-03
    404000   2.76993500E+01   1.90356004E-03   8.87996351E-03
    404020   2.77003500E+01   1.90328731E-03   8.87997802E-03
    404040   2.77013500E+01   1.90297419E-03   8.88000150E-03
    404060   2.77023500E+01   1.90265731E-03   8.88003051E-03
    404080   2.77033500E+01   1.90237700E-03   8.88005975E-03
    404100   2.77043500E+01   1.90216781E-03   8.88008333E-03
    404120   2.77053500E+01   1.90205062E-03   8.88009613E-03
    404140   2.77063500E+01   1.90202859E-03   8.88009496E-03
    404160   2.77073500E+01   1.90208765E-03   8.88007924E-03
    404180   2.77083500E+01   1.90220085E-03   8.88005113E-03
    404200   2.77093500E+01   1.90233524E-03   8.88001494E-03
    404220   2.77103500E+01   1.90246005E-03   8.87997602E-03
    404240   2.77113500E+01   1.90255422E-03   8.87993947E-03
    404260   2.77123500E+01   1.90261159E-03   8.87990898E-03
    404280   2.77133500E+01   1.90264205E-03   8.87988623E-03
    404300   2.77143500E+01   1.90266794E-03   8.87987081E-03
    404320   2.77153500E+01   1.90271686E-03   8.87986057E-03
    404340   2.77163500E+01   1.90281355E-03   8.87985236E-03
    404360   2.77173500E+01   1.90297323E-03   8.87984294E-03
    404380   2.77183500E+01   1.90319802E-03   8.87982987E-03
    404400   2.77193500E+01   1.90347666E-03   8.87981207E-03
    404420   2.77203500E+01   1.90378704E-03   8.87979000E-03
    404440   2.77213500E+01   1.90410096E-03   8.87976532E-03
    404460   2.77223500E+01   1.90439032E-03   8.87974044E-03
    404480   2.77233500E+01   1.90463322E-03   8.87971797E-03
    404500   2.77243500E+01   1.90481828E-03   8.87970025E-03
    404520   2.77253500E+01   1.90494578E-03   8.87968890E-03
    404540   2.77263500E+01   1.90502555E-03   8.87968460E-03
    404560   2.77273500E+01   1.90507240E-03   8.87968713E-03
    404580   2.77283500E+01   1.90510127E-03   8.87969564E-03
    404600   2.77293500E+01   1.90512302E-03   8.87970909E-03
    404620   2.77303500E+01   1.90514208E-03   8.87972652E-03
    404640   2.77313500E+01   1.90515611E-03   8.87974713E-03
    404660   2.77323500E+01   1.90515744E-03   8.87977015E-03
    404680   2.77333500E+01   1.90513615E-03   8.87979480E-03
    404700   2.77343500E+01   1.90508363E-03   8.87982010E-03
    404720   2.77353500E+01   1.90499564E-03   8.87984496E-03
    404740   2.77363500E+01   1.90487374E-03   8.87986819E-03
    404760   2.77373500E+01   1.90472451E-03   8.87988884E-03
    404780   2.77383500E+01   1.90455722E-03   8.87990639E-03
    404800   2.77393500E+01   1.90438082E-03   8.87992102E-03
    404820   2.77403500E+01   1.90420168E-03   8.87993361E-03
    404840   2.77413500E+01   1.90402297E-03   8.87994561E-03
    404860   2.77423500E+01   1.90384504E-03   8.87995870E-03
    404880   2.77433500E+01   1.90366713E-03   8.87997432E-03
    404900   2.77443500E+01   1.90348930E-03   8.87999311E-03
    404920   2.77453500E+01   1.90331437E-03   8.88001446E-03
    404940   2.77463500E+01   1.90314945E-03   8.88003636E-03
    404960   2.77473500E+01   1.90300590E-03   8.88005571E-03
    404980   2.77483500E+01   1.90289747E-03   8.88006901E-03
    405000   2.77493500E+01   1.90283659E-03   8.88007321E-03
    405020   2.77503500E+01   1.90283047E-03   8.88006647E-03
    405040   2.77513500E+01   1.90287836E-03   8.88004871E-03
    405060   2.77523500E+01   1.90297127E-03   8.88002184E-03
    405080   2.77533500E+01   1.90309404E-03   8.87998956E-03
    405100   2.77543500E+01   1.90322889E-03   8.87995662E-03
    405120   2.77553500E+01   1.90335965E-03   8.87992773E-03
    405140   2.77563500E+01   1.90347593E-03   8.87990648E-03
    405160   2.77573500E+01   1.90357609E-03   8.87989449E-03
    405180   2.77583500E+01   1.90366839E-03   8.87989101E-03
    405200   2.77593500E+01   1.90376912E-03   8.87989315E-03
    405220   2.77603500E+01   1.90389802E-03   8.87989656E-03
    405240   2.77613500E+01   1.90407206E-03   8.87989651E-03
    405260   2.77623500E+01   1.90429950E-03   8.87988917E-03
    405280   2.77633500E+01   1.90457610E-03   8.87987273E-03
    405300   2.77643500E+01   1.90488469E-03   8.87984806E-03
    405320   2.77653500E+01   1.90519790E-03   8.87981861E-03
    405340   2.77663500E+01   1.90548370E-03   8.87978965E-03
    405360   2.77673500E+01   1.90571240E-03   8.87976709E-03
    405380   2.77683500E+01   1.90586336E-03   8.87975604E-03
    405400   2.77693500E+01   1.90592995E-03   8.87975966E-03
    405420   2.77703500E+01   1.90592113E-03   8.87977841E-03
    405440   2.77713500E+01   1.90585916E-03   8.87980987E-03
    405460   2.77723500E+01   1.90577374E-03   8.87984934E-03
    405480   2.77733500E+01   1.90569430E-03   8.87989092E-03
    405500   2.77743500E+01   1.90564239E-03   8.87992885E-03
    405520   2.77753500E+01   1.90562637E-03   8.87995881E-03
    405540   2.77763500E+01   1.90563952E-03   8.87997885E-03
    405560   2.77773500E+01   1.90566180E-03   8.87998977E-03
    405580   2.77783500E+01   1.90566510E-03   8.87999479E-03
    405600   2.77793500E+01   1.90562046E-03   8.87999860E-03
    405620   2.77803500E+01   1.90550597E-03   8.88000608E-03
    405640   2.77813500E+01   1.90531335E-03   8.88002098E-03
    405660   2.77823500E+01   1.90505105E-03   8.88004497E-03
    405680   2.77833500E+01   1.90474292E-03   8.88007728E-03
    405700   2.77843500E+01   1.90442283E-03   8.88011478E-03
    405720   2.77853500E+01   1.90412683E-03   8.88015277E-03
    405740   2.77863500E+01   1.90388520E-03   8.88018603E-03
    405760   2.77873500E+01   1.90371636E-03   8.88021005E-03
    405780   2.77883500E+01   1.90362376E-03   8.88022206E-03
    405800   2.77893500E+01   1.90359619E-03   8.88022146E-03
    405820   2.77903500E+01   1.90361153E-03   8.88020982E-03
    405840   2.77913500E+01   1.90364310E-03   8.88019023E-03
    405860   2.77923500E+01   1.90366700E-03   8.88016657E-03
    405880   2.77933500E+01   1.90366850E-03   8.88014257E-03
    405900   2.77943500E+01   1.90364556E-03   8.88012107E-03
    405920   2.77953500E+01   1.90360865E-03   8.88010342E-03
    405940   2.77963500E+01   1.90357733E-03   8.88008936E-03
    405960   2.77973500E+01   1.90357473E-03   8.88007734E-03
    405980   2.77983500E+01   1.90362145E-03   8.88006511E-03
    406000   2.77993500E+01   1.90373042E-03   8.88005046E-03
    406020   2.78003500E+01   1.90390364E-03   8.88003181E-03
    406040   2.78013500E+01   1.90413168E-03   8.88000853E-03
    406060   2.78023500E+01   1.90439603E-03   8.87998104E-03
    406080   2.78033500E+01   1.90467357E-03   8.87995070E-03
    406100   2.78043500E+01   1.90494185E-03   8.87991935E-03
    406120   2.78053500E+01   1.90518378E-03   8.87988895E-03
    406140   2.78063500E+01   1.90539026E-03   8.87986119E-03
    406160   2.78073500E+01   1.90556043E-03   8.87983726E-03
    406180   2.78083500E+01   1.90569967E-03   8.87981789E-03
    406200   2.78093500E+01   1.90581640E-03   8.87980340E-03
    406220   2.78103500E+01   1.90591875E-03   8.87979382E-03
    406240   2.78113500E+01   1.90601179E-03   8.87978905E-03
    406260   2.78123500E+01   1.90609608E-03   8.87978894E-03
    406280   2.78133500E+01   1.90616772E-03   8.87979324E-03
    406300   2.78143500E+01   1.90621985E-03   8.87980150E-03
    406320   2.78153500E+01   1.90624520E-03   8.87981286E-03
    406340   2.78163500E+01   1.90623873E-03   8.87982610E-03
    406360   2.78173500E+01   1.90619914E-03   8.87983972E-03
    406380   2.78183500E+01   1.90612887E-03   8.87985220E-03
    406400   2.78193500E+01   1.90603271E-03   8.87986237E-03
    406420   2.78203500E+01   1.90591567E-03   8.87986963E-03
    406440   2.78213500E+01   1.90578147E-03   8.87987428E-03
    406460   2.78223500E+01   1.90563157E-03   8.87987750E-03
    406480   2.78233500E+01   1.90546529E-03   8.87988112E-03
    406500   2.78243500E+01   1.90528078E-03   8.87988710E-03
    406520   2.78253500E+01   1.90507687E-03   8.87989692E-03
    406540   2.78263500E+01   1.90485536E-03   8.87991102E-03
    406560   2.78273500E+01   1.90462278E-03   8.87992850E-03
    406580   2.78283500E+01   1.90439090E-03   8.87994714E-03
    406600   2.78293500E+01   1.90417520E-03   8.87996366E-03
    406620   2.78303500E+01   1.90399189E-03   8.87997439E-03
    406640   2.78313500E+01   1.90385422E-03   8.87997600E-03
    406660   2.78323500E+01   1.90376912E-03   8.87996643E-03
    406680   2.78333500E+01   1.90373539E-03   8.87994547E-03
    406700   2.78343500E+01   1.90374371E-03   8.87991496E-03
    406720   2.78353500E+01   1.90377877E-03   8.87987850E-03
    406740   2.78363500E+01   1.90382323E-03   8.87984060E-03
    406760   2.78373500E+01   1.90386251E-03   8.87980566E-03
    406780   2.78383500E+01   1.90388915E-03   8.87977699E-03
    406800   2.78393500E+01   1.90390547E-03   8.87975596E-03
    406820   2.78403500E+01   1.90392349E-03   8.87974172E-03
    406840   2.78413500E+01   1.90396201E-03   8.87973143E-03
    406860   2.78423500E+01   1.90404154E-03   8.87972101E-03
    406880   2.78433500E+01   1.90417832E-03   8.87970619E-03
    406900   2.78443500E+01   1.90437937E-03   8.87968371E-03
    406920   2.78453500E+01   1.90463949E-03   8.87965211E-03
    406940   2.78463500E+01   1.90494120E-03   8.87961234E-03
    406960   2.78473500E+01   1.90525758E-03   8.87956764E-03
    406980   2.78483500E+01   1.90555755E-03   8.87952288E-03
    407000   2.78493500E+01   1.90581254E-03   8.87948355E-03
    407020   2.78503500E+01   1.90600292E-03   8.87945439E-03
    407040   2.78513500E+01   1.90612245E-03   8.87943838E-03
    407060   2.78523500E+01   1.90617928E-03   8.87943607E-03
    407080   2.78533500E+01   1.90619322E-03   8.87944554E-03
    407100   2.78543500E+01   1.90619004E-03   8.87946283E-03
    407120   2.78553500E+01   1.90619451E-03   8.87948298E-03
    407140   2.78563500E+01   1.90622384E-03   8.87950118E-03
    407160   2.78573500E+01   1.90628315E-03   8.87951400E-03
    407180   2.78583500E+01   1.90636386E-03   8.87952011E-03
    407200   2.78593500E+01   1.90644561E-03   8.87952044E-03
    407220   2.78603500E+01   1.90650132E-03   8.87951782E-03
    407240   2.78613500E+01   1.90650426E-03   8.87951617E-03
    407260   2.78623500E+01   1.90643518E-03   8.87951950E-03
    407280   2.78633500E+01   1.90628740E-03   8.87953087E-03
    407300   2.78643500E+01   1.90606879E-03   8.87955153E-03
    407320   2.78653500E+01   1.90580016E-03   8.87958061E-03
    407340   2.78663500E+01   1.90551058E-03   8.87961530E-03
    407360   2.78673500E+01   1.90523108E-03   8.87965153E-03
    407380   2.78683500E+01   1.90498794E-03   8.87968493E-03
    407400   2.78693500E+01   1.90479742E-03   8.87971172E-03
    407420   2.78703500E+01   1.90466302E-03   8.87972946E-03
    407440   2.78713500E+01   1.90457604E-03   8.87973743E-03
    407460   2.78723500E+01   1.90451919E-03   8.87973666E-03
    407480   2.78733500E+01   1.90447207E-03   8.87972944E-03
    407500   2.78743500E+01   1.90441720E-03   8.87971869E-03
    407520   2.78753500E+01   1.90434479E-03   8.87970716E-03
    407540   2.78763500E+01   1.90425521E-03   8.87969691E-03
    407560   2.78773500E+01   1.90415868E-03   8.87968885E-03
    407580   2.78783500E+01   1.90407242E-03   8.87968275E-03
    407600   2.78793500E+01   1.90401611E-03   8.87967744E-03
    407620   2.78803500E+01   1.90400711E-03   8.87967128E-03
    407640   2.78813500E+01   1.90405622E-03   8.87966266E-03
    407660   2.78823500E+01   1.90416535E-03   8.87965045E-03
    407680   2.78833500E+01   1.90432743E-03   8.87963420E-03
    407700   2.78843500E+01   1.90452864E-03   8.87961414E-03
    407720   2.78853500E+01   1.90475212E-03   8.87959111E-03
    407740   2.78863500E+01   1.90498191E-03   8.87956627E-03
    407760   2.78873500E+01   1.90520590E-03   8.87954090E-03
    407780   2.78883500E+01   1.90541722E-03   8.87951620E-03
    407800   2.78893500E+01   1.90561404E-03   8.87949321E-03
    407820   2.78903500E+01   1.90579818E-03   8.87947279E-03
    407840   2.78913500E+01   1.90597298E-03   8.87945575E-03
    407860   2.78923500E+01   1.90614106E-03   8.87944287E-03
    407880   2.78933500E+01   1.90630258E-03   8.87943492E-03
    407900   2.78943500E+01   1.90645463E-03   8.87943246E-03
    407920   2.78953500E+01   1.90659193E-03   8.87943566E-03
    407940   2.78963500E+01   1.90670856E-03   8.87944426E-03
    407960   2.78973500E+01   1.90679980E-03   8.87945743E-03
    407980   2.78983500E+01   1.90686341E-03   8.87947386E-03
    408000   2.78993500E+01   1.90689984E-03   8.87949186E-03
    408020   2.79003500E+01   1.90691152E-03   8.87950973E-03
    408040   2.79013500E+01   1.90690145E-03   8.87952613E-03
    408060   2.79023500E+01   1.90687156E-03   8.87954050E-03
    408080   2.79033500E+01   1.90682142E-03   8.87955326E-03
    408100   2.79043500E+01   1.90674783E-03   8.87956575E-03
    408120   2.79053500E+01   1.90664565E-03   8.87957988E-03
    408140   2.79063500E+01   1.90650979E-03   8.87959769E-03
    408160   2.79073500E+01   1.90633775E-03   8.87962065E-03
    408180   2.79083500E+01   1.90613197E-03   8.87964913E-03
    408200   2.79093500E+01   1.90590094E-03   8.87968207E-03
    408220   2.79103500E+01   1.90565879E-03   8.87971694E-03
    408240   2.79113500E+01   1.90542307E-03   8.87975023E-03
    408260   2.79123500E+01   1.90521131E-03   8.87977814E-03
    408280   2.79133500E+01   1.90503730E-03   8.87979742E-03
    408300   2.79143500E+01   1.90490797E-03   8.87980607E-03
    408320   2.79153500E+01   1.90482195E-03   8.87980391E-03
    408340   2.79163500E+01   1.90477002E-03   8.87979259E-03
    408360   2.79173500E+01   1.90473771E-03   8.87977535E-03
    408380   2.79183500E+01   1.90470931E-03   8.87975622E-03
    408400   2.79193500E+01   1.90467267E-03   8.87973903E-03
    408420   2.79203500E+01   1.90462317E-03   8.87972655E-03
    408440   2.79213500E+01   1.90456581E-03   8.87971976E-03
    408460   2.79223500E+01   1.90451461E-03   8.87971764E-03
    408480   2.79233500E+01   1.90448942E-03   8.87971737E-03
    408500   2.79243500E+01   1.90451101E-03   8.87971502E-03
    408520   2.79253500E+01   1.90459564E-03   8.87970663E-03
    408540   2.79263500E+01   1.90475048E-03   8.87968923E-03
    408560   2.79273500E+01   1.90497080E-03   8.87966174E-03
    408580   2.79283500E+01   1.90523999E-03   8.87962529E-03
    408600   2.79293500E+01   1.90553261E-03   8.87958301E-03
    408620   2.79303500E+01   1.90581980E-03   8.87953946E-03
    408640   2.79313500E+01   1.90607571E-03   8.87949961E-03
    408660   2.79323500E+01   1.90628308E-03   8.87946780E-03
    408680   2.79333500E+01   1.90643658E-03   8.87944680E-03
    408700   2.79343500E+01   1.90654326E-03   8.87943719E-03
    408720   2.79353500E+01   1.90661988E-03   8.87943735E-03
    408740   2.79363500E+01   1.90668800E-03   8.87944397E-03
    408760   2.79373500E+01   1.90676784E-03   8.87945294E-03
    408780   2.79383500E+01   1.90687247E-03   8.87946037E-03
    408800   2.79393500E+01   1.90700391E-03   8.87946351E-03
    408820   2.79403500E+01   1.90715210E-03   8.87946136E-03
    408840   2.79413500E+01   1.90729714E-03   8.87945487E-03
    408860   2.79423500E+01   1.90741399E-03   8.87944658E-03
    408880   2.79433500E+01   1.90747864E-03   8.87943992E-03
    408900   2.79443500E+01   1.90747382E-03   8.87943829E-03
    408920   2.79453500E+01   1.90739322E-03   8.87944421E-03
    408940   2.79463500E+01   1.90724299E-03   8.87945868E-03
    408960   2.79473500E+01   1.90704016E-03   8.87948102E-03
    408980   2.79483500E+01   1.90680873E-03   8.87950894E-03
    409000   2.79493500E+01   1.90657419E-03   8.87953911E-03
    409020   2.79503500E+01   1.90635801E-03   8.87956785E-03
    409040   2.79513500E+01   1.90617332E-03   8.87959202E-03
    409060   2.79523500E+01   1.90602298E-03   8.87960952E-03
    409080   2.79533500E+01   1.90590027E-03   8.87961965E-03
    409100   2.79543500E+01   1.90579218E-03   8.87962300E-03
    409120   2.79553500E+01   1.90568400E-03   8.87962111E-03
    409140   2.79563500E+01   1.90556398E-03   8.87961600E-03
    409160   2.79573500E+01   1.90542683E-03   8.87960957E-03
    409180   2.79583500E+01   1.90527524E-03   8.87960319E-03
    409200   2.79593500E+01   1.90511930E-03   8.87959739E-03
    409220   2.79603500E+01   1.90497413E-03   8.87959193E-03
    409240   2.79613500E+01   1.90485631E-03   8.87958602E-03
    409260   2.79623500E+01   1.90478001E-03   8.87957856E-03
    409280   2.79633500E+01   1.90475399E-03   8.87956847E-03
    409300   2.79643500E+01   1.90478020E-03   8.87955492E-03
    409320   2.79653500E+01   1.90485419E-03   8.87953747E-03
    409340   2.79663500E+01   1.90496701E-03   8.87951618E-03
    409360   2.79673500E+01   1.90510780E-03   8.87949149E-03
    409380   2.79683500E+01   1.90526631E-03   8.87946407E-03
    409400   2.79693500E+01   1.90543480E-03   8.87943468E-03
    409420   2.79703500E+01   1.90560893E-03   8.87940414E-03
    409440   2.79713500E+01   1.90578742E-03   8.87937331E-03
    409460   2.79723500E+01   1.90597065E-03   8.87934321E-03
    409480   2.79733500E+01   1.90615894E-03   8.87931498E-03
    409500   2.79743500E+01   1.90635095E-03   8.87928983E-03
    409520   2.79753500E+01   1.90654315E-03   8.87926897E-03
    409540   2.79763500E+01   1.90673013E-03   8.87925339E-03
    409560   2.79773500E+01   1.90690585E-03   8.87924364E-03
    409580   2.79783500E+01   1.90706505E-03   8.87923964E-03
    409600   2.79793500E+01   1.90720451E-03   8.87924056E-03
    409620   2.79803500E+01   1.90732351E-03   8.87924496E-03
    409640   2.79813500E+01   1.90742347E-03   8.87925109E-03
    409660   2.79823500E+01   1.90750662E-03   8.87925732E-03
    409680   2.79833500E+01   1.90757437E-03   8.87926253E-03
    409700   2.79843500E+01   1.90762577E-03   8.87926647E-03
    409720   2.79853500E+01   1.90765673E-03   8.87926990E-03
    409740   2.79863500E+01   1.90766027E-03   8.87927449E-03
    409760   2.79873500E+01   1.90762806E-03   8.87928249E-03
    409780   2.79883500E+01   1.90755281E-03   8.87929605E-03
    409800   2.79893500E+01   1.90743093E-03   8.87931664E-03
    409820   2.79903500E+01   1.90726467E-03   8.87934455E-03
    409840   2.79913500E+01   1.90706288E-03   8.87937859E-03
    409860   2.79923500E+01   1.90683997E-03   8.87941621E-03
    409880   2.79933500E+01   1.90661347E-03   8.87945385E-03
    409900   2.79943500E+01   1.90640057E-03   8.87948768E-03
    409920   2.79953500E+01   1.90621455E-03   8.87951439E-03
    409940   2.79963500E+01   1.90606190E-03   8.87953199E-03
    409960   2.79973500E+01   1.90594099E-03   8.87954020E-03
    409980   2.79983500E+01   1.90584288E-03   8.87954052E-03
    410000   2.79993500E+01   1.90575415E-03   8.87953581E-03
    410020   2.80003500E+01   1.90566114E-03   8.87952964E-03
    410040   2.80013500E+01   1.90555442E-03   8.87952536E-03
    410060   2.80023500E+01   1.90543212E-03   8.87952529E-03
    410080   2.80033500E+01   1.90530147E-03   8.87953008E-03
    410100   2.80043500E+01   1.90517784E-03   8.87953848E-03
    410120   2.80053500E+01   1.90508170E-03   8.87954769E-03
    410140   2.80063500E+01   1.90503392E-03   8.87955403E-03
    410160   2.80073500E+01   1.90505059E-03   8.87955391E-03
    410180   2.80083500E+01   1.90513875E-03   8.87954467E-03
    410200   2.80093500E+01   1.90529421E-03   8.87952533E-03
    410220   2.80103500E+01   1.90550215E-03   8.87949689E-03
    410240   2.80113500E+01   1.90574022E-03   8.87946221E-03
    410260   2.80123500E+01   1.90598350E-03   8.87942537E-03
    410280   2.80133500E+01   1.90620997E-03   8.87939082E-03
    410300   2.80143500E+01   1.90640516E-03   8.87936237E-03
    410320   2.80153500E+01   1.90656497E-03   8.87934242E-03
    410340   2.80163500E+01   1.90669581E-03   8.87933159E-03
    410360   2.80173500E+01   1.90681204E-03   8.87932863E-03
    410380   2.80183500E+01   1.90693151E-03   8.87933089E-03
    410400   2.80193500E+01   1.90707011E-03   8.87933505E-03
    410420   2.80203500E+01   1.90723702E-03   8.87933795E-03
    410440   2.80213500E+01   1.90743152E-03   8.87933749E-03
    410460   2.80223500E+01   1.90764257E-03   8.87933303E-03
    410480   2.80233500E+01   1.90785093E-03   8.87932553E-03
    410500   2.80243500E+01   1.90803355E-03   8.87931724E-03
    410520   2.80253500E+01   1.90816882E-03   8.87931115E-03
    410540   2.80263500E+01   1.90824139E-03   8.87931018E-03
    410560   2.80273500E+01   1.90824543E-03   8.87931649E-03
    410580   2.80283500E+01   1.90818557E-03   8.87933096E-03
    410600   2.80293500E+01   1.90807536E-03   8.87935303E-03
    410620   2.80303500E+01   1.90793378E-03   8.87938086E-03
    410640   2.80313500E+01   1.90778067E-03   8.87941182E-03
    410660   2.80323500E+01   1.90763216E-03   8.87944302E-03
    410680   2.80333500E+01   1.90749756E-03   8.87947189E-03
    410700   2.80343500E+01   1.90737821E-03   8.87949659E-03
    410720   2.80353500E+01   1.90726845E-03   8.87951631E-03
    410740   2.80363500E+01   1.90715838E-03   8.87953122E-03
    410760   2.80373500E+01   1.90703732E-03   8.87954219E-03
    410780   2.80383500E+01   1.90689741E-03   8.87955049E-03
    410800   2.80393500E+01   1.90673622E-03   8.87955731E-03
    410820   2.80403500E+01   1.90655789E-03   8.87956352E-03
    410840   2.80413500E+01   1.90637239E-03   8.87956948E-03
    410860   2.80423500E+01   1.90619329E-03   8.87957505E-03
    410880   2.80433500E+01   1.90603476E-03   8.87957968E-03
    410900   2.80443500E+01   1.90590867E-03   8.87958258E-03
    410920   2.80453500E+01   1.90582261E-03   8.87958298E-03
    410940   2.80463500E+01   1.90577917E-03   8.87958026E-03
    410960   2.80473500E+01   1.90577639E-03   8.87957397E-03
    410980   2.80483500E+01   1.90580933E-03   8.87956385E-03
    411000   2.80493500E+01   1.90587195E-03   8.87954979E-03
    411020   2.80503500E+01   1.90595891E-03   8.87953183E-03
    411040   2.80513500E+01   1.90606660E-03   8.87951019E-03
    411060   2.80523500E+01   1.90619334E-03   8.87948534E-03
    411080   2.80533500E+01   1.90633864E-03   8.87945803E-03
    411100   2.80543500E+01   1.90650205E-03   8.87942937E-03
    411120   2.80553500E+01   1.90668204E-03   8.87940080E-03
    411140   2.80563500E+01   1.90687523E-03   8.87937400E-03
    411160   2.80573500E+01   1.90707646E-03   8.87935062E-03
    411180   2.80583500E+01   1.90727965E-03   8.87933199E-03
    411200   2.80593500E+01   1.90747902E-03   8.87931886E-03
    411220   2.80603500E+01   1.90767038E-03   8.87931119E-03
    411240   2.80613500E+01   1.90785185E-03   8.87930814E-03
    411260   2.80623500E+01   1.90802379E-03   8.87930823E-03
    411280   2.80633500E+01   1.90818790E-03   8.87930964E-03
    411300   2.80643500E+01   1.90834569E-03   8.87931074E-03
    411320   2.80653500E+01   1.90849681E-03   8.87931053E-03
    411340   2.80663500E+01   1.90863772E-03   8.87930900E-03
    411360   2.80673500E+01   1.90876124E-03   8.87930723E-03
    411380   2.80683500E+01   1.90885741E-03   8.87930716E-03
    411400   2.80693500E+01   1.90891550E-03   8.87931125E-03
    411420   2.80703500E+01   1.90892658E-03   8.87932185E-03
    411440   2.80713500E+01   1.90888614E-03   8.87934058E-03
    411460   2.80723500E+01   1.90879578E-03   8.87936780E-03
    411480   2.80733500E+01   1.90866363E-03   8.87940235E-03
    411500   2.80743500E+01   1.90850328E-03   8.87944168E-03
    411520   2.80753500E+01   1.90833111E-03   8.87948232E-03
    411540   2.80763500E+01   1.90816277E-03   8.87952055E-03
    411560   2.80773500E+01   1.90800967E-03   8.87955321E-03
    411580   2.80783500E+01   1.90787648E-03   8.87957833E-03
    411600   2.80793500E+01   1.90776033E-03   8.87959556E-03
    411620   2.80803500E+01   1.90765214E-03   8.87960620E-03
    411640   2.80813500E+01   1.90753962E-03   8.87961283E-03
    411660   2.80823500E+01   1.90741119E-03   8.87961856E-03
    411680   2.80833500E+01   1.90725995E-03   8.87962626E-03
    411700   2.80843500E+01   1.90708649E-03   8.87963775E-03
    411720   2.80853500E+01   1.90690001E-03   8.87965336E-03
    411740   2.80863500E+01   1.90671702E-03   8.87967177E-03
    411760   2.80873500E+01   1.90655823E-03   8.87969026E-03
    411780   2.80883500E+01   1.90644401E-03   8.87970537E-03
    411800   2.80893500E+01   1.90638987E-03   8.87971373E-03
    411820   2.80903500E+01   1.90640274E-03   8.87971288E-03
    411840   2.80913500E+01   1.90647939E-03   8.87970189E-03
    411860   2.80923500E+01   1.90660713E-03   8.87968161E-03
    411880   2.80933500E+01   1.90676685E-03   8.87965448E-03
    411900   2.80943500E+01   1.90693756E-03   8.87962406E-03
    411920   2.80953500E+01   1.90710121E-03   8.87959420E-03
    411940   2.80963500E+01   1.90724671E-03   8.87956823E-03
    411960   2.80973500E+01   1.90737202E-03   8.87954827E-03
    411980   2.80983500E+01   1.90748396E-03   8.87953487E-03
    412000   2.80993500E+01   1.90759564E-03   8.87952704E-03
    412020   2.81003500E+01   1.90772233E-03   8.87952267E-03
    412040   2.81013500E+01   1.90787672E-03   8.87951914E-03
    412060   2.81023500E+01   1.90806491E-03   8.87951404E-03
    412080   2.81033500E+01   1.90828415E-03   8.87950582E-03
    412100   2.81043500E+01   1.90852284E-03   8.87949416E-03
    412120   2.81053500E+01   1.90876275E-03   8.87948005E-03
    412140   2.81063500E+01   1.90898275E-03   8.87946555E-03
    412160   2.81073500E+01   1.90916324E-03   8.87945327E-03
    412180   2.81083500E+01   1.90929021E-03   8.87944576E-03
    412200   2.81093500E+01   1.90935782E-03   8.87944493E-03
    412220   2.81103500E+01   1.90936907E-03   8.87945172E-03
    412240   2.81113500E+01   1.90933421E-03   8.87946589E-03
    412260   2.81123500E+01   1.90926770E-03   8.87948617E-03
    412280   2.81133500E+01   1.90918435E-03   8.87951055E-03
    412300   2.81143500E+01   1.90909585E-03   8.87953678E-03
    412320   2.81153500E+01   1.90900840E-03   8.87956281E-03
    412340   2.81163500E+01   1.90892193E-03   8.87958710E-03
    412360   2.81173500E+01   1.90883112E-03   8.87960881E-03
    412380   2.81183500E+01   1.90872765E-03   8.87962774E-03
    412400   2.81193500E+01   1.90860322E-03   8.87964420E-03
    412420   2.81203500E+01   1.90845237E-03   8.87965878E-03
    412440   2.81213500E+01   1.90827432E-03   8.87967210E-03
    412460   2.81223500E+01   1.90807354E-03   8.87968461E-03
    412480   2.81233500E+01   1.90785893E-03   8.87969651E-03
    412500   2.81243500E+01   1.90764203E-03   8.87970772E-03
    412520   2.81253500E+01   1.90743469E-03   8.87971798E-03
    412540   2.81263500E+01   1.90724704E-03   8.87972687E-03
    412560   2.81273500E+01   1.90708611E-03   8.87973393E-03
    412580   2.81283500E+01   1.90695546E-03   8.87973862E-03
    412600   2.81293500E+01   1.90685572E-03   8.87974039E-03
    412620   2.81303500E+01   1.90678573E-03   8.87973863E-03
    412640   2.81313500E+01   1.90674376E-03   8.87973277E-03
    412660   2.81323500E+01   1.90672856E-03   8.87972225E-03
    412680   2.81333500E+01   1.90673983E-03   8.87970671E-03
    412700   2.81343500E+01   1.90677792E-03   8.87968613E-03
    412720   2.81353500E+01   1.90684313E-03   8.87966101E-03
    412740   2.81363500E+01   1.90693472E-03   8.87963240E-03
    412760   2.81373500E+01   1.90705029E-03   8.87960184E-03
    412780   2.81383500E+01   1.90718570E-03   8.87957118E-03
    412800   2.81393500E+01   1.90733568E-03   8.87954230E-03
    412820   2.81403500E+01   1.90749482E-03   8.87951678E-03
    412840   2.81413500E+01   1.90765875E-03   8.87949555E-03
    412860   2.81423500E+01   1.90782504E-03   8.87947868E-03
    412880   2.81433500E+01   1.90799360E-03   8.87946537E-03
    412900   2.81443500E+01   1.90816614E-03   8.87945415E-03
    412920   2.81453500E+01   1.90834491E-03   8.87944329E-03
    412940   2.81463500E+01   1.90853083E-03   8.87943125E-03
    412960   2.81473500E+01   1.90872190E-03   8.87941716E-03
    412980   2.81483500E+01   1.90891217E-03   8.87940116E-03
    413000   2.81493500E+01   1.90909181E-03   8.87938448E-03
    413020   2.81503500E+01   1.90924852E-03   8.87936932E-03
    413040   2.81513500E+01   1.90936971E-03   8.87935832E-03
    413060   2.81523500E+01   1.90944522E-03   8.87935392E-03
    413080   2.81533500E+01   1.90946983E-03   8.87935782E-03
    413100   2.81543500E+01   1.90944468E-03   8.87937047E-03
    413120   2.81553500E+01   1.90937735E-03   8.87939090E-03
    413140   2.81563500E+01   1.90928031E-03   8.87941681E-03
    413160   2.81573500E+01   1.90916810E-03   8.87944500E-03
    413180   2.81583500E+01   1.90905401E-03   8.87947209E-03
    413200   2.81593500E+01   1.90894688E-03   8.87949517E-03
    413220   2.81603500E+01   1.90884915E-03   8.87951248E-03
    413240   2.81613500E+01   1.90875641E-03   8.87952370E-03
    413260   2.81623500E+01   1.90865896E-03   8.87953000E-03
    413280   2.81633500E+01   1.90854480E-03   8.87953362E-03
    413300   2.81643500E+01   1.90840343E-03   8.87953731E-03
    413320   2.81653500E+01   1.90822947E-03   8.87954355E-03
    413340   2.81663500E+01   1.90802508E-03   8.87955385E-03
    413360   2.81673500E+01   1.90780063E-03   8.87956829E-03
    413380   2.81683500E+01   1.90757329E-03   8.87958548E-03
    413400   2.81693500E+01   1.90736373E-03   8.87960282E-03
    413420   2.81703500E+01   1.90719188E-03   8.87961707E-03
    413440   2.81713500E+01   1.90707272E-03   8.87962512E-03
    413460   2.81723500E+01   1.90701319E-03   8.87962467E-03
    413480   2.81733500E+01   1.90701106E-03   8.87961478E-03
    413500   2.81743500E+01   1.90705586E-03   8.87959608E-03
    413520   2.81753500E+01   1.90713180E-03   8.87957062E-03
    413540   2.81763500E+01   1.90722172E-03   8.87954138E-03
    413560   2.81773500E+01   1.90731142E-03   8.87951160E-03
    413580   2.81783500E+01   1.90739299E-03   8.87948409E-03
    413600   2.81793500E+01   1.90746645E-03   8.87946071E-03
    413620   2.81803500E+01   1.90753927E-03   8.87944201E-03
    413640   2.81813500E+01   1.90762390E-03   8.87942731E-03
    413660   2.81823500E+01   1.90773398E-03   8.87941494E-03
    413680   2.81833500E+01   1.90788040E-03   8.87940286E-03
    413700   2.81843500E+01   1.90806790E-03   8.87938923E-03
    413720   2.81853500E+01   1.90829334E-03   8.87937290E-03
    413740   2.81863500E+01   1.90854570E-03   8.87935372E-03
    413760   2.81873500E+01   1.90880825E-03   8.87933263E-03
    413780   2.81883500E+01   1.90906183E-03   8.87931137E-03
    413800   2.81893500E+01   1.90928872E-03   8.87929219E-03
    413820   2.81903500E+01   1.90947596E-03   8.87927730E-03
    413840   2.81913500E+01   1.90961735E-03   8.87926845E-03
    413860   2.81923500E+01   1.90971388E-03   8.87926660E-03
    413880   2.81933500E+01   1.90977235E-03   8.87927181E-03
    413900   2.81943500E+01   1.90980285E-03   8.87928338E-03
    413920   2.81953500E+01   1.90981568E-03   8.87930002E-03
    413940   2.81963500E+01   1.90981857E-03   8.87932023E-03
    413960   2.81973500E+01   1.90981495E-03   8.87934253E-03
    413980   2.81983500E+01   1.90980351E-03   8.87936572E-03
    414000   2.81993500E+01   1.90977914E-03   8.87938903E-03
    414020   2.82003500E+01   1.90973481E-03   8.87941207E-03
    414040   2.82013500E+01   1.90966381E-03   8.87943478E-03
    414060   2.82023500E+01   1.90956189E-03   8.87945723E-03
    414080   2.82033500E+01   1.90942856E-03   8.87947958E-03
    414100   2.82043500E+01   1.90926734E-03   8.87950194E-03
    414120   2.82053500E+01   1.90908507E-03   8.87952439E-03
    414140   2.82063500E+01   1.90889052E-03   8.87954687E-03
    414160   2.82073500E+01   1.90869281E-03   8.87956923E-03
    414180   2.82083500E+01   1.90850010E-03   8.87959127E-03
    414200   2.82093500E+01   1.90831872E-03   8.87961264E-03
    414220   2.82103500E+01   1.90815303E-03   8.87963286E-03
    414240   2.82113500E+01   1.90800583E-03   8.87965127E-03
    414260   2.82123500E+01   1.90787915E-03   8.87966697E-03
    414280   2.82133500E+01   1.90777497E-03   8.87967894E-03
    414300   2.82143500E+01   1.90769561E-03   8.87968620E-03
    414320   2.82153500E+01   1.90764354E-03   8.87968794E-03
    414340   2.82163500E+01   1.90762083E-03   8.87968378E-03
    414360   2.82173500E+01   1.90762834E-03   8.87967389E-03
    414380   2.82183500E+01   1.90766518E-03   8.87965914E-03
    414400   2.82193500E+01   1.90772855E-03   8.87964101E-03
    414420   2.82203500E+01   1.90781405E-03   8.87962138E-03
    414440   2.82213500E+01   1.90791672E-03   8.87960216E-03
    414460   2.82223500E+01   1.90803228E-03   8.87958492E-03
    414480   2.82233500E+01   1.90815827E-03   8.87957058E-03
    414500   2.82243500E+01   1.90829470E-03   8.87955920E-03
    414520   2.82253500E+01   1.90844388E-03   8.87954998E-03
    414540   2.82263500E+01   1.90860935E-03   8.87954149E-03
    414560   2.82273500E+01   1.90879425E-03   8.87953207E-03
    414580   2.82283500E+01   1.90899944E-03   8.87952031E-03
    414600   2.82293500E+01   1.90922200E-03   8.87950552E-03
    414620   2.82303500E+01   1.90945443E-03   8.87948802E-03
    414640   2.82313500E+01   1.90968517E-03   8.87946917E-03
    414660   2.82323500E+01   1.90990022E-03   8.87945123E-03
    414680   2.82333500E+01   1.91008566E-03   8.87943684E-03
    414700   2.82343500E+01   1.91023036E-03   8.87942852E-03
    414720   2.82353500E+01   1.91032832E-03   8.87942803E-03
    414740   2.82363500E+01   1.91037996E-03   8.87943594E-03
    414760   2.82373500E+01   1.91039188E-03   8.87945147E-03
    414780   2.82383500E+01   1.91037518E-03   8.87947259E-03
    414800   2.82393500E+01   1.91034263E-03   8.87949648E-03
    414820   2.82403500E+01   1.91030525E-03   8.87952015E-03
    414840   2.82413500E+01   1.91026953E-03   8.87954105E-03
    414860   2.82423500E+01   1.91023569E-03   8.87955764E-03
    414880   2.82433500E+01   1.91019771E-03   8.87956970E-03
    414900   2.82443500E+01   1.91014497E-03   8.87957828E-03
    414920   2.82453500E+01   1.91006525E-03   8.87958538E-03
    414940   2.82463500E+01   1.90994835E-03   8.87959338E-03
    414960   2.82473500E+01   1.90978938E-03   8.87960431E-03
    414980   2.82483500E+01   1.90959093E-03   8.87961938E-03
    415000   2.82493500E+01   1.90936337E-03   8.87963852E-03
    415020   2.82503500E+01   1.90912328E-03   8.87966037E-03
    415040   2.82513500E+01   1.90889037E-03   8.87968249E-03
    415060   2.82523500E+01   1.90868357E-03   8.87970192E-03
    415080   2.82533500E+01   1.90851736E-03   8.87971579E-03
    415100   2.82543500E+01   1.90839903E-03   8.87972198E-03
    415120   2.82553500E+01   1.90832776E-03   8.87971952E-03
    415140   2.82563500E+01   1.90829551E-03   8.87970877E-03
    415160   2.82573500E+01   1.90828977E-03   8.87969128E-03
    415180   2.82583500E+01   1.90829709E-03   8.87966937E-03
    415200   2.82593500E+01   1.90830677E-03   8.87964562E-03
    415220   2.82603500E+01   1.90831366E-03   8.87962229E-03
    415240   2.82613500E+01   1.90831939E-03   8.87960083E-03
    415260   2.82623500E+01   1.90833181E-03   8.87958165E-03
    415280   2.82633500E+01   1.90836283E-03   8.87956419E-03
    415300   2.82643500E+01   1.90842507E-03   8.87954717E-03
    415320   2.82653500E+01   1.90852842E-03   8.87952902E-03
    415340   2.82663500E+01   1.90867726E-03   8.87950833E-03
    415360   2.82673500E+01   1.90886907E-03   8.87948429E-03
    415380   2.82683500E+01   1.90909462E-03   8.87945689E-03
    415400   2.82693500E+01   1.90933979E-03   8.87942699E-03
    415420   2.82703500E+01   1.90958830E-03   8.87939611E-03
    415440   2.82713500E+01   1.90982488E-03   8.87936612E-03
    415460   2.82723500E+01   1.91003797E-03   8.87933888E-03
    415480   2.82733500E+01   1.91022129E-03   8.87931595E-03
    415500   2.82743500E+01   1.91037403E-03   8.87929836E-03
    415520   2.82753500E+01   1.91049979E-03   8.87928646E-03
    415540   2.82763500E+01   1.91060454E-03   8.87928003E-03
    415560   2.82773500E+01   1.91069438E-03   8.87927840E-03
    415580   2.82783500E+01   1.91077353E-03   8.87928070E-03
    415600   2.82793500E+01   1.91084304E-03   8.87928600E-03
    415620   2.82803500E+01   1.91090054E-03   8.87929350E-03
    415640   2.82813500E+01   1.91094106E-03   8.87930257E-03
    415660   2.82823500E+01   1.91095845E-03   8.87931279E-03
    415680   2.82833500E+01   1.91094715E-03   8.87932391E-03
    415700   2.82843500E+01   1.91090351E-03   8.87933579E-03
    415720   2.82853500E+01   1.91082666E-03   8.87934840E-03
    415740   2.82863500E+01   1.91071855E-03   8.87936170E-03
    415760   2.82873500E+01   1.91058345E-03   8.87937572E-03
    415780   2.82883500E+01   1.91042696E-03   8.87939053E-03
    415800   2.82893500E+01   1.91025506E-03   8.87940622E-03
    415820   2.82903500E+01   1.91007332E-03   8.87942279E-03
    415840   2.82913500E+01   1.90988664E-03   8.87944005E-03
    415860   2.82923500E+01   1.90969941E-03   8.87945757E-03
    415880   2.82933500E+01   1.90951591E-03   8.87947457E-03
    415900   2.82943500E+01   1.90934071E-03   8.87948998E-03
    415920   2.82953500E+01   1.90917880E-03   8.87950246E-03
    415940   2.82963500E+01   1.90903538E-03   8.87951065E-03
    415960   2.82973500E+01   1.90891526E-03   8.87951336E-03
    415980   2.82983500E+01   1.90882204E-03   8.87950992E-03
    416000   2.82993500E+01   1.90875736E-03   8.87950030E-03
    416020   2.83003500E+01   1.90872051E-03   8.87948519E-03
    416040   2.83013500E+01   1.90870865E-03   8.87946593E-03
    416060   2.83023500E+01   1.90871761E-03   8.87944427E-03
    416080   2.83033500E+01   1.90874320E-03   8.87942205E-03
    416100   2.83043500E+01   1.90878252E-03   8.87940075E-03
    416120   2.83053500E+01   1.90883506E-03   8.87938121E-03
    416140   2.83063500E+01   1.90890308E-03   8.87936341E-03
    416160   2.83073500E+01   1.90899115E-03   8.87934653E-03
    416180   2.83083500E+01   1.90910482E-03   8.87932917E-03
    416200   2.83093500E+01   1.90924864E-03   8.87930976E-03
    416220   2.83103500E+01   1.90942423E-03   8.87928699E-03
    416240   2.83113500E+01   1.90962872E-03   8.87926031E-03
    416260   2.83123500E+01   1.90985430E-03   8.87923013E-03
    416280   2.83133500E+01   1.91008890E-03   8.87919794E-03
    416300   2.83143500E+01   1.91031790E-03   8.87916602E-03
    416320   2.83153500E+01   1.91052680E-03   8.87913704E-03
    416340   2.83163500E+01   1.91070394E-03   8.87911348E-03
    416360   2.83173500E+01   1.91084271E-03   8.87909712E-03
    416380   2.83183500E+01   1.91094270E-03   8.87908863E-03
    416400   2.83193500E+01   1.91100925E-03   8.87908746E-03
    416420   2.83203500E+01   1.91105167E-03   8.87909192E-03
    416440   2.83213500E+01   1.91108047E-03   8.87909960E-03
    416460   2.83223500E+01   1.91110436E-03   8.87910793E-03
    416480   2.83233500E+01   1.91112762E-03   8.87911479E-03
    416500   2.83243500E+01   1.91114874E-03   8.87911893E-03
    416520   2.83253500E+01   1.91116050E-03   8.87912028E-03
    416540   2.83263500E+01   1.91115168E-03   8.87911982E-03
    416560   2.83273500E+01   1.91110997E-03   8.87911933E-03
    416580   2.83283500E+01   1.91102526E-03   8.87912086E-03
    416600   2.83293500E+01   1.91089257E-03   8.87912616E-03
    416620   2.83303500E+01   1.91071390E-03   8.87913617E-03
    416640   2.83313500E+01   1.91049838E-03   8.87915071E-03
    416660   2.83323500E+01   1.91026084E-03   8.87916844E-03
    416680   2.83333500E+01   1.91001898E-03   8.87918712E-03
    416700   2.83343500E+01   1.90978990E-03   8.87920409E-03
    416720   2.83353500E+01   1.90958684E-03   8.87921674E-03
    416740   2.83363500E+01   1.90941690E-03   8.87922310E-03
    416760   2.83373500E+01   1.90928037E-03   8.87922219E-03
    416780   2.83383500E+01   1.90917157E-03   8.87921416E-03
    416800   2.83393500E+01   1.90908120E-03   8.87920017E-03
    416820   2.83403500E+01   1.90899940E-03   8.87918200E-03
    416840   2.83413500E+01   1.90891886E-03   8.87916164E-03
    416860   2.83423500E+01   1.90883705E-03   8.87914078E-03
    416880   2.83433500E+01   1.90875712E-03   8.87912053E-03
    416900   2.83443500E+01   1.90868727E-03   8.87910115E-03
    416920   2.83453500E+01   1.90863876E-03   8.87908214E-03
    416940   2.83463500E+01   1.90862321E-03   8.87906245E-03
    416960   2.83473500E+01   1.90864979E-03   8.87904081E-03
    416980   2.83483500E+01   1.90872298E-03   8.87901611E-03
    417000   2.83493500E+01   1.90884141E-03   8.87898772E-03
    417020   2.83503500E+01   1.90899818E-03   8.87895563E-03
    417040   2.83513500E+01   1.90918234E-03   8.87892051E-03
    417060   2.83523500E+01   1.90938112E-03   8.87888357E-03
    417080   2.83533500E+01   1.90958238E-03   8.87884635E-03
    417100   2.83543500E+01   1.90977665E-03   8.87881045E-03
    417120   2.83553500E+01   1.90995825E-03   8.87877725E-03
    417140   2.83563500E+01   1.91012544E-03   8.87874773E-03
    417160   2.83573500E+01   1.91027953E-03   8.87872249E-03
    417180   2.83583500E+01   1.91042340E-03   8.87870169E-03
    417200   2.83593500E+01   1.91055978E-03   8.87868520E-03
    417220   2.83603500E+01   1.91068983E-03   8.87867264E-03
    417240   2.83613500E+01   1.91081244E-03   8.87866354E-03
    417260   2.83623500E+01   1.91092423E-03   8.87865742E-03
    417280   2.83633500E+01   1.91102030E-03   8.87865385E-03
    417300   2.83643500E+01   1.91109520E-03   8.87865243E-03
    417320   2.83653500E+01   1.91114412E-03   8.87865283E-03
    417340   2.83663500E+01   1.91116373E-03   8.87865481E-03
    417360   2.83673500E+01   1.91115260E-03   8.87865822E-03
    417380   2.83683500E+01   1.91111110E-03   8.87866307E-03
    417400   2.83693500E+01   1.91104092E-03   8.87866950E-03
    417420   2.83703500E+01   1.91094454E-03   8.87867775E-03
    417440   2.83713500E+01   1.91082469E-03   8.87868810E-03
    417460   2.83723500E+01   1.91068424E-03   8.87870076E-03
    417480   2.83733500E+01   1.91052622E-03   8.87871573E-03
    417500   2.83743500E+01   1.91035425E-03   8.87873264E-03
    417520   2.83753500E+01   1.91017289E-03   8.87875069E-03
    417540   2.83763500E+01   1.90998782E-03   8.87876866E-03
    417560   2.83773500E+01   1.90980566E-03   8.87878503E-03
    417580   2.83783500E+01   1.90963330E-03   8.87879822E-03
    417600   2.83793500E+01   1.90947702E-03   8.87880683E-03
    417620   2.83803500E+01   1.90934147E-03   8.87880993E-03
    417640   2.83813500E+01   1.90922896E-03   8.87880729E-03
    417660   2.83823500E+01   1.90913927E-03   8.87879941E-03
    417680   2.83833500E+01   1.90907003E-03   8.87878745E-03
    417700   2.83843500E+01   1.90901776E-03   8.87877296E-03
    417720   2.83853500E+01   1.90897931E-03   8.87875754E-03
    417740   2.83863500E+01   1.90895330E-03   8.87874245E-03
    417760   2.83873500E+01   1.90894112E-03   8.87872831E-03
    417780   2.83883500E+01   1.90894711E-03   8.87871494E-03
    417800   2.83893500E+01   1.90897780E-03   8.87870141E-03
    417820   2.83903500E+01   1.90904039E-03   8.87868626E-03
    417840   2.83913500E+01   1.90914082E-03   8.87866793E-03
    417860   2.83923500E+01   1.90928169E-03   8.87864521E-03
    417880   2.83933500E+01   1.90946094E-03   8.87861761E-03
    417900   2.83943500E+01   1.90967141E-03   8.87858563E-03
    417920   2.83953500E+01   1.90990165E-03   8.87855077E-03
    417940   2.83963500E+01   1.91013773E-03   8.87851524E-03
    417960   2.83973500E+01   1.91036585E-03   8.87848165E-03
    417980   2.83983500E+01   1.91057485E-03   8.87845244E-03
    418000   2.83993500E+01   1.91075815E-03   8.87842937E-03
    418020   2.84003500E+01   1.91091473E-03   8.87841320E-03
    418040   2.84013500E+01   1.91104854E-03   8.87840360E-03
    418060   2.84023500E+01   1.91116701E-03   8.87839924E-03
    418080   2.84033500E+01   1.91127826E-03   8.87839814E-03
    418100   2.84043500E+01   1.91138853E-03   8.87839824E-03
    418120   2.84053500E+01   1.91149982E-03   8.87839783E-03
    418140   2.84063500E+01   1.91160887E-03   8.87839603E-03
    418160   2.84073500E+01   1.91170737E-03   8.87839291E-03
    418180   2.84083500E+01   1.91178358E-03   8.87838951E-03
    418200   2.84093500E+01   1.91182512E-03   8.87838751E-03
    418220   2.84103500E+01   1.91182190E-03   8.87838875E-03
    418240   2.84113500E+01   1.91176864E-03   8.87839476E-03
    418260   2.84123500E+01   1.91166642E-03   8.87840631E-03
    418280   2.84133500E+01   1.91152263E-03   8.87842320E-03
    418300   2.84143500E+01   1.91134967E-03   8.87844423E-03
    418320   2.84153500E+01   1.91116242E-03   8.87846736E-03
    418340   2.84163500E+01   1.91097528E-03   8.87849016E-03
    418360   2.84173500E+01   1.91079947E-03   8.87851031E-03
    418380   2.84183500E+01   1.91064115E-03   8.87852597E-03
    418400   2.84193500E+01   1.91050090E-03   8.87853615E-03
    418420   2.84203500E+01   1.91037464E-03   8.87854072E-03
    418440   2.84213500E+01   1.91025562E-03   8.87854038E-03
    418460   2.84223500E+01   1.91013705E-03   8.87853642E-03
    418480   2.84233500E+01   1.91001448E-03   8.87853027E-03
    418500   2.84243500E+01   1.90988761E-03   8.87852316E-03
    418520   2.84253500E+01   1.90976087E-03   8.87851580E-03
    418540   2.84263500E+01   1.90964265E-03   8.87850831E-03
    418560   2.84273500E+01   1.90954382E-03   8.87850021E-03
    418580   2.84283500E+01   1.90947527E-03   8.87849060E-03
    418600   2.84293500E+01   1.90944561E-03   8.87847840E-03
    418620   2.84303500E+01   1.90945947E-03   8.87846263E-03
    418640   2.84313500E+01   1.90951674E-03   8.87844273E-03
    418660   2.84323500E+01   1.90961275E-03   8.87841864E-03
    418680   2.84333500E+01   1.90973967E-03   8.87839079E-03
    418700   2.84343500E+01   1.90988821E-03   8.87836006E-03
    418720   2.84353500E+01   1.91004946E-03   8.87832760E-03
    418740   2.84363500E+01   1.91021644E-03   8.87829470E-03
    418760   2.84373500E+01   1.91038478E-03   8.87826255E-03
    418780   2.84383500E+01   1.91055267E-03   8.87823213E-03
    418800   2.84393500E+01   1.91072019E-03   8.87820418E-03
    418820   2.84403500E+01   1.91088824E-03   8.87817914E-03
    418840   2.84413500E+01   1.91105727E-03   8.87815725E-03
    418860   2.84423500E+01   1.91122648E-03   8.87813853E-03
    418880   2.84433500E+01   1.91139330E-03   8.87812284E-03
    418900   2.84443500E+01   1.91155367E-03   8.87810990E-03
    418920   2.84453500E+01   1.91170268E-03   8.87809938E-03
    418940   2.84463500E+01   1.91183524E-03   8.87809092E-03
    418960   2.84473500E+01   1.91194691E-03   8.87808412E-03
    418980   2.84483500E+01   1.91203428E-03   8.87807871E-03
    419000   2.84493500E+01   1.91209501E-03   8.87807454E-03
    419020   2.84503500E+01   1.91212779E-03   8.87807165E-03
    419040   2.84513500E+01   1.91213198E-03   8.87807035E-03
    419060   2.84523500E+01   1.91210728E-03   8.87807109E-03
    419080   2.84533500E+01   1.91205363E-03   8.87807439E-03
    419100   2.84543500E+01   1.91197134E-03   8.87808068E-03
    419120   2.84553500E+01   1.91186151E-03   8.87809012E-03
    419140   2.84563500E+01   1.91172660E-03   8.87810246E-03
    419160   2.84573500E+01   1.91157076E-03   8.87811691E-03
    419180   2.84583500E+01   1.91139979E-03   8.87813220E-03
    419200   2.84593500E+01   1.91122071E-03   8.87814675E-03
    419220   2.84603500E+01   1.91104086E-03   8.87815883E-03
    419240   2.84613500E+01   1.91086682E-03   8.87816694E-03
    419260   2.84623500E+01   1.91070347E-03   8.87817005E-03
    419280   2.84633500E+01   1.91055327E-03   8.87816785E-03
    419300   2.84643500E+01   1.91041618E-03   8.87816074E-03
    419320   2.84653500E+01   1.91029030E-03   8.87814978E-03
    419340   2.84663500E+01   1.91017299E-03   8.87813635E-03
    419360   2.84673500E+01   1.91006243E-03   8.87812188E-03
    419380   2.84683500E+01   1.90995888E-03   8.87810743E-03
    419400   2.84693500E+01   1.90986556E-03   8.87809343E-03
    419420   2.84703500E+01   1.90978866E-03   8.87807952E-03
    419440   2.84713500E+01   1.90973639E-03   8.87806465E-03
    419460   2.84723500E+01   1.90971740E-03   8.87804732E-03
    419480   2.84733500E+01   1.90973875E-03   8.87802596E-03
    419500   2.84743500E+01   1.90980415E-03   8.87799937E-03
    419520   2.84753500E+01   1.90991263E-03   8.87796707E-03
    419540   2.84763500E+01   1.91005835E-03   8.87792954E-03
    419560   2.84773500E+01   1.91023138E-03   8.87788820E-03
    419580   2.84783500E+01   1.91041949E-03   8.87784520E-03
    419600   2.84793500E+01   1.91061056E-03   8.87780300E-03
    419620   2.84803500E+01   1.91079496E-03   8.87776390E-03
    419640   2.84813500E+01   1.91096718E-03   8.87772965E-03
    419660   2.84823500E+01   1.91112655E-03   8.87770105E-03
    419680   2.84833500E+01   1.91127655E-03   8.87767795E-03
    419700   2.84843500E+01   1.91142322E-03   8.87765928E-03
    419720   2.84853500E+01   1.91157285E-03   8.87764348E-03
    419740   2.84863500E+01   1.91172954E-03   8.87762887E-03
    419760   2.84873500E+01   1.91189335E-03   8.87761419E-03
    419780   2.84883500E+01   1.91205947E-03   8.87759885E-03
    419800   2.84893500E+01   1.91221857E-03   8.87758312E-03
    419820   2.84903500E+01   1.91235859E-03   8.87756811E-03
    419840   2.84913500E+01   1.91246710E-03   8.87755544E-03
    419860   2.84923500E+01   1.91253402E-03   8.87754690E-03
    419880   2.84933500E+01   1.91255366E-03   8.87754398E-03
    419900   2.84943500E+01   1.91252604E-03   8.87754747E-03
    419920   2.84953500E+01   1.91245670E-03   8.87755731E-03
    419940   2.84963500E+01   1.91235551E-03   8.87757253E-03
    419960   2.84973500E+01   1.91223441E-03   8.87759147E-03
    419980   2.84983500E+01   1.91210488E-03   8.87761206E-03
    420000   2.84993500E+01   1.91197569E-03   8.87763228E-03
    420020   2.85003500E+01   1.91185142E-03   8.87765044E-03
    420040   2.85013500E+01   1.91173216E-03   8.87766553E-03
    420060   2.85023500E+01   1.91161446E-03   8.87767725E-03
    420080   2.85033500E+01   1.91149306E-03   8.87768594E-03
    420100   2.85043500E+01   1.91136308E-03   8.87769238E-03
    420120   2.85053500E+01   1.91122200E-03   8.87769750E-03
    420140   2.85063500E+01   1.91107100E-03   8.87770207E-03
    420160   2.85073500E+01   1.91091529E-03   8.87770652E-03
    420180   2.85083500E+01   1.91076343E-03   8.87771080E-03
    420200   2.85093500E+01   1.91062588E-03   8.87771438E-03
    420220   2.85103500E+01   1.91051301E-03   8.87771644E-03
    420240   2.85113500E+01   1.91043328E-03   8.87771602E-03
    420260   2.85123500E+01   1.91039178E-03   8.87771223E-03
    420280   2.85133500E+01   1.91038974E-03   8.87770445E-03
    420300   2.85143500E+01   1.91042484E-03   8.87769242E-03
    420320   2.85153500E+01   1.91049220E-03   8.87767628E-03
    420340   2.85163500E+01   1.91058577E-03   8.87765655E-03
    420360   2.85173500E+01   1.91069965E-03   8.87763399E-03
    420380   2.85183500E+01   1.91082915E-03   8.87760953E-03
    420400   2.85193500E+01   1.91097127E-03   8.87758415E-03
    420420   2.85203500E+01   1.91112466E-03   8.87755877E-03
    420440   2.85213500E+01   1.91128902E-03   8.87753424E-03
    420460   2.85223500E+01   1.91146428E-03   8.87751125E-03
    420480   2.85233500E+01   1.91164976E-03   8.87749033E-03
    420500   2.85243500E+01   1.91184366E-03   8.87747181E-03
    420520   2.85253500E+01   1.91204298E-03   8.87745585E-03
    420540   2.85263500E+01   1.91224367E-03   8.87744240E-03
    420560   2.85273500E+01   1.91244117E-03   8.87743126E-03
    420580   2.85283500E+01   1.91263086E-03   8.87742209E-03
    420600   2.85293500E+01   1.91280845E-03   8.87741452E-03
    420620   2.85303500E+01   1.91297019E-03   8.87740825E-03
    420640   2.85313500E+01   1.91311282E-03   8.87740319E-03
    420660   2.85323500E+01   1.91323335E-03   8.87739951E-03
    420680   2.85333500E+01   1.91332885E-03   8.87739764E-03
    420700   2.85343500E+01   1.91339643E-03   8.87739826E-03
    420720   2.85353500E+01   1.91343343E-03   8.87740214E-03
    420740   2.85363500E+01   1.91343792E-03   8.87740994E-03
    420760   2.85373500E+01   1.91340928E-03   8.87742202E-03
    420780   2.85383500E+01   1.91334874E-03   8.87743823E-03
    420800   2.85393500E+01   1.91325961E-03   8.87745787E-03
    420820   2.85403500E+01   1.91314710E-03   8.87747967E-03
    420840   2.85413500E+01   1.91301768E-03   8.87750198E-03
    420860   2.85423500E+01   1.91287811E-03   8.87752305E-03
    420880   2.85433500E+01   1.91273427E-03   8.87754129E-03
    420900   2.85443500E+01   1.91259028E-03   8.87755559E-03
    420920   2.85453500E+01   1.91244789E-03   8.87756552E-03
    420940   2.85463500E+01   1.91230665E-03   8.87757136E-03
    420960   2.85473500E+01   1.91216462E-03   8.87757400E-03
    420980   2.85483500E+01   1.91201971E-03   8.87757467E-03
    421000   2.85493500E+01   1.91187106E-03   8.87757460E-03
    421020   2.85503500E+01   1.91172038E-03   8.87757467E-03
    421040   2.85513500E+01   1.91157250E-03   8.87757513E-03
    421060   2.85523500E+01   1.91143516E-03   8.87757550E-03
    421080   2.85533500E+01   1.91131802E-03   8.87757462E-03
    421100   2.85543500E+01   1.91123094E-03   8.87757090E-03
    421120   2.85553500E+01   1.91118208E-03   8.87756274E-03
    421140   2.85563500E+01   1.91117608E-03   8.87754888E-03
    421160   2.85573500E+01   1.91121302E-03   8.87752874E-03
    421180   2.85583500E+01   1.91128830E-03   8.87750264E-03
    421200   2.85593500E+01   1.91139359E-03   8.87747179E-03
    421220   2.85603500E+01   1.91151861E-03   8.87743806E-03
    421240   2.85613500E+01   1.91165335E-03   8.87740365E-03
    421260   2.85623500E+01   1.91179006E-03   8.87737065E-03
    421280   2.85633500E+01   1.91192475E-03   8.87734064E-03
    421300   2.85643500E+01   1.91205763E-03   8.87731442E-03
    421320   2.85653500E+01   1.91219243E-03   8.87729194E-03
    421340   2.85663500E+01   1.91233480E-03   8.87727244E-03
    421360   2.85673500E+01   1.91249009E-03   8.87725467E-03
    421380   2.85683500E+01   1.91266120E-03   8.87723734E-03
    421400   2.85693500E+01   1.91284704E-03   8.87721948E-03
    421420   2.85703500E+01   1.91304190E-03   8.87720072E-03
    421440   2.85713500E+01   1.91323602E-03   8.87718147E-03
    421460   2.85723500E+01   1.91341717E-03   8.87716280E-03
    421480   2.85733500E+01   1.91357291E-03   8.87714625E-03
    421500   2.85743500E+01   1.91369288E-03   8.87713347E-03
    421520   2.85753500E+01   1.91377080E-03   8.87712584E-03
    421540   2.85763500E+01   1.91380539E-03   8.87712418E-03
    421560   2.85773500E+01   1.91380021E-03   8.87712859E-03
    421580   2.85783500E+01   1.91376254E-03   8.87713837E-03
    421600   2.85793500E+01   1.91370141E-03   8.87715223E-03
    421620   2.85803500E+01   1.91362543E-03   8.87716855E-03
    421640   2.85813500E+01   1.91354094E-03   8.87718566E-03
    421660   2.85823500E+01   1.91345085E-03   8.87720221E-03
    421680   2.85833500E+01   1.91335456E-03   8.87721727E-03
    421700   2.85843500E+01   1.91324873E-03   8.87723049E-03
    421720   2.85853500E+01   1.91312885E-03   8.87724201E-03
    421740   2.85863500E+01   1.91299103E-03   8.87725231E-03
    421760   2.85873500E+01   1.91283363E-03   8.87726200E-03
    421780   2.85883500E+01   1.91265829E-03   8.87727157E-03
    421800   2.85893500E+01   1.91247020E-03   8.87728124E-03
    421820   2.85903500E+01   1.91227742E-03   8.87729090E-03
    421840   2.85913500E+01   1.91208964E-03   8.87730007E-03
    421860   2.85923500E+01   1.91191655E-03   8.87730804E-03
    421880   2.85933500E+01   1.91176639E-03   8.87731395E-03
    421900   2.85943500E+01   1.91164487E-03   8.87731696E-03
    421920   2.85953500E+01   1.91155476E-03   8.87731640E-03
    421940   2.85963500E+01   1.91149608E-03   8.87731186E-03
    421960   2.85973500E+01   1.91146680E-03   8.87730320E-03
    421980   2.85983500E+01   1.91146393E-03   8.87729054E-03
    422000   2.85993500E+01   1.91148443E-03   8.87727426E-03
    422020   2.86003500E+01   1.91152596E-03   8.87725496E-03
    422040   2.86013500E+01   1.91158714E-03   8.87723335E-03
    422060   2.86023500E+01   1.91166742E-03   8.87721026E-03
    422080   2.86033500E+01   1.91176670E-03   8.87718652E-03
    422100   2.86043500E+01   1.91188475E-03   8.87716296E-03
    422120   2.86053500E+01   1.91202079E-03   8.87714031E-03
    422140   2.86063500E+01   1.91217322E-03   8.87711915E-03
    422160   2.86073500E+01   1.91233959E-03   8.87709984E-03
    422180   2.86083500E+01   1.91251681E-03   8.87708249E-03
    422200   2.86093500E+01   1.91270141E-03   8.87706697E-03
    422220   2.86103500E+01   1.91288982E-03   8.87705301E-03
    422240   2.86113500E+01   1.91307842E-03   8.87704028E-03
    422260   2.86123500E+01   1.91326349E-03   8.87702850E-03
    422280   2.86133500E+01   1.91344105E-03   8.87701763E-03
    422300   2.86143500E+01   1.91360668E-03   8.87700795E-03
    422320   2.86153500E+01   1.91375551E-03   8.87700005E-03
    422340   2.86163500E+01   1.91388244E-03   8.87699483E-03
    422360   2.86173500E+01   1.91398262E-03   8.87699328E-03
    422380   2.86183500E+01   1.91405216E-03   8.87699631E-03
    422400   2.86193500E+01   1.91408885E-03   8.87700449E-03
    422420   2.86203500E+01   1.91409269E-03   8.87701793E-03
    422440   2.86213500E+01   1.91406605E-03   8.87703609E-03
    422460   2.86223500E+01   1.91401330E-03   8.87705786E-03
    422480   2.86233500E+01   1.91394008E-03   8.87708174E-03
    422500   2.86243500E+01   1.91385216E-03   8.87710604E-03
    422520   2.86253500E+01   1.91375424E-03   8.87712924E-03
    422540   2.86263500E+01   1.91364915E-03   8.87715024E-03
    422560   2.86273500E+01   1.91353733E-03   8.87716854E-03
    422580   2.86283500E+01   1.91341725E-03   8.87718432E-03
    422600   2.86293500E+01   1.91328627E-03   8.87719828E-03
    422620   2.86303500E+01   1.91314210E-03   8.87721143E-03
    422640   2.86313500E+01   1.91298411E-03   8.87722476E-03
    422660   2.86323500E+01   1.91281457E-03   8.87723890E-03
    422680   2.86333500E+01   1.91263912E-03   8.87725387E-03
    422700   2.86343500E+01   1.91246643E-03   8.87726904E-03
    422720   2.86353500E+01   1.91230712E-03   8.87728313E-03
    422740   2.86363500E+01   1.91217195E-03   8.87729451E-03
    422760   2.86373500E+01   1.91206996E-03   8.87730153E-03
    422780   2.86383500E+01   1.91200678E-03   8.87730284E-03
    422800   2.86393500E+01   1.91198371E-03   8.87729776E-03
    422820   2.86403500E+01   1.91199770E-03   8.87728642E-03
    422840   2.86413500E+01   1.91204228E-03   8.87726974E-03
    422860   2.86423500E+01   1.91210923E-03   8.87724928E-03
    422880   2.86433500E+01   1.91219063E-03   8.87722688E-03
    422900   2.86443500E+01   1.91228069E-03   8.87720431E-03
    422920   2.86453500E+01   1.91237703E-03   8.87718291E-03
    422940   2.86463500E+01   1.91248095E-03   8.87716340E-03
    422960   2.86473500E+01   1.91259668E-03   8.87714576E-03
    422980   2.86483500E+01   1.91272986E-03   8.87712934E-03
    423000   2.86493500E+01   1.91288553E-03   8.87711314E-03
    423020   2.86503500E+01   1.91306622E-03   8.87709615E-03
    423040   2.86513500E+01   1.91327053E-03   8.87707763E-03
    423060   2.86523500E+01   1.91349275E-03   8.87705739E-03
    423080   2.86533500E+01   1.91372337E-03   8.87703589E-03
    423100   2.86543500E+01   1.91395061E-03   8.87701416E-03
    423120   2.86553500E+01   1.91416238E-03   8.87699366E-03
    423140   2.86563500E+01   1.91434838E-03   8.87697594E-03
    423160   2.86573500E+01   1.91450173E-03   8.87696233E-03
    423180   2.86583500E+01   1.91461982E-03   8.87695369E-03
    423200   2.86593500E+01   1.91470417E-03   8.87695031E-03
    423220   2.86603500E+01   1.91475941E-03   8.87695180E-03
    423240   2.86613500E+01   1.91479164E-03   8.87695729E-03
    423260   2.86623500E+01   1.91480665E-03   8.87696556E-03
    423280   2.86633500E+01   1.91480841E-03   8.87697535E-03
    423300   2.86643500E+01   1.91479818E-03   8.87698557E-03
    423320   2.86653500E+01   1.91477446E-03   8.87699544E-03
    423340   2.86663500E+01   1.91473368E-03   8.87700460E-03
    423360   2.86673500E+01   1.91467148E-03   8.87701303E-03
    423380   2.86683500E+01   1.91458420E-03   8.87702096E-03
    423400   2.86693500E+01   1.91447025E-03   8.87702873E-03
    423420   2.86703500E+01   1.91433089E-03   8.87703659E-03
    423440   2.86713500E+01   1.91417036E-03   8.87704464E-03
    423460   2.86723500E+01   1.91399540E-03   8.87705268E-03
    423480   2.86733500E+01   1.91381425E-03   8.87706028E-03
    423500   2.86743500E+01   1.91363543E-03   8.87706682E-03
    423520   2.86753500E+01   1.91346658E-03   8.87707153E-03
    423540   2.86763500E+01   1.91331369E-03   8.87707365E-03
    423560   2.86773500E+01   1.91318070E-03   8.87707247E-03
    423580   2.86783500E+01   1.91306964E-03   8.87706740E-03
    423600   2.86793500E+01   1.91298111E-03   8.87705806E-03
    423620   2.86803500E+01   1.91291491E-03   8.87704426E-03
    423640   2.86813500E+01   1.91287059E-03   8.87702604E-03
    423660   2.86823500E+01   1.91284791E-03   8.87700365E-03
    423680   2.86833500E+01   1.91284695E-03   8.87697754E-03
    423700   2.86843500E+01   1.91286799E-03   8.87694835E-03
    423720   2.86853500E+01   1.91291132E-03   8.87691687E-03
    423740   2.86863500E+01   1.91297692E-03   8.87688391E-03
    423760   2.86873500E+01   1.91306429E-03   8.87685028E-03
    423780   2.86883500E+01   1.91317246E-03   8.87681665E-03
    423800   2.86893500E+01   1.91330004E-03   8.87678348E-03
    423820   2.86903500E+01   1.91344538E-03   8.87675098E-03
    423840   2.86913500E+01   1.91360665E-03   8.87671911E-03
    423860   2.86923500E+01   1.91378188E-03   8.87668765E-03
    423880   2.86933500E+01   1.91396869E-03   8.87665631E-03
    423900   2.86943500E+01   1.91416411E-03   8.87662490E-03
    423920   2.86953500E+01   1.91436416E-03   8.87659350E-03
    423940   2.86963500E+01   1.91456378E-03   8.87656250E-03
    423960   2.86973500E+01   1.91475684E-03   8.87653267E-03
    423980   2.86983500E+01   1.91493666E-03   8.87650507E-03
    424000   2.86993500E+01   1.91509668E-03   8.87648091E-03
    424020   2.87003500E+01   1.91523134E-03   8.87646129E-03
    424040   2.87013500E+01   1.91533692E-03   8.87644701E-03
    424060   2.87023500E+01   1.91541207E-03   8.87643834E-03
    424080   2.87033500E+01   1.91545799E-03   8.87643496E-03
    424100   2.87043500E+01   1.91547794E-03   8.87643598E-03
    424120   2.87053500E+01   1.91547637E-03   8.87644010E-03
    424140   2.87063500E+01   1.91545776E-03   8.87644586E-03
    424160   2.87073500E+01   1.91542540E-03   8.87645190E-03
    424180   2.87083500E+01   1.91538062E-03   8.87645728E-03
    424200   2.87093500E+01   1.91532253E-03   8.87646159E-03
    424220   2.87103500E+01   1.91524835E-03   8.87646503E-03
    424240   2.87113500E+01   1.91515452E-03   8.87646826E-03
    424260   2.87123500E+01   1.91503799E-03   8.87647220E-03
    424280   2.87133500E+01   1.91489775E-03   8.87647769E-03
    424300   2.87143500E+01   1.91473584E-03   8.87648524E-03
    424320   2.87153500E+01   1.91455784E-03   8.87649482E-03
    424340   2.87163500E+01   1.91437244E-03   8.87650573E-03
    424360   2.87173500E+01   1.91419031E-03   8.87651669E-03
    424380   2.87183500E+01   1.91402242E-03   8.87652613E-03
    424400   2.87193500E+01   1.91387823E-03   8.87653241E-03
    424420   2.87203500E+01   1.91376414E-03   8.87653420E-03
    424440   2.87213500E+01   1.91368262E-03   8.87653076E-03
    424460   2.87223500E+01   1.91363221E-03   8.87652204E-03
    424480   2.87233500E+01   1.91360844E-03   8.87650872E-03
    424500   2.87243500E+01   1.91360534E-03   8.87649203E-03
    424520   2.87253500E+01   1.91361726E-03   8.87647346E-03
    424540   2.87263500E+01   1.91364050E-03   8.87645446E-03
    424560   2.87273500E+01   1.91367432E-03   8.87643612E-03
    424580   2.87283500E+01   1.91372117E-03   8.87641900E-03
    424600   2.87293500E+01   1.91378595E-03   8.87640307E-03
    424620   2.87303500E+01   1.91387459E-03   8.87638780E-03
    424640   2.87313500E+01   1.91399225E-03   8.87637238E-03
    424660   2.87323500E+01   1.91414169E-03   8.87635598E-03
    424680   2.87333500E+01   1.91432202E-03   8.87633805E-03
    424700   2.87343500E+01   1.91452840E-03   8.87631849E-03
    424720   2.87353500E+01   1.91475252E-03   8.87629777E-03
    424740   2.87363500E+01   1.91498390E-03   8.87627684E-03
    424760   2.87373500E+01   1.91521159E-03   8.87625702E-03
    424780   2.87383500E+01   1.91542599E-03   8.87623968E-03
    424800   2.87393500E+01   1.91562019E-03   8.87622610E-03
    424820   2.87403500E+01   1.91579067E-03   8.87621716E-03
    424840   2.87413500E+01   1.91593721E-03   8.87621325E-03
    424860   2.87423500E+01   1.91606204E-03   8.87621427E-03
    424880   2.87433500E+01   1.91616857E-03   8.87621968E-03
    424900   2.87443500E+01   1.91625998E-03   8.87622869E-03
    424920   2.87453500E+01   1.91633797E-03   8.87624041E-03
    424940   2.87463500E+01   1.91640219E-03   8.87625406E-03
    424960   2.87473500E+01   1.91645017E-03   8.87626906E-03
    424980   2.87483500E+01   1.91647794E-03   8.87628510E-03
    425000   2.87493500E+01   1.91648113E-03   8.87630214E-03
    425020   2.87503500E+01   1.91645601E-03   8.87632028E-03
    425040   2.87513500E+01   1.91640062E-03   8.87633971E-03
    425060   2.87523500E+01   1.91631531E-03   8.87636055E-03
    425080   2.87533500E+01   1.91620289E-03   8.87638280E-03
    425100   2.87543500E+01   1.91606824E-03   8.87640628E-03
    425120   2.87553500E+01   1.91591760E-03   8.87643060E-03
    425140   2.87563500E+01   1.91575771E-03   8.87645520E-03
    425160   2.87573500E+01   1.91559497E-03   8.87647936E-03
    425180   2.87583500E+01   1.91543492E-03   8.87650234E-03
    425200   2.87593500E+01   1.91528197E-03   8.87652332E-03
    425220   2.87603500E+01   1.91513943E-03   8.87654159E-03
    425240   2.87613500E+01   1.91500979E-03   8.87655646E-03
    425260   2.87623500E+01   1.91489501E-03   8.87656744E-03
    425280   2.87633500E+01   1.91479680E-03   8.87657419E-03
    425300   2.87643500E+01   1.91471680E-03   8.87657664E-03
    425320   2.87653500E+01   1.91465648E-03   8.87657492E-03
    425340   2.87663500E+01   1.91461710E-03   8.87656941E-03
    425360   2.87673500E+01   1.91459955E-03   8.87656069E-03
    425380   2.87683500E+01   1.91460432E-03   8.87654944E-03
    425400   2.87693500E+01   1.91463153E-03   8.87653634E-03
    425420   2.87703500E+01   1.91468105E-03   8.87652197E-03
    425440   2.87713500E+01   1.91475272E-03   8.87650670E-03
    425460   2.87723500E+01   1.91484644E-03   8.87649062E-03
    425480   2.87733500E+01   1.91496217E-03   8.87647361E-03
    425500   2.87743500E+01   1.91509968E-03   8.87645536E-03
    425520   2.87753500E+01   1.91525817E-03   8.87643553E-03
    425540   2.87763500E+01   1.91543578E-03   8.87641392E-03
    425560   2.87773500E+01   1.91562920E-03   8.87639060E-03
    425580   2.87783500E+01   1.91583348E-03   8.87636602E-03
    425600   2.87793500E+01   1.91604223E-03   8.87634106E-03
    425620   2.87803500E+01   1.91624809E-03   8.87631689E-03
    425640   2.87813500E+01   1.91644361E-03   8.87629483E-03
    425660   2.87823500E+01   1.91662222E-03   8.87627613E-03
    425680   2.87833500E+01   1.91677915E-03   8.87626172E-03
    425700   2.87843500E+01   1.91691196E-03   8.87625206E-03
    425720   2.87853500E+01   1.91702067E-03   8.87624702E-03
    425740   2.87863500E+01   1.91710725E-03   8.87624592E-03
    425760   2.87873500E+01   1.91717473E-03   8.87624767E-03
    425780   2.87883500E+01   1.91722608E-03   8.87625106E-03
    425800   2.87893500E+01   1.91726306E-03   8.87625495E-03
    425820   2.87903500E+01   1.91728547E-03   8.87625855E-03
    425840   2.87913500E+01   1.91729100E-03   8.87626158E-03
    425860   2.87923500E+01   1.91727563E-03   8.87626426E-03
    425880   2.87933500E+01   1.91723474E-03   8.87626723E-03
    425900   2.87943500E+01   1.91716444E-03   8.87627130E-03
    425920   2.87953500E+01   1.91706290E-03   8.87627722E-03
    425940   2.87963500E+01   1.91693143E-03   8.87628536E-03
    425960   2.87973500E+01   1.91677481E-03   8.87629557E-03
    425980   2.87983500E+01   1.91660088E-03   8.87630711E-03
    426000   2.87993500E+01   1.91641949E-03   8.87631871E-03
    426020   2.88003500E+01   1.91624090E-03   8.87632880E-03
    426040   2.88013500E+01   1.91607417E-03   8.87633579E-03
    426060   2.88023500E+01   1.91592575E-03   8.87633835E-03
    426080   2.88033500E+01   1.91579879E-03   8.87633566E-03
    426100   2.88043500E+01   1.91569311E-03   8.87632755E-03
    426120   2.88053500E+01   1.91560603E-03   8.87631445E-03
    426140   2.88063500E+01   1.91553371E-03   8.87629730E-03
    426160   2.88073500E+01   1.91547271E-03   8.87627727E-03
    426180   2.88083500E+01   1.91542140E-03   8.87625549E-03
    426200   2.88093500E+01   1.91538074E-03   8.87623282E-03
    426220   2.88103500E+01   1.91535438E-03   8.87620967E-03
    426240   2.88113500E+01   1.91534798E-03   8.87618597E-03
    426260   2.88123500E+01   1.91536793E-03   8.87616125E-03
    426280   2.88133500E+01   1.91541979E-03   8.87613483E-03
    426300   2.88143500E+01   1.91550687E-03   8.87610602E-03
    426320   2.88153500E+01   1.91562920E-03   8.87607442E-03
    426340   2.88163500E+01   1.91578328E-03   8.87603999E-03
    426360   2.88173500E+01   1.91596254E-03   8.87600320E-03
    426380   2.88183500E+01   1.91615845E-03   8.87596496E-03
    426400   2.88193500E+01   1.91636190E-03   8.87592647E-03
    426420   2.88203500E+01   1.91656468E-03   8.87588906E-03
    426440   2.88213500E+01   1.91676057E-03   8.87585393E-03
    426460   2.88223500E+01   1.91694589E-03   8.87582203E-03
    426480   2.88233500E+01   1.91711943E-03   8.87579392E-03
    426500   2.88243500E+01   1.91728171E-03   8.87576978E-03
    426520   2.88253500E+01   1.91743406E-03   8.87574940E-03
    426540   2.88263500E+01   1.91757745E-03   8.87573236E-03
    426560   2.88273500E+01   1.91771169E-03   8.87571813E-03
    426580   2.88283500E+01   1.91783494E-03   8.87570622E-03
    426600   2.88293500E+01   1.91794380E-03   8.87569626E-03
    426620   2.88303500E+01   1.91803380E-03   8.87568806E-03
    426640   2.88313500E+01   1.91810025E-03   8.87568162E-03
    426660   2.88323500E+01   1.91813914E-03   8.87567705E-03
    426680   2.88333500E+01   1.91814786E-03   8.87567454E-03
    426700   2.88343500E+01   1.91812568E-03   8.87567425E-03
    426720   2.88353500E+01   1.91807378E-03   8.87567628E-03
    426740   2.88363500E+01   1.91799507E-03   8.87568059E-03
    426760   2.88373500E+01   1.91789361E-03   8.87568698E-03
    426780   2.88383500E+01   1.91777408E-03   8.87569511E-03
    426800   2.88393500E+01   1.91764124E-03   8.87570447E-03
    426820   2.88403500E+01   1.91749958E-03   8.87571442E-03
    426840   2.88413500E+01   1.91735322E-03   8.87572422E-03
    426860   2.88423500E+01   1.91720586E-03   8.87573307E-03
    426880   2.88433500E+01   1.91706095E-03   8.87574019E-03
    426900   2.88443500E+01   1.91692173E-03   8.87574488E-03
    426920   2.88453500E+01   1.91679131E-03   8.87574660E-03
    426940   2.88463500E+01   1.91667256E-03   8.87574502E-03
    426960   2.88473500E+01   1.91656804E-03   8.87574009E-03
    426980   2.88483500E+01   1.91647986E-03   8.87573200E-03
    427000   2.88493500E+01   1.91640966E-03   8.87572120E-03
    427020   2.88503500E+01   1.91635862E-03   8.87570823E-03
    427040   2.88513500E+01   1.91632770E-03   8.87569366E-03
    427060   2.88523500E+01   1.91631788E-03   8.87567796E-03
    427080   2.88533500E+01   1.91633035E-03   8.87566135E-03
    427100   2.88543500E+01   1.91636663E-03   8.87564383E-03
    427120   2.88553500E+01   1.91642840E-03   8.87562510E-03
    427140   2.88563500E+01   1.91651713E-03   8.87560474E-03
    427160   2.88573500E+01   1.91663362E-03   8.87558228E-03
    427180   2.88583500E+01   1.91677735E-03   8.87555744E-03
    427200   2.88593500E+01   1.91694606E-03   8.87553024E-03
    427220   2.88603500E+01   1.91713555E-03   8.87550112E-03
    427240   2.88613500E+01   1.91733988E-03   8.87547094E-03
    427260   2.88623500E+01   1.91755195E-03   8.87544089E-03
    427280   2.88633500E+01   1.91776436E-03   8.87541237E-03
    427300   2.88643500E+01   1.91797045E-03   8.87538668E-03
    427320   2.88653500E+01   1.91816514E-03   8.87536485E-03
    427340   2.88663500E+01   1.91834546E-03   8.87534747E-03
    427360   2.88673500E+01   1.91851063E-03   8.87533456E-03
    427380   2.88683500E+01   1.91866153E-03   8.87532566E-03
    427400   2.88693500E+01   1.91879981E-03   8.87531993E-03
    427420   2.88703500E+01   1.91892688E-03   8.87531639E-03
    427440   2.88713500E+01   1.91904283E-03   8.87531416E-03
    427460   2.88723500E+01   1.91914584E-03   8.87531268E-03
    427480   2.88733500E+01   1.91923211E-03   8.87531185E-03
    427500   2.88743500E+01   1.91929632E-03   8.87531201E-03
    427520   2.88753500E+01   1.91933275E-03   8.87531385E-03
    427540   2.88763500E+01   1.91933651E-03   8.87531820E-03
    427560   2.88773500E+01   1.91930484E-03   8.87532579E-03
    427580   2.88783500E+01   1.91923800E-03   8.87533698E-03
    427600   2.88793500E+01   1.91913954E-03   8.87535161E-03
    427620   2.88803500E+01   1.91901592E-03   8.87536897E-03
    427640   2.88813500E+01   1.91887550E-03   8.87538785E-03
    427660   2.88823500E+01   1.91872715E-03   8.87540672E-03
    427680   2.88833500E+01   1.91857879E-03   8.87542403E-03
    427700   2.88843500E+01   1.91843618E-03   8.87543842E-03
    427720   2.88853500E+01   1.91830236E-03   8.87544897E-03
    427740   2.88863500E+01   1.91817771E-03   8.87545530E-03
    427760   2.88873500E+01   1.91806071E-03   8.87545757E-03
    427780   2.88883500E+01   1.91794911E-03   8.87545638E-03
    427800   2.88893500E+01   1.91784125E-03   8.87545251E-03
    427820   2.88903500E+01   1.91773717E-03   8.87544674E-03
    427840   2.88913500E+01   1.91763930E-03   8.87543964E-03
    427860   2.88923500E+01   1.91755238E-03   8.87543141E-03
    427880   2.88933500E+01   1.91748280E-03   8.87542185E-03
    427900   2.88943500E+01   1.91743747E-03   8.87541047E-03
    427920   2.88953500E+01   1.91742243E-03   8.87539659E-03
    427940   2.88963500E+01   1.91744165E-03   8.87537956E-03
    427960   2.88973500E+01   1.91749626E-03   8.87535895E-03
    427980   2.88983500E+01   1.91758430E-03   8.87533470E-03
    428000   2.88993500E+01   1.91770112E-03   8.87530715E-03
    428020   2.89003500E+01   1.91784036E-03   8.87527703E-03
    428040   2.89013500E+01   1.91799506E-03   8.87524536E-03
    428060   2.89023500E+01   1.91815883E-03   8.87521328E-03
    428080   2.89033500E+01   1.91832673E-03   8.87518192E-03
    428100   2.89043500E+01   1.91849562E-03   8.87515221E-03
    428120   2.89053500E+01   1.91866409E-03   8.87512482E-03
    428140   2.89063500E+01   1.91883189E-03   8.87510011E-03
    428160   2.89073500E+01   1.91899913E-03   8.87507816E-03
    428180   2.89083500E+01   1.91916543E-03   8.87505885E-03
    428200   2.89093500E+01   1.91932932E-03   8.87504194E-03
    428220   2.89103500E+01   1.91948796E-03   8.87502718E-03
    428240   2.89113500E+01   1.91963725E-03   8.87501435E-03
    428260   2.89123500E+01   1.91977226E-03   8.87500335E-03
    428280   2.89133500E+01   1.91988794E-03   8.87499420E-03
    428300   2.89143500E+01   1.91997974E-03   8.87498698E-03
    428320   2.89153500E+01   1.92004427E-03   8.87498185E-03
    428340   2.89163500E+01   1.92007954E-03   8.87497898E-03
    428360   2.89173500E+01   1.92008512E-03   8.87497853E-03
    428380   2.89183500E+01   1.92006188E-03   8.87498057E-03
    428400   2.89193500E+01   1.92001172E-03   8.87498506E-03
    428420   2.89203500E+01   1.91993722E-03   8.87499183E-03
    428440   2.89213500E+01   1.91984133E-03   8.87500052E-03
    428460   2.89223500E+01   1.91972721E-03   8.87501061E-03
    428480   2.89233500E+01   1.91959813E-03   8.87502142E-03
    428500   2.89243500E+01   1.91945746E-03   8.87503214E-03
    428520   2.89253500E+01   1.91930871E-03   8.87504189E-03
    428540   2.89263500E+01   1.91915541E-03   8.87504985E-03
    428560   2.89273500E+01   1.91900108E-03   8.87505531E-03
    428580   2.89283500E+01   1.91884904E-03   8.87505779E-03
    428600   2.89293500E+01   1.91870224E-03   8.87505708E-03
    428620   2.89303500E+01   1.91856316E-03   8.87505323E-03
    428640   2.89313500E+01   1.91843389E-03   8.87504656E-03
    428660   2.89323500E+01   1.91831626E-03   8.87503754E-03
    428680   2.89333500E+01   1.91821211E-03   8.87502666E-03
    428700   2.89343500E+01   1.91812359E-03   8.87501428E-03
    428720   2.89353500E+01   1.91805335E-03   8.87500055E-03
    428740   2.89363500E+01   1.91800457E-03   8.87498533E-03
    428760   2.89373500E+01   1.91798068E-03   8.87496823E-03
    428780   2.89383500E+01   1.91798495E-03   8.87494871E-03
    428800   2.89393500E+01   1.91801979E-03   8.87492618E-03
    428820   2.89403500E+01   1.91808616E-03   8.87490026E-03
    428840   2.89413500E+01   1.91818308E-03   8.87487086E-03
    428860   2.89423500E+01   1.91830748E-03   8.87483832E-03
    428880   2.89433500E+01   1.91845442E-03   8.87480345E-03
    428900   2.89443500E+01   1.91861770E-03   8.87476738E-03
    428920   2.89453500E+01   1.91879079E-03   8.87473144E-03
    428940   2.89463500E+01   1.91896773E-03   8.87469695E-03
    428960   2.89473500E+01   1.91914399E-03   8.87466497E-03
    428980   2.89483500E+01   1.91931686E-03   8.87463617E-03
    429000   2.89493500E+01   1.91948548E-03   8.87461073E-03
    429020   2.89503500E+01   1.91965027E-03   8.87458837E-03
    429040   2.89513500E+01   1.91981211E-03   8.87456848E-03
    429060   2.89523500E+01   1.91997131E-03   8.87455034E-03
    429080   2.89533500E+01   1.92012669E-03   8.87453333E-03
    429100   2.89543500E+01   1.92027514E-03   8.87451712E-03
    429120   2.89553500E+01   1.92041158E-03   8.87450180E-03
    429140   2.89563500E+01   1.92052959E-03   8.87448785E-03
    429160   2.89573500E+01   1.92062241E-03   8.87447609E-03
    429180   2.89583500E+01   1.92068420E-03   8.87446744E-03
    429200   2.89593500E+01   1.92071119E-03   8.87446271E-03
    429220   2.89603500E+01   1.92070245E-03   8.87446238E-03
    429240   2.89613500E+01   1.92066020E-03   8.87446647E-03
    429260   2.89623500E+01   1.92058932E-03   8.87447444E-03
    429280   2.89633500E+01   1.92049646E-03   8.87448532E-03
    429300   2.89643500E+01   1.92038873E-03   8.87449780E-03
    429320   2.89653500E+01   1.92027252E-03   8.87451051E-03
    429340   2.89663500E+01   1.92015241E-03   8.87452221E-03
    429360   2.89673500E+01   1.92003080E-03   8.87453199E-03
    429380   2.89683500E+01   1.91990796E-03   8.87453940E-03
    429400   2.89693500E+01   1.91978277E-03   8.87454439E-03
    429420   2.89703500E+01   1.91965379E-03   8.87454725E-03
    429440   2.89713500E+01   1.91952038E-03   8.87454847E-03
    429460   2.89723500E+01   1.91938365E-03   8.87454850E-03
    429480   2.89733500E+01   1.91924695E-03   8.87454763E-03
    429500   2.89743500E+01   1.91911573E-03   8.87454584E-03
    429520   2.89753500E+01   1.91899695E-03   8.87454280E-03
    429540   2.89763500E+01   1.91889799E-03   8.87453794E-03
    429560   2.89773500E+01   1.91882548E-03   8.87453052E-03
    429580   2.89783500E+01   1.91878426E-03   8.87451985E-03
    429600   2.89793500E+01   1.91877666E-03   8.87450541E-03
    429620   2.89803500E+01   1.91880235E-03   8.87448698E-03
    429640   2.89813500E+01   1.91885871E-03   8.87446469E-03
    429660   2.89823500E+01   1.91894154E-03   8.87443902E-03
    429680   2.89833500E+01   1.91904603E-03   8.87441071E-03
    429700   2.89843500E+01   1.91916768E-03   8.87438065E-03
    429720   2.89853500E+01   1.91930298E-03   8.87434978E-03
    429740   2.89863500E+01   1.91944970E-03   8.87431896E-03
    429760   2.89873500E+01   1.91960676E-03   8.87428886E-03
    429780   2.89883500E+01   1.91977380E-03   8.87426000E-03
    429800   2.89893500E+01   1.91995051E-03   8.87423266E-03
    429820   2.89903500E+01   1.92013601E-03   8.87420699E-03
    429840   2.89913500E+01   1.92032842E-03   8.87418302E-03
    429860   2.89923500E+01   1.92052461E-03   8.87416075E-03
    429880   2.89933500E+01   1.92072030E-03   8.87414016E-03
    429900   2.89943500E+01   1.92091049E-03   8.87412129E-03
    429920   2.89953500E+01   1.92108987E-03   8.87410422E-03
    429940   2.89963500E+01   1.92125346E-03   8.87408912E-03
    429960   2.89973500E+01   1.92139696E-03   8.87407620E-03
    429980   2.89983500E+01   1.92151705E-03   8.87406573E-03
    430000   2.89993500E+01   1.92161149E-03   8.87405797E-03
    430020   2.90003500E+01   1.92167910E-03   8.87405313E-03
    430040   2.90013500E+01   1.92171955E-03   8.87405138E-03
    430060   2.90023500E+01   1.92173331E-03   8.87405271E-03
    430080   2.90033500E+01   1.92172141E-03   8.87405697E-03
    430100   2.90043500E+01   1.92168548E-03   8.87406375E-03
    430120   2.90053500E+01   1.92162764E-03   8.87407247E-03
    430140   2.90063500E+01   1.92155047E-03   8.87408234E-03
    430160   2.90073500E+01   1.92145690E-03   8.87409248E-03
    430180   2.90083500E+01   1.92135009E-03   8.87410198E-03
    430200   2.90093500E+01   1.92123317E-03   8.87411002E-03
    430220   2.90103500E+01   1.92110903E-03   8.87411600E-03
    430240   2.90113500E+01   1.92098024E-03   8.87411955E-03
    430260   2.90123500E+01   1.92084895E-03   8.87412063E-03
    430280   2.90133500E+01   1.92071703E-03   8.87411942E-03
    430300   2.90143500E+01   1.92058638E-03   8.87411626E-03
    430320   2.90153500E+01   1.92045928E-03   8.87411153E-03
    430340   2.90163500E+01   1.92033866E-03   8.87410549E-03
    430360   2.90173500E+01   1.92022831E-03   8.87409816E-03
    430380   2.90183500E+01   1.92013279E-03   8.87408933E-03
    430400   2.90193500E+01   1.92005712E-03   8.87407850E-03
    430420   2.90203500E+01   1.92000615E-03   8.87406503E-03
    430440   2.90213500E+01   1.91998387E-03   8.87404826E-03
    430460   2.90223500E+01   1.91999273E-03   8.87402772E-03
    430480   2.90233500E+01   1.92003313E-03   8.87400322E-03
    430500   2.90243500E+01   1.92010332E-03   8.87397502E-03
    430520   2.90253500E+01   1.92019962E-03   8.87394381E-03
    430540   2.90263500E+01   1.92031711E-03   8.87391061E-03
    430560   2.90273500E+01   1.92045048E-03   8.87387668E-03
    430580   2.90283500E+01   1.92059494E-03   8.87384325E-03
    430600   2.90293500E+01   1.92074696E-03   8.87381134E-03
    430620   2.90303500E+01   1.92090463E-03   8.87378165E-03
    430640   2.90313500E+01   1.92106761E-03   8.87375441E-03
    430660   2.90323500E+01   1.92123650E-03   8.87372948E-03
    430680   2.90333500E+01   1.92141203E-03   8.87370641E-03
    430700   2.90343500E+01   1.92159406E-03   8.87368464E-03
    430720   2.90353500E+01   1.92178082E-03   8.87366372E-03
    430740   2.90363500E+01   1.92196844E-03   8.87364346E-03
    430760   2.90373500E+01   1.92215109E-03   8.87362402E-03
    430780   2.90383500E+01   1.92232155E-03   8.87360596E-03
    430800   2.90393500E+01   1.92247226E-03   8.87359007E-03
    430820   2.90403500E+01   1.92259647E-03   8.87357728E-03
    430840   2.90413500E+01   1.92268935E-03   8.87356841E-03
    430860   2.90423500E+01   1.92274870E-03   8.87356402E-03
    430880   2.90433500E+01   1.92277516E-03   8.87356420E-03
    430900   2.90443500E+01   1.92277184E-03   8.87356863E-03
    430920   2.90453500E+01   1.92274345E-03   8.87357655E-03
    430940   2.90463500E+01   1.92269523E-03   8.87358691E-03
    430960   2.90473500E+01   1.92263181E-03   8.87359858E-03
    430980   2.90483500E+01   1.92255641E-03   8.87361052E-03
    431000   2.90493500E+01   1.92247042E-03   8.87362194E-03
    431020   2.90503500E+01   1.92237359E-03   8.87363238E-03
    431040   2.90513500E+01   1.92226467E-03   8.87364172E-03
    431060   2.90523500E+01   1.92214234E-03   8.87365011E-03
    431080   2.90533500E+01   1.92200624E-03   8.87365782E-03
    431100   2.90543500E+01   1.92185771E-03   8.87366511E-03
    431120   2.90553500E+01   1.92170024E-03   8.87367209E-03
    431140   2.90563500E+01   1.92153932E-03   8.87367860E-03
    431160   2.90573500E+01   1.92138189E-03   8.87368423E-03
    431180   2.90583500E+01   1.92123538E-03   8.87368837E-03
    431200   2.90593500E+01   1.92110675E-03   8.87369025E-03
    431220   2.90603500E+01   1.92100151E-03   8.87368914E-03
    431240   2.90613500E+01   1.92092320E-03   8.87368442E-03
    431260   2.90623500E+01   1.92087312E-03   8.87367572E-03
    431280   2.90633500E+01   1.92085066E-03   8.87366293E-03
    431300   2.90643500E+01   1.92085383E-03   8.87364625E-03
    431320   2.90653500E+01   1.92088003E-03   8.87362610E-03
    431340   2.90663500E+01   1.92092672E-03   8.87360308E-03
    431360   2.90673500E+01   1.92099198E-03   8.87357787E-03
    431380   2.90683500E+01   1.92107466E-03   8.87355113E-03
    431400   2.90693500E+01   1.92117438E-03   8.87352347E-03
    431420   2.90703500E+01   1.92129113E-03   8.87349537E-03
    431440   2.90713500E+01   1.92142482E-03   8.87346720E-03
    431460   2.90723500E+01   1.92157480E-03   8.87343923E-03
    431480   2.90733500E+01   1.92173949E-03   8.87341162E-03
    431500   2.90743500E+01   1.92191624E-03   8.87338450E-03
    431520   2.90753500E+01   1.92210140E-03   8.87335798E-03
    431540   2.90763500E+01   1.92229057E-03   8.87333218E-03
    431560   2.90773500E+01   1.92247889E-03   8.87330729E-03
    431580   2.90783500E+01   1.92266146E-03   8.87328355E-03
    431600   2.90793500E+01   1.92283361E-03   8.87326130E-03
    431620   2.90803500E+01   1.92299115E-03   8.87324093E-03
    431640   2.90813500E+01   1.92313047E-03   8.87322290E-03
    431660   2.90823500E+01   1.92324864E-03   8.87320768E-03
    431680   2.90833500E+01   1.92334341E-03   8.87319566E-03
    431700   2.90843500E+01   1.92341330E-03   8.87318715E-03
    431720   2.90853500E+01   1.92345759E-03   8.87318223E-03
    431740   2.90863500E+01   1.92347637E-03   8.87318076E-03
    431760   2.90873500E+01   1.92347051E-03   8.87318236E-03
    431780   2.90883500E+01   1.92344161E-03   8.87318639E-03
    431800   2.90893500E+01   1.92339178E-03   8.87319205E-03
    431820   2.90903500E+01   1.92332341E-03   8.87319849E-03
    431840   2.90913500E+01   1.92323883E-03   8.87320490E-03
    431860   2.90923500E+01   1.92314014E-03   8.87321063E-03
    431880   2.90933500E+01   1.92302899E-03   8.87321527E-03
    431900   2.90943500E+01   1.92290669E-03   8.87321868E-03
    431920   2.90953500E+01   1.92277442E-03   8.87322091E-03
    431940   2.90963500E+01   1.92263361E-03   8.87322218E-03
    431960   2.90973500E+01   1.92248633E-03   8.87322273E-03
    431980   2.90983500E+01   1.92233570E-03   8.87322265E-03
    432000   2.90993500E+01   1.92218604E-03   8.87322182E-03
    432020   2.91003500E+01   1.92204276E-03   8.87321985E-03
    432040   2.91013500E+01   1.92191196E-03   8.87321612E-03
    432060   2.91023500E+01   1.92179973E-03   8.87320984E-03
    432080   2.91033500E+01   1.92171140E-03   8.87320022E-03
    432100   2.91043500E+01   1.92165081E-03   8.87318663E-03
    432120   2.91053500E+01   1.92161982E-03   8.87316875E-03
    432140   2.91063500E+01   1.92161816E-03   8.87314667E-03
    432160   2.91073500E+01   1.92164369E-03   8.87312090E-03
    432180   2.91083500E+01   1.92169303E-03   8.87309229E-03
    432200   2.91093500E+01   1.92176238E-03   8.87306190E-03
    432220   2.91103500E+01   1.92184842E-03   8.87303083E-03
    432240   2.91113500E+01   1.92194894E-03   8.87300001E-03
    432260   2.91123500E+01   1.92206319E-03   8.87297009E-03
    432280   2.91133500E+01   1.92219165E-03   8.87294133E-03
    432300   2.91143500E+01   1.92233556E-03   8.87291368E-03
    432320   2.91153500E+01   1.92249600E-03   8.87288685E-03
    432340   2.91163500E+01   1.92267305E-03   8.87286048E-03
    432360   2.91173500E+01   1.92286498E-03   8.87283427E-03
    432380   2.91183500E+01   1.92306795E-03   8.87280819E-03
    432400   2.91193500E+01   1.92327603E-03   8.87278254E-03
    432420   2.91203500E+01   1.92348187E-03   8.87275794E-03
    432440   2.91213500E+01   1.92367760E-03   8.87273522E-03
    432460   2.91223500E+01   1.92385595E-03   8.87271533E-03
    432480   2.91233500E+01   1.92401124E-03   8.87269913E-03
    432500   2.91243500E+01   1.92414005E-03   8.87268721E-03
    432520   2.91253500E+01   1.92424143E-03   8.87267982E-03
    432540   2.91263500E+01   1.92431657E-03   8.87267678E-03
    432560   2.91273500E+01   1.92436813E-03   8.87267754E-03
    432580   2.91283500E+01   1.92439925E-03   8.87268129E-03
    432600   2.91293500E+01   1.92441265E-03   8.87268715E-03
    432620   2.91303500E+01   1.92440992E-03   8.87269424E-03
    432640   2.91313500E+01   1.92439123E-03   8.87270191E-03
    432660   2.91323500E+01   1.92435547E-03   8.87270973E-03
    432680   2.91333500E+01   1.92430086E-03   8.87271756E-03
    432700   2.91343500E+01   1.92422572E-03   8.87272545E-03
    432720   2.91353500E+01   1.92412936E-03   8.87273355E-03
    432740   2.91363500E+01   1.92401272E-03   8.87274200E-03
    432760   2.91373500E+01   1.92387872E-03   8.87275079E-03
    432780   2.91383500E+01   1.92373214E-03   8.87275973E-03
    432800   2.91393500E+01   1.92357921E-03   8.87276841E-03
    432820   2.91403500E+01   1.92342678E-03   8.87277623E-03
    432840   2.91413500E+01   1.92328155E-03   8.87278248E-03
    432860   2.91423500E+01   1.92314926E-03   8.87278644E-03
    432880   2.91433500E+01   1.92303417E-03   8.87278745E-03
    432900   2.91443500E+01   1.92293893E-03   8.87278506E-03
    432920   2.91453500E+01   1.92286468E-03   8.87277901E-03
    432940   2.91463500E+01   1.92281149E-03   8.87276925E-03
    432960   2.91473500E+01   1.92277881E-03   8.87275598E-03
    432980   2.91483500E+01   1.92276603E-03   8.87273953E-03
    433000   2.91493500E+01   1.92277284E-03   8.87272034E-03
    433020   2.91503500E+01   1.92279935E-03   8.87269888E-03
    433040   2.91513500E+01   1.92284606E-03   8.87267563E-03
    433060   2.91523500E+01   1.92291360E-03   8.87265101E-03
    433080   2.91533500E+01   1.92300238E-03   8.87262537E-03
    433100   2.91543500E+01   1.92311232E-03   8.87259897E-03
    433120   2.91553500E+01   1.92324254E-03   8.87257203E-03
    433140   2.91563500E+01   1.92339132E-03   8.87254469E-03
    433160   2.91573500E+01   1.92355603E-03   8.87251705E-03
    433180   2.91583500E+01   1.92373334E-03   8.87248925E-03
    433200   2.91593500E+01   1.92391932E-03   8.87246145E-03
    433220   2.91603500E+01   1.92410969E-03   8.87243390E-03
    433240   2.91613500E+01   1.92429997E-03   8.87240695E-03
    433260   2.91623500E+01   1.92448563E-03   8.87238105E-03
    433280   2.91633500E+01   1.92466228E-03   8.87235676E-03
    433300   2.91643500E+01   1.92482578E-03   8.87233467E-03
    433320   2.91653500E+01   1.92497238E-03   8.87231537E-03
    433340   2.91663500E+01   1.92509900E-03   8.87229934E-03
    433360   2.91673500E+01   1.92520330E-03   8.87228690E-03
    433380   2.91683500E+01   1.92528392E-03   8.87227810E-03
    433400   2.91693500E+01   1.92534041E-03   8.87227275E-03
    433420   2.91703500E+01   1.92537318E-03   8.87227040E-03
    433440   2.91713500E+01   1.92538328E-03   8.87227042E-03
    433460   2.91723500E+01   1.92537199E-03   8.87227208E-03
    433480   2.91733500E+01   1.92534062E-03   8.87227468E-03
    433500   2.91743500E+01   1.92529013E-03   8.87227765E-03
    433520   2.91753500E+01   1.92522103E-03   8.87228064E-03
    433540   2.91763500E+01   1.92513351E-03   8.87228352E-03
    433560   2.91773500E+01   1.92502767E-03   8.87228634E-03
    433580   2.91783500E+01   1.92490401E-03   8.87228927E-03
    433600   2.91793500E+01   1.92476390E-03   8.87229246E-03
    433620   2.91803500E+01   1.92461002E-03   8.87229591E-03
    433640   2.91813500E+01   1.92444644E-03   8.87229940E-03
    433660   2.91823500E+01   1.92427863E-03   8.87230243E-03
    433680   2.91833500E+01   1.92411296E-03   8.87230424E-03
    433700   2.91843500E+01   1.92395599E-03   8.87230392E-03
    433720   2.91853500E+01   1.92381380E-03   8.87230054E-03
    433740   2.91863500E+01   1.92369113E-03   8.87229335E-03
    433760   2.91873500E+01   1.92359098E-03   8.87228185E-03
    433780   2.91883500E+01   1.92351442E-03   8.87226591E-03
    433800   2.91893500E+01   1.92346081E-03   8.87224584E-03
    433820   2.91903500E+01   1.92342841E-03   8.87222224E-03
    433840   2.91913500E+01   1.92341508E-03   8.87219592E-03
    433860   2.91923500E+01   1.92341912E-03   8.87216776E-03
    433880   2.91933500E+01   1.92343981E-03   8.87213848E-03
    433900   2.91943500E+01   1.92347767E-03   8.87210859E-03
    433920   2.91953500E+01   1.92353430E-03   8.87207831E-03
    433940   2.91963500E+01   1.92361178E-03   8.87204757E-03
    433960   2.91973500E+01   1.92371194E-03   8.87201615E-03
    433980   2.91983500E+01   1.92383550E-03   8.87198377E-03
    434000   2.91993500E+01   1.92398137E-03   8.87195026E-03
    434020   2.92003500E+01   1.92414638E-03   8.87191571E-03
    434040   2.92013500E+01   1.92432530E-03   8.87188051E-03
    434060   2.92023500E+01   1.92451144E-03   8.87184532E-03
    434080   2.92033500E+01   1.92469745E-03   8.87181104E-03
    434100   2.92043500E+01   1.92487628E-03   8.87177868E-03
    434120   2.92053500E+01   1.92504213E-03   8.87174916E-03
    434140   2.92063500E+01   1.92519095E-03   8.87172319E-03
    434160   2.92073500E+01   1.92532067E-03   8.87170117E-03
    434180   2.92083500E+01   1.92543101E-03   8.87168313E-03
    434200   2.92093500E+01   1.92552279E-03   8.87166879E-03
    434220   2.92103500E+01   1.92559725E-03   8.87165765E-03
    434240   2.92113500E+01   1.92565527E-03   8.87164907E-03
    434260   2.92123500E+01   1.92569681E-03   8.87164243E-03
    434280   2.92133500E+01   1.92572074E-03   8.87163726E-03
    434300   2.92143500E+01   1.92572499E-03   8.87163324E-03
    434320   2.92153500E+01   1.92570706E-03   8.87163026E-03
    434340   2.92163500E+01   1.92566462E-03   8.87162837E-03
    434360   2.92173500E+01   1.92559638E-03   8.87162766E-03
    434380   2.92183500E+01   1.92550249E-03   8.87162822E-03
    434400   2.92193500E+01   1.92538494E-03   8.87163001E-03
    434420   2.92203500E+01   1.92524741E-03   8.87163281E-03
    434440   2.92213500E+01   1.92509493E-03   8.87163622E-03
    434460   2.92223500E+01   1.92493328E-03   8.87163970E-03
    434480   2.92233500E+01   1.92476834E-03   8.87164254E-03
    434500   2.92243500E+01   1.92460548E-03   8.87164404E-03
    434520   2.92253500E+01   1.92444917E-03   8.87164353E-03
    434540   2.92263500E+01   1.92430281E-03   8.87164042E-03
    434560   2.92273500E+01   1.92416875E-03   8.87163432E-03
    434580   2.92283500E+01   1.92404863E-03   8.87162501E-03
    434600   2.92293500E+01   1.92394369E-03   8.87161242E-03
    434620   2.92303500E+01   1.92385504E-03   8.87159667E-03
    434640   2.92313500E+01   1.92378391E-03   8.87157796E-03
    434660   2.92323500E+01   1.92373177E-03   8.87155663E-03
    434680   2.92333500E+01   1.92370016E-03   8.87153300E-03
    434700   2.92343500E+01   1.92369065E-03   8.87150739E-03
    434720   2.92353500E+01   1.92370452E-03   8.87148010E-03
    434740   2.92363500E+01   1.92374257E-03   8.87145136E-03
    434760   2.92373500E+01   1.92380500E-03   8.87142135E-03
    434780   2.92383500E+01   1.92389127E-03   8.87139018E-03
    434800   2.92393500E+01   1.92400014E-03   8.87135790E-03
    434820   2.92403500E+01   1.92412963E-03   8.87132458E-03
    434840   2.92413500E+01   1.92427716E-03   8.87129035E-03
    434860   2.92423500E+01   1.92443951E-03   8.87125540E-03
    434880   2.92433500E+01   1.92461297E-03   8.87122006E-03
    434900   2.92443500E+01   1.92479336E-03   8.87118481E-03
    434920   2.92453500E+01   1.92497614E-03   8.87115025E-03
    434940   2.92463500E+01   1.92515675E-03   8.87111706E-03
    434960   2.92473500E+01   1.92533070E-03   8.87108596E-03
    434980   2.92483500E+01   1.92549388E-03   8.87105755E-03
    435000   2.92493500E+01   1.92564292E-03   8.87103232E-03
    435020   2.92503500E+01   1.92577532E-03   8.87101050E-03
    435040   2.92513500E+01   1.92588944E-03   8.87099206E-03
    435060   2.92523500E+01   1.92598446E-03   8.87097672E-03
    435080   2.92533500E+01   1.92606023E-03   8.87096399E-03
    435100   2.92543500E+01   1.92611680E-03   8.87095332E-03
    435120   2.92553500E+01   1.92615414E-03   8.87094416E-03
    435140   2.92563500E+01   1.92617187E-03   8.87093608E-03
    435160   2.92573500E+01   1.92616917E-03   8.87092887E-03
    435180   2.92583500E+01   1.92614485E-03   8.87092249E-03
    435200   2.92593500E+01   1.92609777E-03   8.87091710E-03
    435220   2.92603500E+01   1.92602724E-03   8.87091294E-03
    435240   2.92613500E+01   1.92593361E-03   8.87091017E-03
    435260   2.92623500E+01   1.92581867E-03   8.87090883E-03
    435280   2.92633500E+01   1.92568578E-03   8.87090869E-03
    435300   2.92643500E+01   1.92553977E-03   8.87090923E-03
    435320   2.92653500E+01   1.92538657E-03   8.87090964E-03
    435340   2.92663500E+01   1.92523251E-03   8.87090897E-03
    435360   2.92673500E+01   1.92508361E-03   8.87090624E-03
    435380   2.92683500E+01   1.92494491E-03   8.87090057E-03
    435400   2.92693500E+01   1.92481990E-03   8.87089132E-03
    435420   2.92703500E+01   1.92471049E-03   8.87087822E-03
    435440   2.92713500E+01   1.92461719E-03   8.87086134E-03
    435460   2.92723500E+01   1.92453962E-03   8.87084106E-03
    435480   2.92733500E+01   1.92447720E-03   8.87081794E-03
    435500   2.92743500E+01   1.92442978E-03   8.87079261E-03
    435520   2.92753500E+01   1.92439814E-03   8.87076557E-03
    435540   2.92763500E+01   1.92438409E-03   8.87073718E-03
    435560   2.92773500E+01   1.92439044E-03   8.87070752E-03
    435580   2.92783500E+01   1.92442026E-03   8.87067646E-03
    435600   2.92793500E+01   1.92447631E-03   8.87064372E-03
    435620   2.92803500E+01   1.92456025E-03   8.87060903E-03
    435640   2.92813500E+01   1.92467185E-03   8.87057225E-03
    435660   2.92823500E+01   1.92480898E-03   8.87053345E-03
    435680   2.92833500E+01   1.92496752E-03   8.87049299E-03
    435700   2.92843500E+01   1.92514191E-03   8.87045154E-03
    435720   2.92853500E+01   1.92532589E-03   8.87040998E-03
    435740   2.92863500E+01   1.92551325E-03   8.87036930E-03
    435760   2.92873500E+01   1.92569859E-03   8.87033047E-03
    435780   2.92883500E+01   1.92587788E-03   8.87029427E-03
    435800   2.92893500E+01   1.92604858E-03   8.87026126E-03
    435820   2.92903500E+01   1.92620942E-03   8.87023170E-03
    435840   2.92913500E+01   1.92635995E-03   8.87020558E-03
    435860   2.92923500E+01   1.92649990E-03   8.87018268E-03
    435880   2.92933500E+01   1.92662856E-03   8.87016266E-03
    435900   2.92943500E+01   1.92674443E-03   8.87014517E-03
    435920   2.92953500E+01   1.92684509E-03   8.87012996E-03
    435940   2.92963500E+01   1.92692738E-03   8.87011689E-03
    435960   2.92973500E+01   1.92698789E-03   8.87010593E-03
    435980   2.92983500E+01   1.92702343E-03   8.87009718E-03
    436000   2.92993500E+01   1.92703176E-03   8.87009076E-03
    436020   2.93003500E+01   1.92701195E-03   8.87008681E-03
    436040   2.93013500E+01   1.92696468E-03   8.87008528E-03
    436060   2.93023500E+01   1.92689219E-03   8.87008603E-03
    436080   2.93033500E+01   1.92679796E-03   8.87008872E-03
    436100   2.93043500E+01   1.92668625E-03   8.87009285E-03
    436120   2.93053500E+01   1.92656164E-03   8.87009781E-03
    436140   2.93063500E+01   1.92642853E-03   8.87010290E-03
    436160   2.93073500E+01   1.92629092E-03   8.87010739E-03
    436180   2.93083500E+01   1.92615215E-03   8.87011065E-03
    436200   2.93093500E+01   1.92601510E-03   8.87011213E-03
    436220   2.93103500E+01   1.92588210E-03   8.87011141E-03
    436240   2.93113500E+01   1.92575541E-03   8.87010822E-03
    436260   2.93123500E+01   1.92563725E-03   8.87010243E-03
    436280   2.93133500E+01   1.92552997E-03   8.87009407E-03
    436300   2.93143500E+01   1.92543606E-03   8.87008327E-03
    436320   2.93153500E+01   1.92535803E-03   8.87007022E-03
    436340   2.93163500E+01   1.92529834E-03   8.87005514E-03
    436360   2.93173500E+01   1.92525923E-03   8.87003826E-03
    436380   2.93183500E+01   1.92524263E-03   8.87001975E-03
    436400   2.93193500E+01   1.92524994E-03   8.86999972E-03
    436420   2.93203500E+01   1.92528205E-03   8.86997823E-03
    436440   2.93213500E+01   1.92533921E-03   8.86995526E-03
    436460   2.93223500E+01   1.92542099E-03   8.86993081E-03
    436480   2.93233500E+01   1.92552628E-03   8.86990491E-03
    436500   2.93243500E+01   1.92565326E-03   8.86987770E-03
    436520   2.93253500E+01   1.92579926E-03   8.86984946E-03
    436540   2.93263500E+01   1.92596093E-03   8.86982063E-03
    436560   2.93273500E+01   1.92613422E-03   8.86979184E-03
    436580   2.93283500E+01   1.92631480E-03   8.86976382E-03
    436600   2.93293500E+01   1.92649813E-03   8.86973733E-03
    436620   2.93303500E+01   1.92667994E-03   8.86971312E-03
    436640   2.93313500E+01   1.92685642E-03   8.86969176E-03
    436660   2.93323500E+01   1.92702450E-03   8.86967364E-03
    436680   2.93333500E+01   1.92718186E-03   8.86965885E-03
    436700   2.93343500E+01   1.92732690E-03   8.86964726E-03
    436720   2.93353500E+01   1.92745844E-03   8.86963854E-03
    436740   2.93363500E+01   1.92757543E-03   8.86963227E-03
    436760   2.93373500E+01   1.92767659E-03   8.86962803E-03
    436780   2.93383500E+01   1.92776016E-03   8.86962553E-03
    436800   2.93393500E+01   1.92782389E-03   8.86962463E-03
    436820   2.93403500E+01   1.92786524E-03   8.86962539E-03
    436840   2.93413500E+01   1.92788171E-03   8.86962805E-03
    436860   2.93423500E+01   1.92787137E-03   8.86963287E-03
    436880   2.93433500E+01   1.92783341E-03   8.86964010E-03
    436900   2.93443500E+01   1.92776843E-03   8.86964980E-03
    436920   2.93453500E+01   1.92767877E-03   8.86966178E-03
    436940   2.93463500E+01   1.92756827E-03   8.86967556E-03
    436960   2.93473500E+01   1.92744197E-03   8.86969040E-03
    436980   2.93483500E+01   1.92730542E-03   8.86970539E-03
    437000   2.93493500E+01   1.92716402E-03   8.86971953E-03
    437020   2.93503500E+01   1.92702239E-03   8.86973194E-03
    437040   2.93513500E+01   1.92688399E-03   8.86974194E-03
    437060   2.93523500E+01   1.92675100E-03   8.86974913E-03
    437080   2.93533500E+01   1.92662456E-03   8.86975342E-03
    437100   2.93543500E+01   1.92650519E-03   8.86975500E-03
    437120   2.93553500E+01   1.92639339E-03   8.86975421E-03
    437140   2.93563500E+01   1.92629026E-03   8.86975142E-03
    437160   2.93573500E+01   1.92619785E-03   8.86974695E-03
    437180   2.93583500E+01   1.92611928E-03   8.86974093E-03
    437200   2.93593500E+01   1.92605845E-03   8.86973329E-03
    437220   2.93603500E+01   1.92601958E-03   8.86972377E-03
    437240   2.93613500E+01   1.92600641E-03   8.86971198E-03
    437260   2.93623500E+01   1.92602162E-03   8.86969756E-03
    437280   2.93633500E+01   1.92606626E-03   8.86968026E-03
    437300   2.93643500E+01   1.92613945E-03   8.86966002E-03
    437320   2.93653500E+01   1.92623850E-03   8.86963708E-03
    437340   2.93663500E+01   1.92635932E-03   8.86961195E-03
    437360   2.93673500E+01   1.92649700E-03   8.86958534E-03
    437380   2.93683500E+01   1.92664659E-03   8.86955811E-03
    437400   2.93693500E+01   1.92680371E-03   8.86953112E-03
    437420   2.93703500E+01   1.92696491E-03   8.86950513E-03
    437440   2.93713500E+01   1.92712781E-03   8.86948074E-03
    437460   2.93723500E+01   1.92729091E-03   8.86945829E-03
    437480   2.93733500E+01   1.92745316E-03   8.86943795E-03
    437500   2.93743500E+01   1.92761347E-03   8.86941968E-03
    437520   2.93753500E+01   1.92777027E-03   8.86940337E-03
    437540   2.93763500E+01   1.92792116E-03   8.86938889E-03
    437560   2.93773500E+01   1.92806285E-03   8.86937615E-03
    437580   2.93783500E+01   1.92819137E-03   8.86936515E-03
    437600   2.93793500E+01   1.92830244E-03   8.86935601E-03
    437620   2.93803500E+01   1.92839205E-03   8.86934891E-03
    437640   2.93813500E+01   1.92845691E-03   8.86934407E-03
    437660   2.93823500E+01   1.92849492E-03   8.86934170E-03
    437680   2.93833500E+01   1.92850532E-03   8.86934189E-03
    437700   2.93843500E+01   1.92848866E-03   8.86934463E-03
    437720   2.93853500E+01   1.92844670E-03   8.86934975E-03
    437740   2.93863500E+01   1.92838202E-03   8.86935692E-03
    437760   2.93873500E+01   1.92829763E-03   8.86936565E-03
    437780   2.93883500E+01   1.92819670E-03   8.86937536E-03
    437800   2.93893500E+01   1.92808227E-03   8.86938540E-03
    437820   2.93903500E+01   1.92795713E-03   8.86939512E-03
    437840   2.93913500E+01   1.92782389E-03   8.86940387E-03
    437860   2.93923500E+01   1.92768505E-03   8.86941111E-03
    437880   2.93933500E+01   1.92754309E-03   8.86941639E-03
    437900   2.93943500E+01   1.92740062E-03   8.86941940E-03
    437920   2.93953500E+01   1.92726039E-03   8.86941995E-03
    437940   2.93963500E+01   1.92712533E-03   8.86941795E-03
    437960   2.93973500E+01   1.92699849E-03   8.86941342E-03
    437980   2.93983500E+01   1.92688303E-03   8.86940644E-03
    438000   2.93993500E+01   1.92678200E-03   8.86939709E-03
    438020   2.94003500E+01   1.92669834E-03   8.86938542E-03
    438040   2.94013500E+01   1.92663471E-03   8.86937140E-03
    438060   2.94023500E+01   1.92659347E-03   8.86935498E-03
    438080   2.94033500E+01   1.92657648E-03   8.86933604E-03
    438100   2.94043500E+01   1.92658505E-03   8.86931445E-03
    438120   2.94053500E+01   1.92661975E-03   8.86929012E-03
    438140   2.94063500E+01   1.92668024E-03   8.86926308E-03
    438160   2.94073500E+01   1.92676527E-03   8.86923356E-03
    438180   2.94083500E+01   1.92687262E-03   8.86920194E-03
    438200   2.94093500E+01   1.92699928E-03   8.86916882E-03
    438220   2.94103500E+01   1.92714162E-03   8.86913496E-03
    438240   2.94113500E+01   1.92729573E-03   8.86910118E-03
    438260   2.94123500E+01   1.92745772E-03   8.86906833E-03
    438280   2.94133500E+01   1.92762409E-03   8.86903711E-03
    438300   2.94143500E+01   1.92779188E-03   8.86900803E-03
    438320   2.94153500E+01   1.92795874E-03   8.86898139E-03
    438340   2.94163500E+01   1.92812282E-03   8.86895725E-03
    438360   2.94173500E+01   1.92828244E-03   8.86893550E-03
    438380   2.94183500E+01   1.92843583E-03   8.86891590E-03
    438400   2.94193500E+01   1.92858075E-03   8.86889823E-03
    438420   2.94203500E+01   1.92871436E-03   8.86888236E-03
    438440   2.94213500E+01   1.92883318E-03   8.86886834E-03
    438460   2.94223500E+01   1.92893336E-03   8.86885636E-03
    438480   2.94233500E+01   1.92901106E-03   8.86884674E-03
    438500   2.94243500E+01   1.92906298E-03   8.86883984E-03
    438520   2.94253500E+01   1.92908692E-03   8.86883599E-03
    438540   2.94263500E+01   1.92908225E-03   8.86883533E-03
    438560   2.94273500E+01   1.92904994E-03   8.86883777E-03
    438580   2.94283500E+01   1.92899256E-03   8.86884292E-03
    438600   2.94293500E+01   1.92891388E-03   8.86885012E-03
    438620   2.94303500E+01   1.92881825E-03   8.86885855E-03
    438640   2.94313500E+01   1.92871006E-03   8.86886729E-03
    438660   2.94323500E+01   1.92859312E-03   8.86887549E-03
    438680   2.94333500E+01   1.92847034E-03   8.86888245E-03
    438700   2.94343500E+01   1.92834362E-03   8.86888771E-03
    438720   2.94353500E+01   1.92821410E-03   8.86889107E-03
    438740   2.94363500E+01   1.92808261E-03   8.86889255E-03
    438760   2.94373500E+01   1.92795019E-03   8.86889233E-03
    438780   2.94383500E+01   1.92781862E-03   8.86889060E-03
    438800   2.94393500E+01   1.92769071E-03   8.86888753E-03
    438820   2.94403500E+01   1.92757034E-03   8.86888311E-03
    438840   2.94413500E+01   1.92746224E-03   8.86887717E-03
    438860   2.94423500E+01   1.92737145E-03   8.86886940E-03
    438880   2.94433500E+01   1.92730269E-03   8.86885938E-03
    438900   2.94443500E+01   1.92725971E-03   8.86884671E-03
    438920   2.94453500E+01   1.92724476E-03   8.86883107E-03
    438940   2.94463500E+01   1.92725838E-03   8.86881234E-03
    438960   2.94473500E+01   1.92729943E-03   8.86879064E-03
    438980   2.94483500E+01   1.92736544E-03   8.86876634E-03
    439000   2.94493500E+01   1.92745313E-03   8.86874000E-03
    439020   2.94503500E+01   1.92755903E-03   8.86871231E-03
    439040   2.94513500E+01   1.92767995E-03   8.86868401E-03
    439060   2.94523500E+01   1.92781335E-03   8.86865578E-03
    439080   2.94533500E+01   1.92795740E-03   8.86862817E-03
    439100   2.94543500E+01   1.92811083E-03   8.86860158E-03
    439120   2.94553500E+01   1.92827260E-03   8.86857625E-03
    439140   2.94563500E+01   1.92844143E-03   8.86855228E-03
    439160   2.94573500E+01   1.92861549E-03   8.86852968E-03
    439180   2.94583500E+01   1.92879206E-03   8.86850847E-03
    439200   2.94593500E+01   1.92896755E-03   8.86848867E-03
    439220   2.94603500E+01   1.92913767E-03   8.86847038E-03
    439240   2.94613500E+01   1.92929773E-03   8.86845379E-03
    439260   2.94623500E+01   1.92944314E-03   8.86843913E-03
    439280   2.94633500E+01   1.92956976E-03   8.86842669E-03
    439300   2.94643500E+01   1.92967435E-03   8.86841674E-03
    439320   2.94653500E+01   1.92975474E-03   8.86840950E-03
    439340   2.94663500E+01   1.92980988E-03   8.86840508E-03
    439360   2.94673500E+01   1.92983972E-03   8.86840350E-03
    439380   2.94683500E+01   1.92984503E-03   8.86840460E-03
    439400   2.94693500E+01   1.92982716E-03   8.86840811E-03
    439420   2.94703500E+01   1.92978775E-03   8.86841362E-03
    439440   2.94713500E+01   1.92972865E-03   8.86842062E-03
    439460   2.94723500E+01   1.92965173E-03   8.86842858E-03
    439480   2.94733500E+01   1.92955894E-03   8.86843690E-03
    439500   2.94743500E+01   1.92945228E-03   8.86844505E-03
    439520   2.94753500E+01   1.92933385E-03   8.86845255E-03
    439540   2.94763500E+01   1.92920597E-03   8.86845901E-03
    439560   2.94773500E+01   1.92907112E-03   8.86846416E-03
    439580   2.94783500E+01   1.92893206E-03   8.86846782E-03
    439600   2.94793500E+01   1.92879174E-03   8.86846992E-03
    439620   2.94803500E+01   1.92865333E-03   8.86847040E-03
    439640   2.94813500E+01   1.92852018E-03   8.86846923E-03
    439660   2.94823500E+01   1.92839578E-03   8.86846633E-03
    439680   2.94833500E+01   1.92828369E-03   8.86846157E-03
    439700   2.94843500E+01   1.92818739E-03   8.86845470E-03
    439720   2.94853500E+01   1.92811015E-03   8.86844544E-03
    439740   2.94863500E+01   1.92805481E-03   8.86843349E-03
    439760   2.94873500E+01   1.92802350E-03   8.86841857E-03
    439780   2.94883500E+01   1.92801749E-03   8.86840054E-03
    439800   2.94893500E+01   1.92803705E-03   8.86837940E-03
    439820   2.94903500E+01   1.92808135E-03   8.86835540E-03
    439840   2.94913500E+01   1.92814863E-03   8.86832897E-03
    439860   2.94923500E+01   1.92823639E-03   8.86830073E-03
    439880   2.94933500E+01   1.92834175E-03   8.86827144E-03
    439900   2.94943500E+01   1.92846173E-03   8.86824183E-03
    439920   2.94953500E+01   1.92859363E-03   8.86821259E-03
    439940   2.94963500E+01   1.92873519E-03   8.86818428E-03
    439960   2.94973500E+01   1.92888457E-03   8.86815722E-03
    439980   2.94983500E+01   1.92904023E-03   8.86813158E-03
    440000   2.94993500E+01   1.92920063E-03   8.86810736E-03
    440020   2.95003500E+01   1.92936388E-03   8.86808450E-03
    440040   2.95013500E+01   1.92952744E-03   8.86806296E-03
    440060   2.95023500E+01   1.92968792E-03   8.86804277E-03
    440080   2.95033500E+01   1.92984113E-03   8.86802414E-03
    440100   2.95043500E+01   1.92998231E-03   8.86800743E-03
    440120   2.95053500E+01   1.93010661E-03   8.86799311E-03
    440140   2.95063500E+01   1.93020959E-03   8.86798170E-03
    440160   2.95073500E+01   1.93028781E-03   8.86797365E-03
    440180   2.95083500E+01   1.93033923E-03   8.86796925E-03
    440200   2.95093500E+01   1.93036338E-03   8.86796856E-03
    440220   2.95103500E+01   1.93036129E-03   8.86797134E-03
    440240   2.95113500E+01   1.93033518E-03   8.86797712E-03
    440260   2.95123500E+01   1.93028792E-03   8.86798520E-03
    440280   2.95133500E+01   1.93022250E-03   8.86799480E-03
    440300   2.95143500E+01   1.93014153E-03   8.86800514E-03
    440320   2.95153500E+01   1.93004693E-03   8.86801556E-03
    440340   2.95163500E+01   1.92993990E-03   8.86802557E-03
    440360   2.95173500E+01   1.92982114E-03   8.86803487E-03
    440380   2.95183500E+01   1.92969124E-03   8.86804335E-03
    440400   2.95193500E+01   1.92955120E-03   8.86805098E-03
    440420   2.95203500E+01   1.92940286E-03   8.86805778E-03
    440440   2.95213500E+01   1.92924920E-03   8.86806371E-03
    440460   2.95223500E+01   1.92909432E-03   8.86806860E-03
    440480   2.95233500E+01   1.92894328E-03   8.86807212E-03
    440500   2.95243500E+01   1.92880154E-03   8.86807385E-03
    440520   2.95253500E+01   1.92867445E-03   8.86807327E-03
    440540   2.95263500E+01   1.92856659E-03   8.86806986E-03
    440560   2.95273500E+01   1.92848136E-03   8.86806321E-03
    440580   2.95283500E+01   1.92842068E-03   8.86805307E-03
    440600   2.95293500E+01   1.92838504E-03   8.86803941E-03
    440620   2.95303500E+01   1.92837373E-03   8.86802242E-03
    440640   2.95313500E+01   1.92838527E-03   8.86800248E-03
    440660   2.95323500E+01   1.92841787E-03   8.86798011E-03
    440680   2.95333500E+01   1.92846984E-03   8.86795590E-03
    440700   2.95343500E+01   1.92853983E-03   8.86793044E-03
    440720   2.95353500E+01   1.92862695E-03   8.86790426E-03
    440740   2.95363500E+01   1.92873059E-03   8.86787777E-03
    440760   2.95373500E+01   1.92885017E-03   8.86785130E-03
    440780   2.95383500E+01   1.92898477E-03   8.86782506E-03
    440800   2.95393500E+01   1.92913283E-03   8.86779923E-03
    440820   2.95403500E+01   1.92929196E-03   8.86777395E-03
    440840   2.95413500E+01   1.92945888E-03   8.86774938E-03
    440860   2.95423500E+01   1.92962954E-03   8.86772574E-03
    440880   2.95433500E+01   1.92979941E-03   8.86770331E-03
    440900   2.95443500E+01   1.92996379E-03   8.86768241E-03
    440920   2.95453500E+01   1.93011822E-03   8.86766339E-03
    440940   2.95463500E+01   1.93025871E-03   8.86764663E-03
    440960   2.95473500E+01   1.93038203E-03   8.86763243E-03
    440980   2.95483500E+01   1.93048574E-03   8.86762107E-03
    441000   2.95493500E+01   1.93056822E-03   8.86761268E-03
    441020   2.95503500E+01   1.93062858E-03   8.86760730E-03
    441040   2.95513500E+01   1.93066649E-03   8.86760481E-03
    441060   2.95523500E+01   1.93068211E-03   8.86760497E-03
    441080   2.95533500E+01   1.93067591E-03   8.86760743E-03
    441100   2.95543500E+01   1.93064868E-03   8.86761174E-03
    441120   2.95553500E+01   1.93060141E-03   8.86761740E-03
    441140   2.95563500E+01   1.93053529E-03   8.86762391E-03
    441160   2.95573500E+01   1.93045172E-03   8.86763081E-03
    441180   2.95583500E+01   1.93035231E-03   8.86763771E-03
    441200   2.95593500E+01   1.93023888E-03   8.86764430E-03
    441220   2.95603500E+01   1.93011351E-03   8.86765039E-03
    441240   2.95613500E+01   1.92997860E-03   8.86765586E-03
    441260   2.95623500E+01   1.92983686E-03   8.86766063E-03
    441280   2.95633500E+01   1.92969142E-03   8.86766460E-03
    441300   2.95643500E+01   1.92954579E-03   8.86766764E-03
    441320   2.95653500E+01   1.92940385E-03   8.86766954E-03
    441340   2.95663500E+01   1.92926974E-03   8.86766998E-03
    441360   2.95673500E+01   1.92914761E-03   8.86766860E-03
    441380   2.95683500E+01   1.92904143E-03   8.86766495E-03
    441400   2.95693500E+01   1.92895463E-03   8.86765865E-03
    441420   2.95703500E+01   1.92888983E-03   8.86764942E-03
    441440   2.95713500E+01   1.92884869E-03   8.86763711E-03
    441460   2.95723500E+01   1.92883181E-03   8.86762182E-03
    441480   2.95733500E+01   1.92883877E-03   8.86760382E-03
    441500   2.95743500E+01   1.92886841E-03   8.86758358E-03
    441520   2.95753500E+01   1.92891908E-03   8.86756171E-03
    441540   2.95763500E+01   1.92898901E-03   8.86753882E-03
    441560   2.95773500E+01   1.92907662E-03   8.86751549E-03
    441580   2.95783500E+01   1.92918063E-03   8.86749218E-03
    441600   2.95793500E+01   1.92930010E-03   8.86746919E-03
    441620   2.95803500E+01   1.92943424E-03   8.86744667E-03
    441640   2.95813500E+01   1.92958209E-03   8.86742463E-03
    441660   2.95823500E+01   1.92974215E-03   8.86740306E-03
    441680   2.95833500E+01   1.92991212E-03   8.86738197E-03
    441700   2.95843500E+01   1.93008868E-03   8.86736148E-03
    441720   2.95853500E+01   1.93026751E-03   8.86734187E-03
    441740   2.95863500E+01   1.93044356E-03   8.86732356E-03
    441760   2.95873500E+01   1.93061148E-03   8.86730711E-03
    441780   2.95883500E+01   1.93076614E-03   8.86729313E-03
    441800   2.95893500E+01   1.93090317E-03   8.86728217E-03
    441820   2.95903500E+01   1.93101939E-03   8.86727464E-03
    441840   2.95913500E+01   1.93111299E-03   8.86727075E-03
    441860   2.95923500E+01   1.93118345E-03   8.86727045E-03
    441880   2.95933500E+01   1.93123136E-03   8.86727347E-03
    441900   2.95943500E+01   1.93125791E-03   8.86727935E-03
    441920   2.95953500E+01   1.93126445E-03   8.86728752E-03
    441940   2.95963500E+01   1.93125214E-03   8.86729739E-03
    441960   2.95973500E+01   1.93122160E-03   8.86730846E-03
    441980   2.95983500E+01   1.93117294E-03   8.86732034E-03
    442000   2.95993500E+01   1.93110597E-03   8.86733280E-03
    442020   2.96003500E+01   1.93102060E-03   8.86734571E-03
    442040   2.96013500E+01   1.93091724E-03   8.86735902E-03
    442060   2.96023500E+01   1.93079722E-03   8.86737267E-03
    442080   2.96033500E+01   1.93066303E-03   8.86738653E-03
    442100   2.96043500E+01   1.93051835E-03   8.86740034E-03
    442120   2.96053500E+01   1.93036785E-03   8.86741370E-03
    442140   2.96063500E+01   1.93021680E-03   8.86742608E-03
    442160   2.96073500E+01   1.93007053E-03   8.86743688E-03
    442180   2.96083500E+01   1.92993392E-03   8.86744549E-03
    442200   2.96093500E+01   1.92981103E-03   8.86745137E-03
    442220   2.96103500E+01   1.92970477E-03   8.86745411E-03
    442240   2.96113500E+01   1.92961697E-03   8.86745348E-03
    442260   2.96123500E+01   1.92954849E-03   8.86744945E-03
    442280   2.96133500E+01   1.92949954E-03   8.86744217E-03
    442300   2.96143500E+01   1.92947000E-03   8.86743193E-03
    442320   2.96153500E+01   1.92945973E-03   8.86741910E-03
    442340   2.96163500E+01   1.92946881E-03   8.86740408E-03
    442360   2.96173500E+01   1.92949749E-03   8.86738725E-03
    442380   2.96183500E+01   1.92954613E-03   8.86736894E-03
    442400   2.96193500E+01   1.92961494E-03   8.86734944E-03
    442420   2.96203500E+01   1.92970375E-03   8.86732897E-03
    442440   2.96213500E+01   1.92981171E-03   8.86730774E-03
    442460   2.96223500E+01   1.92993716E-03   8.86728592E-03
    442480   2.96233500E+01   1.93007761E-03   8.86726375E-03
    442500   2.96243500E+01   1.93022973E-03   8.86724150E-03
    442520   2.96253500E+01   1.93038966E-03   8.86721952E-03
    442540   2.96263500E+01   1.93055314E-03   8.86719820E-03
    442560   2.96273500E+01   1.93071586E-03   8.86717799E-03
    442580   2.96283500E+01   1.93087367E-03   8.86715935E-03
    442600   2.96293500E+01   1.93102277E-03   8.86714276E-03
    442620   2.96303500E+01   1.93115984E-03   8.86712863E-03
    442640   2.96313500E+01   1.93128206E-03   8.86711730E-03
    442660   2.96323500E+01   1.93138719E-03   8.86710897E-03
    442680   2.96333500E+01   1.93147346E-03   8.86710375E-03
    442700   2.96343500E+01   1.93153959E-03   8.86710157E-03
    442720   2.96353500E+01   1.93158470E-03   8.86710224E-03
    442740   2.96363500E+01   1.93160831E-03   8.86710543E-03
    442760   2.96373500E+01   1.93161027E-03   8.86711075E-03
    442780   2.96383500E+01   1.93159071E-03   8.86711776E-03
    442800   2.96393500E+01   1.93154999E-03   8.86712602E-03
    442820   2.96403500E+01   1.93148874E-03   8.86713515E-03
    442840   2.96413500E+01   1.93140779E-03   8.86714484E-03
    442860   2.96423500E+01   1.93130825E-03   8.86715484E-03
    442880   2.96433500E+01   1.93119159E-03   8.86716498E-03
    442900   2.96443500E+01   1.93105969E-03   8.86717513E-03
    442920   2.96453500E+01   1.93091497E-03   8.86718513E-03
    442940   2.96463500E+01   1.93076052E-03   8.86719476E-03
    442960   2.96473500E+01   1.93059999E-03   8.86720370E-03
    442980   2.96483500E+01   1.93043754E-03   8.86721154E-03
    443000   2.96493500E+01   1.93027765E-03   8.86721777E-03
    443020   2.96503500E+01   1.93012480E-03   8.86722186E-03
    443040   2.96513500E+01   1.92998319E-03   8.86722327E-03
    443060   2.96523500E+01   1.92985642E-03   8.86722157E-03
    443080   2.96533500E+01   1.92974721E-03   8.86721649E-03
    443100   2.96543500E+01   1.92965741E-03   8.86720795E-03
    443120   2.96553500E+01   1.92958790E-03   8.86719608E-03
    443140   2.96563500E+01   1.92953887E-03   8.86718121E-03
    443160   2.96573500E+01   1.92951006E-03   8.86716379E-03
    443180   2.96583500E+01   1.92950109E-03   8.86714432E-03
    443200   2.96593500E+01   1.92951172E-03   8.86712327E-03
    443220   2.96603500E+01   1.92954193E-03   8.86710100E-03
    443240   2.96613500E+01   1.92959195E-03   8.86707777E-03
    443260   2.96623500E+01   1.92966202E-03   8.86705370E-03
    443280   2.96633500E+01   1.92975214E-03   8.86702881E-03
    443300   2.96643500E+01   1.92986163E-03   8.86700312E-03
    443320   2.96653500E+01   1.92998889E-03   8.86697665E-03
    443340   2.96663500E+01   1.93013121E-03   8.86694959E-03
    443360   2.96673500E+01   1.93028480E-03   8.86692225E-03
    443380   2.96683500E+01   1.93044496E-03   8.86689511E-03
    443400   2.96693500E+01   1.93060654E-03   8.86686876E-03
    443420   2.96703500E+01   1.93076441E-03   8.86684386E-03
    443440   2.96713500E+01   1.93091393E-03   8.86682103E-03
    443460   2.96723500E+01   1.93105134E-03   8.86680079E-03
    443480   2.96733500E+01   1.93117398E-03   8.86678344E-03
    443500   2.96743500E+01   1.93128022E-03   8.86676910E-03
    443520   2.96753500E+01   1.93136932E-03   8.86675765E-03
    443540   2.96763500E+01   1.93144102E-03   8.86674884E-03
    443560   2.96773500E+01   1.93149516E-03   8.86674228E-03
    443580   2.96783500E+01   1.93153141E-03   8.86673758E-03
    443600   2.96793500E+01   1.93154904E-03   8.86673440E-03
    443620   2.96803500E+01   1.93154696E-03   8.86673251E-03
    443640   2.96813500E+01   1.93152395E-03   8.86673176E-03
    443660   2.96823500E+01   1.93147895E-03   8.86673212E-03
    443680   2.96833500E+01   1.93141151E-03   8.86673358E-03
    443700   2.96843500E+01   1.93132214E-03   8.86673615E-03
    443720   2.96853500E+01   1.93121249E-03   8.86673972E-03
    443740   2.96863500E+01   1.93108540E-03   8.86674409E-03
    443760   2.96873500E+01   1.93094475E-03   8.86674888E-03
    443780   2.96883500E+01   1.93079508E-03   8.86675362E-03
    443800   2.96893500E+01   1.93064121E-03   8.86675773E-03
    443820   2.96903500E+01   1.93048779E-03   8.86676061E-03
    443840   2.96913500E+01   1.93033895E-03   8.86676167E-03
    443860   2.96923500E+01   1.93019809E-03   8.86676042E-03
    443880   2.96933500E+01   1.93006786E-03   8.86675651E-03
    443900   2.96943500E+01   1.92995021E-03   8.86674976E-03
    443920   2.96953500E+01   1.92984668E-03   8.86674010E-03
    443940   2.96963500E+01   1.92975857E-03   8.86672762E-03
    443960   2.96973500E+01   1.92968720E-03   8.86671247E-03
    443980   2.96983500E+01   1.92963399E-03   8.86669487E-03
    444000   2.96993500E+01   1.92960044E-03   8.86667502E-03
    444020   2.97003500E+01   1.92958806E-03   8.86665314E-03
    444040   2.97013500E+01   1.92959814E-03   8.86662938E-03
    444060   2.97023500E+01   1.92963153E-03   8.86660388E-03
    444080   2.97033500E+01   1.92968844E-03   8.86657678E-03
    444100   2.97043500E+01   1.92976833E-03   8.86654821E-03
    444120   2.97053500E+01   1.92986974E-03   8.86651832E-03
    444140   2.97063500E+01   1.92999048E-03   8.86648735E-03
    444160   2.97073500E+01   1.93012769E-03   8.86645558E-03
    444180   2.97083500E+01   1.93027796E-03   8.86642340E-03
    444200   2.97093500E+01   1.93043763E-03   8.86639124E-03
    444220   2.97103500E+01   1.93060287E-03   8.86635961E-03
    444240   2.97113500E+01   1.93076988E-03   8.86632903E-03
    444260   2.97123500E+01   1.93093503E-03   8.86630005E-03
    444280   2.97133500E+01   1.93109492E-03   8.86627315E-03
    444300   2.97143500E+01   1.93124645E-03   8.86624873E-03
    444320   2.97153500E+01   1.93138688E-03   8.86622708E-03
    444340   2.97163500E+01   1.93151381E-03   8.86620837E-03
    444360   2.97173500E+01   1.93162521E-03   8.86619261E-03
    444380   2.97183500E+01   1.93171938E-03   8.86617968E-03
    444400   2.97193500E+01   1.93179500E-03   8.86616938E-03
    444420   2.97203500E+01   1.93185097E-03   8.86616142E-03
    444440   2.97213500E+01   1.93188641E-03   8.86615553E-03
    444460   2.97223500E+01   1.93190066E-03   8.86615144E-03
    444480   2.97233500E+01   1.93189323E-03   8.86614895E-03
    444500   2.97243500E+01   1.93186396E-03   8.86614789E-03
    444520   2.97253500E+01   1.93181305E-03   8.86614814E-03
    444540   2.97263500E+01   1.93174121E-03   8.86614962E-03
    444560   2.97273500E+01   1.93164985E-03   8.86615218E-03
    444580   2.97283500E+01   1.93154109E-03   8.86615560E-03
    444600   2.97293500E+01   1.93141786E-03   8.86615953E-03
    444620   2.97303500E+01   1.93128380E-03   8.86616351E-03
    444640   2.97313500E+01   1.93114307E-03   8.86616698E-03
    444660   2.97323500E+01   1.93100005E-03   8.86616928E-03
    444680   2.97333500E+01   1.93085903E-03   8.86616978E-03
    444700   2.97343500E+01   1.93072392E-03   8.86616791E-03
    444720   2.97353500E+01   1.93059795E-03   8.86616323E-03
    444740   2.97363500E+01   1.93048369E-03   8.86615553E-03
    444760   2.97373500E+01   1.93038290E-03   8.86614474E-03
    444780   2.97383500E+01   1.93029685E-03   8.86613100E-03
    444800   2.97393500E+01   1.93022648E-03   8.86611459E-03
    444820   2.97403500E+01   1.93017266E-03   8.86609584E-03
    444840   2.97413500E+01   1.93013643E-03   8.86607508E-03
    444860   2.97423500E+01   1.93011911E-03   8.86605256E-03
    444880   2.97433500E+01   1.93012217E-03   8.86602843E-03
    444900   2.97443500E+01   1.93014705E-03   8.86600276E-03
    444920   2.97453500E+01   1.93019484E-03   8.86597557E-03
    444940   2.97463500E+01   1.93026596E-03   8.86594682E-03
    444960   2.97473500E+01   1.93035980E-03   8.86591659E-03
    444980   2.97483500E+01   1.93047459E-03   8.86588505E-03
    445000   2.97493500E+01   1.93060741E-03   8.86585255E-03
    445020   2.97503500E+01   1.93075440E-03   8.86581958E-03
    445040   2.97513500E+01   1.93091106E-03   8.86578678E-03
    445060   2.97523500E+01   1.93107278E-03   8.86575481E-03
    445080   2.97533500E+01   1.93123521E-03   8.86572438E-03
    445100   2.97543500E+01   1.93139459E-03   8.86569608E-03
    445120   2.97553500E+01   1.93154795E-03   8.86567033E-03
    445140   2.97563500E+01   1.93169310E-03   8.86564740E-03
    445160   2.97573500E+01   1.93182840E-03   8.86562733E-03
    445180   2.97583500E+01   1.93195255E-03   8.86561005E-03
    445200   2.97593500E+01   1.93206421E-03   8.86559538E-03
    445220   2.97603500E+01   1.93216181E-03   8.86558308E-03
    445240   2.97613500E+01   1.93224338E-03   8.86557296E-03
    445260   2.97623500E+01   1.93230665E-03   8.86556489E-03
    445280   2.97633500E+01   1.93234923E-03   8.86555884E-03
    445300   2.97643500E+01   1.93236898E-03   8.86555480E-03
    445320   2.97653500E+01   1.93236436E-03   8.86555283E-03
    445340   2.97663500E+01   1.93233474E-03   8.86555294E-03
    445360   2.97673500E+01   1.93228059E-03   8.86555507E-03
    445380   2.97683500E+01   1.93220358E-03   8.86555904E-03
    445400   2.97693500E+01   1.93210639E-03   8.86556456E-03
    445420   2.97703500E+01   1.93199246E-03   8.86557116E-03
    445440   2.97713500E+01   1.93186562E-03   8.86557832E-03
    445460   2.97723500E+01   1.93172975E-03   8.86558548E-03
    445480   2.97733500E+01   1.93158855E-03   8.86559202E-03
    445500   2.97743500E+01   1.93144529E-03   8.86559743E-03
    445520   2.97753500E+01   1.93130279E-03   8.86560127E-03
    445540   2.97763500E+01   1.93116350E-03   8.86560322E-03
    445560   2.97773500E+01   1.93102965E-03   8.86560308E-03
    445580   2.97783500E+01   1.93090341E-03   8.86560077E-03
    445600   2.97793500E+01   1.93078706E-03   8.86559625E-03
    445620   2.97803500E+01   1.93068301E-03   8.86558957E-03
    445640   2.97813500E+01   1.93059382E-03   8.86558081E-03
    445660   2.97823500E+01   1.93052203E-03   8.86557001E-03
    445680   2.97833500E+01   1.93047005E-03   8.86555722E-03
    445700   2.97843500E+01   1.93043986E-03   8.86554246E-03
    445720   2.97853500E+01   1.93043293E-03   8.86552577E-03
    445740   2.97863500E+01   1.93045000E-03   8.86550716E-03
    445760   2.97873500E+01   1.93049107E-03   8.86548669E-03
    445780   2.97883500E+01   1.93055531E-03   8.86546447E-03
    445800   2.97893500E+01   1.93064121E-03   8.86544067E-03
    445820   2.97903500E+01   1.93074658E-03   8.86541557E-03
    445840   2.97913500E+01   1.93086882E-03   8.86538954E-03
    445860   2.97923500E+01   1.93100491E-03   8.86536300E-03
    445880   2.97933500E+01   1.93115162E-03   8.86533647E-03
    445900   2.97943500E+01   1.93130560E-03   8.86531050E-03
    445920   2.97953500E+01   1.93146349E-03   8.86528564E-03
    445940   2.97963500E+01   1.93162202E-03   8.86526236E-03
    445960   2.97973500E+01   1.93177811E-03   8.86524108E-03
    445980   2.97983500E+01   1.93192887E-03   8.86522209E-03
    446000   2.97993500E+01   1.93207167E-03   8.86520555E-03
    446020   2.98003500E+01   1.93220410E-03   8.86519153E-03
    446040   2.98013500E+01   1.93232392E-03   8.86517995E-03
    446060   2.98023500E+01   1.93242907E-03   8.86517072E-03
    446080   2.98033500E+01   1.93251758E-03   8.86516369E-03
    446100   2.98043500E+01   1.93258758E-03   8.86515878E-03
    446120   2.98053500E+01   1.93263730E-03   8.86515591E-03
    446140   2.98063500E+01   1.93266522E-03   8.86515506E-03
    446160   2.98073500E+01   1.93267017E-03   8.86515624E-03
    446180   2.98083500E+01   1.93265156E-03   8.86515948E-03
    446200   2.98093500E+01   1.93260951E-03   8.86516474E-03
    446220   2.98103500E+01   1.93254504E-03   8.86517188E-03
    446240   2.98113500E+01   1.93246006E-03   8.86518061E-03
    446260   2.98123500E+01   1.93235732E-03   8.86519051E-03
    446280   2.98133500E+01   1.93224026E-03   8.86520104E-03
    446300   2.98143500E+01   1.93211270E-03   8.86521155E-03
    446320   2.98153500E+01   1.93197854E-03   8.86522134E-03
    446340   2.98163500E+01   1.93184153E-03   8.86522977E-03
    446360   2.98173500E+01   1.93170493E-03   8.86523631E-03
    446380   2.98183500E+01   1.93157148E-03   8.86524058E-03
    446400   2.98193500E+01   1.93144344E-03   8.86524235E-03
    446420   2.98203500E+01   1.93132270E-03   8.86524159E-03
    446440   2.98213500E+01   1.93121105E-03   8.86523834E-03
    446460   2.98223500E+01   1.93111037E-03   8.86523274E-03
    446480   2.98233500E+01   1.93102281E-03   8.86522492E-03
    446500   2.98243500E+01   1.93095082E-03   8.86521493E-03
    446520   2.98253500E+01   1.93089709E-03   8.86520278E-03
    446540   2.98263500E+01   1.93086429E-03   8.86518839E-03
    446560   2.98273500E+01   1.93085473E-03   8.86517165E-03
    446580   2.98283500E+01   1.93087003E-03   8.86515245E-03
    446600   2.98293500E+01   1.93091081E-03   8.86513076E-03
    446620   2.98303500E+01   1.93097650E-03   8.86510667E-03
    446640   2.98313500E+01   1.93106538E-03   8.86508046E-03
    446660   2.98323500E+01   1.93117472E-03   8.86505253E-03
    446680   2.98333500E+01   1.93130113E-03   8.86502347E-03
    446700   2.98343500E+01   1.93144091E-03   8.86499393E-03
    446720   2.98353500E+01   1.93159041E-03   8.86496458E-03
    446740   2.98363500E+01   1.93174636E-03   8.86493604E-03
    446760   2.98373500E+01   1.93190601E-03   8.86490881E-03
    446780   2.98383500E+01   1.93206709E-03   8.86488327E-03
    446800   2.98393500E+01   1.93222769E-03   8.86485964E-03
    446820   2.98403500E+01   1.93238597E-03   8.86483799E-03
    446840   2.98413500E+01   1.93253989E-03   8.86481833E-03
    446860   2.98423500E+01   1.93268708E-03   8.86480062E-03
    446880   2.98433500E+01   1.93282470E-03   8.86478483E-03
    446900   2.98443500E+01   1.93294957E-03   8.86477097E-03
    446920   2.98453500E+01   1.93305832E-03   8.86475913E-03
    446940   2.98463500E+01   1.93314776E-03   8.86474940E-03
    446960   2.98473500E+01   1.93321520E-03   8.86474191E-03
    446980   2.98483500E+01   1.93325874E-03   8.86473675E-03
    447000   2.98493500E+01   1.93327754E-03   8.86473393E-03
    447020   2.98503500E+01   1.93327181E-03   8.86473336E-03
    447040   2.98513500E+01   1.93324276E-03   8.86473483E-03
    447060   2.98523500E+01   1.93319238E-03   8.86473800E-03
    447080   2.98533500E+01   1.93312318E-03   8.86474241E-03
    447100   2.98543500E+01   1.93303792E-03   8.86474756E-03
    447120   2.98553500E+01   1.93293935E-03   8.86475289E-03
    447140   2.98563500E+01   1.93283011E-03   8.86475789E-03
    447160   2.98573500E+01   1.93271264E-03   8.86476208E-03
    447180   2.98583500E+01   1.93258923E-03   8.86476507E-03
    447200   2.98593500E+01   1.93246217E-03   8.86476655E-03
    447220   2.98603500E+01   1.93233385E-03   8.86476630E-03
    447240   2.98613500E+01   1.93220686E-03   8.86476418E-03
    447260   2.98623500E+01   1.93208405E-03   8.86476010E-03
    447280   2.98633500E+01   1.93196848E-03   8.86475400E-03
    447300   2.98643500E+01   1.93186332E-03   8.86474583E-03
    447320   2.98653500E+01   1.93177173E-03   8.86473554E-03
    447340   2.98663500E+01   1.93169664E-03   8.86472308E-03
    447360   2.98673500E+01   1.93164064E-03   8.86470839E-03
    447380   2.98683500E+01   1.93160575E-03   8.86469141E-03
    447400   2.98693500E+01   1.93159338E-03   8.86467209E-03
    447420   2.98703500E+01   1.93160421E-03   8.86465044E-03
    447440   2.98713500E+01   1.93163822E-03   8.86462655E-03
    447460   2.98723500E+01   1.93169471E-03   8.86460058E-03
    447480   2.98733500E+01   1.93177236E-03   8.86457278E-03
    447500   2.98743500E+01   1.93186930E-03   8.86454353E-03
    447520   2.98753500E+01   1.93198325E-03   8.86451329E-03
    447540   2.98763500E+01   1.93211161E-03   8.86448257E-03
    447560   2.98773500E+01   1.93225157E-03   8.86445192E-03
    447580   2.98783500E+01   1.93240025E-03   8.86442187E-03
    447600   2.98793500E+01   1.93255479E-03   8.86439290E-03
    447620   2.98803500E+01   1.93271236E-03   8.86436538E-03
    447640   2.98813500E+01   1.93287029E-03   8.86433959E-03
    447660   2.98823500E+01   1.93302594E-03   8.86431570E-03
    447680   2.98833500E+01   1.93317671E-03   8.86429380E-03
    447700   2.98843500E+01   1.93331997E-03   8.86427392E-03
    447720   2.98853500E+01   1.93345301E-03   8.86425608E-03
    447740   2.98863500E+01   1.93357295E-03   8.86424032E-03
    447760   2.98873500E+01   1.93367697E-03   8.86422672E-03
    447780   2.98883500E+01   1.93376225E-03   8.86421542E-03
    447800   2.98893500E+01   1.93382631E-03   8.86420657E-03
    447820   2.98903500E+01   1.93386716E-03   8.86420034E-03
    447840   2.98913500E+01   1.93388349E-03   8.86419681E-03
    447860   2.98923500E+01   1.93387495E-03   8.86419598E-03
    447880   2.98933500E+01   1.93384212E-03   8.86419772E-03
    447900   2.98943500E+01   1.93378655E-03   8.86420171E-03
    447920   2.98953500E+01   1.93371054E-03   8.86420750E-03
    447940   2.98963500E+01   1.93361694E-03   8.86421452E-03
    447960   2.98973500E+01   1.93350879E-03   8.86422215E-03
    447980   2.98983500E+01   1.93338913E-03   8.86422977E-03
    448000   2.98993500E+01   1.93326075E-03   8.86423684E-03
    448020   2.99003500E+01   1.93312610E-03   8.86424290E-03
    448040   2.99013500E+01   1.93298736E-03   8.86424766E-03
    448060   2.99023500E+01   1.93284652E-03   8.86425095E-03
    448080   2.99033500E+01   1.93270568E-03   8.86425267E-03
    448100   2.99043500E+01   1.93256722E-03   8.86425278E-03
    448120   2.99053500E+01   1.93243395E-03   8.86425121E-03
    448140   2.99063500E+01   1.93230906E-03   8.86424788E-03
    448160   2.99073500E+01   1.93219618E-03   8.86424265E-03
    448180   2.99083500E+01   1.93209893E-03   8.86423526E-03
    448200   2.99093500E+01   1.93202073E-03   8.86422544E-03
    448220   2.99103500E+01   1.93196438E-03   8.86421298E-03
    448240   2.99113500E+01   1.93193177E-03   8.86419772E-03
    448260   2.99123500E+01   1.93192370E-03   8.86417964E-03
    448280   2.99133500E+01   1.93193987E-03   8.86415884E-03
    448300   2.99143500E+01   1.93197893E-03   8.86413562E-03
    448320   2.99153500E+01   1.93203883E-03   8.86411043E-03
    448340   2.99163500E+01   1.93211714E-03   8.86408384E-03
    448360   2.99173500E+01   1.93221130E-03   8.86405641E-03
    448380   2.99183500E+01   1.93231893E-03   8.86402873E-03
    448400   2.99193500E+01   1.93243791E-03   8.86400129E-03
    448420   2.99203500E+01   1.93256639E-03   8.86397454E-03
    448440   2.99213500E+01   1.93270263E-03   8.86394879E-03
    448460   2.99223500E+01   1.93284483E-03   8.86392423E-03
    448480   2.99233500E+01   1.93299084E-03   8.86390100E-03
    448500   2.99243500E+01   1.93313806E-03   8.86387925E-03
    448520   2.99253500E+01   1.93328337E-03   8.86385911E-03
    448540   2.99263500E+01   1.93342312E-03   8.86384074E-03
    448560   2.99273500E+01   1.93355345E-03   8.86382433E-03
    448580   2.99283500E+01   1.93367051E-03   8.86381013E-03
    448600   2.99293500E+01   1.93377079E-03   8.86379836E-03
    448620   2.99303500E+01   1.93385140E-03   8.86378924E-03
    448640   2.99313500E+01   1.93391028E-03   8.86378289E-03
    448660   2.99323500E+01   1.93394628E-03   8.86377934E-03
    448680   2.99333500E+01   1.93395916E-03   8.86377849E-03
    448700   2.99343500E+01   1.93394942E-03   8.86378016E-03
    448720   2.99353500E+01   1.93391816E-03   8.86378400E-03
    448740   2.99363500E+01   1.93386682E-03   8.86378961E-03
    448760   2.99373500E+01   1.93379705E-03   8.86379651E-03
    448780   2.99383500E+01   1.93371054E-03   8.86380424E-03
    448800   2.99393500E+01   1.93360905E-03   8.86381232E-03
    448820   2.99403500E+01   1.93349438E-03   8.86382032E-03
    448840   2.99413500E+01   1.93336846E-03   8.86382787E-03
    448860   2.99423500E+01   1.93323348E-03   8.86383464E-03
    448880   2.99433500E+01   1.93309186E-03   8.86384039E-03
    448900   2.99443500E+01   1.93294639E-03   8.86384492E-03
    448920   2.99453500E+01   1.93280018E-03   8.86384803E-03
    448940   2.99463500E+01   1.93265657E-03   8.86384957E-03
    448960   2.99473500E+01   1.93251908E-03   8.86384939E-03
    448980   2.99483500E+01   1.93239117E-03   8.86384732E-03
    449000   2.99493500E+01   1.93227619E-03   8.86384319E-03
    449020   2.99503500E+01   1.93217717E-03   8.86383682E-03
    449040   2.99513500E+01   1.93209673E-03   8.86382806E-03
    449060   2.99523500E+01   1.93203694E-03   8.86381677E-03
    449080   2.99533500E+01   1.93199926E-03   8.86380292E-03
    449100   2.99543500E+01   1.93198448E-03   8.86378652E-03
    449120   2.99553500E+01   1.93199276E-03   8.86376769E-03
    449140   2.99563500E+01   1.93202359E-03   8.86374669E-03
    449160   2.99573500E+01   1.93207595E-03   8.86372388E-03
    449180   2.99583500E+01   1.93214832E-03   8.86369968E-03
    449200   2.99593500E+01   1.93223889E-03   8.86367456E-03
    449220   2.99603500E+01   1.93234560E-03   8.86364902E-03
    449240   2.99613500E+01   1.93246627E-03   8.86362351E-03
    449260   2.99623500E+01   1.93259873E-03   8.86359843E-03
    449280   2.99633500E+01   1.93274073E-03   8.86357408E-03
    449300   2.99643500E+01   1.93288999E-03   8.86355067E-03
    449320   2.99653500E+01   1.93304408E-03   8.86352834E-03
    449340   2.99663500E+01   1.93320037E-03   8.86350722E-03
    449360   2.99673500E+01   1.93335590E-03   8.86348741E-03
    449380   2.99683500E+01   1.93350744E-03   8.86346904E-03
    449400   2.99693500E+01   1.93365148E-03   8.86345230E-03
    449420   2.99703500E+01   1.93378443E-03   8.86343742E-03
    449440   2.99713500E+01   1.93390276E-03   8.86342469E-03
    449460   2.99723500E+01   1.93400332E-03   8.86341436E-03
    449480   2.99733500E+01   1.93408357E-03   8.86340667E-03
    449500   2.99743500E+01   1.93414176E-03   8.86340174E-03
    449520   2.99753500E+01   1.93417711E-03   8.86339955E-03
    449540   2.99763500E+01   1.93418974E-03   8.86339995E-03
    449560   2.99773500E+01   1.93418057E-03   8.86340262E-03
    449580   2.99783500E+01   1.93415108E-03   8.86340713E-03
    449600   2.99793500E+01   1.93410311E-03   8.86341297E-03
    449620   2.99803500E+01   1.93403856E-03   8.86341964E-03
    449640   2.99813500E+01   1.93395925E-03   8.86342665E-03
    449660   2.99823500E+01   1.93386685E-03   8.86343362E-03
    449680   2.99833500E+01   1.93376290E-03   8.86344023E-03
    449700   2.99843500E+01   1.93364897E-03   8.86344629E-03
    449720   2.99853500E+01   1.93352690E-03   8.86345164E-03
    449740   2.99863500E+01   1.93339895E-03   8.86345616E-03
    449760   2.99873500E+01   1.93326798E-03   8.86345970E-03
    449780   2.99883500E+01   1.93313743E-03   8.86346205E-03
    449800   2.99893500E+01   1.93301123E-03   8.86346294E-03
    449820   2.99903500E+01   1.93289354E-03   8.86346201E-03
    449840   2.99913500E+01   1.93278845E-03   8.86345890E-03
    449860   2.99923500E+01   1.93269963E-03   8.86345326E-03
    449880   2.99933500E+01   1.93263002E-03   8.86344477E-03
    449900   2.99943500E+01   1.93258167E-03   8.86343328E-03
    449920   2.99953500E+01   1.93255560E-03   8.86341874E-03
    449940   2.99963500E+01   1.93255197E-03   8.86340130E-03
    449960   2.99973500E+01   1.93257022E-03   8.86338121E-03
    449980   2.99983500E+01   1.93260935E-03   8.86335888E-03
    450000   2.99993500E+01   1.93266815E-03   8.86333475E-03
