iteration time cl cd
    310020   2.30003500E+01   1.55577563E-03   8.91356747E-03
    310040   2.30013500E+01   1.80886386E-03   9.02537840E-03
    310060   2.30023500E+01   1.93449683E-03   8.91244579E-03
    310080   2.30033500E+01   1.90823996E-03   8.93553804E-03
    310100   2.30043500E+01   1.90809680E-03   8.99580487E-03
    310120   2.30053500E+01   1.71263390E-03   8.96618985E-03
    310140   2.30063500E+01   1.60545861E-03   8.90708774E-03
    310160   2.30073500E+01   1.86227841E-03   8.92438795E-03
    310180   2.30083500E+01   1.96474278E-03   8.94094154E-03
    310200   2.30093500E+01   1.91805088E-03   8.97278458E-03
    310220   2.30103500E+01   1.79394352E-03   8.95679394E-03
    310240   2.30113500E+01   1.66772129E-03   8.91559574E-03
    310260   2.30123500E+01   1.73536999E-03   8.91931372E-03
    310280   2.30133500E+01   1.87039691E-03   8.96592319E-03
    310300   2.30143500E+01   1.93336903E-03   8.95277320E-03
    310320   2.30153500E+01   1.91591904E-03   8.95515200E-03
    310340   2.30163500E+01   1.80142478E-03   8.92143139E-03
    310360   2.30173500E+01   1.63561645E-03   8.92030893E-03
    310380   2.30183500E+01   1.74536851E-03   8.95796896E-03
    310400   2.30193500E+01   1.93327834E-03   8.95786998E-03
    310420   2.30203500E+01   1.93523086E-03   8.94001674E-03
    310440   2.30213500E+01   1.86832499E-03   8.93620947E-03
    310460   2.30223500E+01   1.74440185E-03   8.93298142E-03
    310480   2.30233500E+01   1.67359679E-03   8.95811483E-03
    310500   2.30243500E+01   1.79134393E-03   8.93439286E-03
    310520   2.30253500E+01   1.91373632E-03   8.92843798E-03
    310540   2.30263500E+01   1.93684140E-03   8.95705103E-03
    310560   2.30273500E+01   1.87995639E-03   8.95521660E-03
    310580   2.30283500E+01   1.68829451E-03   8.94642902E-03
    310600   2.30293500E+01   1.69092909E-03   8.91836254E-03
    310620   2.30303500E+01   1.86009060E-03   8.92512475E-03
    310640   2.30313500E+01   1.93725034E-03   8.95931869E-03
    310660   2.30323500E+01   1.90015403E-03   8.96954656E-03
    310680   2.30333500E+01   1.81335441E-03   8.94027241E-03
    310700   2.30343500E+01   1.70404400E-03   8.91591705E-03
    310720   2.30353500E+01   1.71205684E-03   8.92811822E-03
    310740   2.30363500E+01   1.85724448E-03   8.96382260E-03
    310760   2.30373500E+01   1.94271201E-03   8.95919661E-03
    310780   2.30383500E+01   1.89953641E-03   8.94198492E-03
    310800   2.30393500E+01   1.77363616E-03   8.92696243E-03
    310820   2.30403500E+01   1.67895447E-03   8.93658265E-03
    310840   2.30413500E+01   1.77765327E-03   8.94926994E-03
    310860   2.30423500E+01   1.89796725E-03   8.95762622E-03
    310880   2.30433500E+01   1.90734794E-03   8.93166237E-03
    310900   2.30443500E+01   1.87534587E-03   8.93652302E-03
    310920   2.30453500E+01   1.74857154E-03   8.95722588E-03
    310940   2.30463500E+01   1.68343271E-03   8.94226215E-03
    310960   2.30473500E+01   1.77717592E-03   8.92963005E-03
    310980   2.30483500E+01   1.91246471E-03   8.93647217E-03
    311000   2.30493500E+01   1.91978625E-03   8.95345104E-03
    311020   2.30503500E+01   1.82428212E-03   8.96487989E-03
    311040   2.30513500E+01   1.72133494E-03   8.93474079E-03
    311060   2.30523500E+01   1.71873098E-03   8.91850089E-03
    311080   2.30533500E+01   1.83325177E-03   8.93704262E-03
    311100   2.30543500E+01   1.90584903E-03   8.95969836E-03
    311120   2.30553500E+01   1.89988111E-03   8.95895666E-03
    311140   2.30563500E+01   1.82147226E-03   8.93733430E-03
    311160   2.30573500E+01   1.70341499E-03   8.91782589E-03
    311180   2.30583500E+01   1.72789436E-03   8.93538037E-03
    311200   2.30593500E+01   1.85884431E-03   8.96099377E-03
    311220   2.30603500E+01   1.91626522E-03   8.95436586E-03
    311240   2.30613500E+01   1.87556063E-03   8.93546507E-03
    311260   2.30623500E+01   1.78106385E-03   8.92846411E-03
    311280   2.30633500E+01   1.72619738E-03   8.94122536E-03
    311300   2.30643500E+01   1.76966816E-03   8.95309645E-03
    311320   2.30653500E+01   1.87243399E-03   8.94005299E-03
    311340   2.30663500E+01   1.91796754E-03   8.93305541E-03
    311360   2.30673500E+01   1.87295005E-03   8.94691098E-03
    311380   2.30683500E+01   1.76163112E-03   8.95282223E-03
    311400   2.30693500E+01   1.71272135E-03   8.93663400E-03
    311420   2.30703500E+01   1.80547109E-03   8.92598963E-03
    311440   2.30713500E+01   1.89702913E-03   8.94008769E-03
    311460   2.30723500E+01   1.89845251E-03   8.95816437E-03
    311480   2.30733500E+01   1.83682528E-03   8.95368284E-03
    311500   2.30743500E+01   1.75236674E-03   8.93191996E-03
    311520   2.30753500E+01   1.73726081E-03   8.92221968E-03
    311540   2.30763500E+01   1.82191670E-03   8.93722099E-03
    311560   2.30773500E+01   1.90279902E-03   8.96045747E-03
    311580   2.30783500E+01   1.89898308E-03   8.95625255E-03
    311600   2.30793500E+01   1.80977764E-03   8.93058660E-03
    311620   2.30803500E+01   1.72906075E-03   8.92247648E-03
    311640   2.30813500E+01   1.75492350E-03   8.94209914E-03
    311660   2.30823500E+01   1.84880205E-03   8.95738399E-03
    311680   2.30833500E+01   1.89586154E-03   8.94617422E-03
    311700   2.30843500E+01   1.87176320E-03   8.93191487E-03
    311720   2.30853500E+01   1.79635222E-03   8.93613974E-03
    311740   2.30863500E+01   1.73053779E-03   8.94504836E-03
    311760   2.30873500E+01   1.76637198E-03   8.94406762E-03
    311780   2.30883500E+01   1.86472577E-03   8.93658898E-03
    311800   2.30893500E+01   1.90521637E-03   8.93770699E-03
    311820   2.30903500E+01   1.85160780E-03   8.94920571E-03
    311840   2.30913500E+01   1.76078099E-03   8.95080885E-03
    311860   2.30923500E+01   1.73329694E-03   8.93375505E-03
    311880   2.30933500E+01   1.79720982E-03   8.92777318E-03
    311900   2.30943500E+01   1.87159040E-03   8.94312687E-03
    311920   2.30953500E+01   1.89064954E-03   8.95627673E-03
    311940   2.30963500E+01   1.83786101E-03   8.95017658E-03
    311960   2.30973500E+01   1.75707650E-03   8.93013704E-03
    311980   2.30983500E+01   1.74275519E-03   8.92318809E-03
    312000   2.30993500E+01   1.82290671E-03   8.94174762E-03
    312020   2.31003500E+01   1.89329779E-03   8.95738318E-03
    312040   2.31013500E+01   1.87915578E-03   8.94762911E-03
    312060   2.31023500E+01   1.80949237E-03   8.92847236E-03
    312080   2.31033500E+01   1.74941179E-03   8.92888629E-03
    312100   2.31043500E+01   1.76291129E-03   8.94509670E-03
    312120   2.31053500E+01   1.83558885E-03   8.95010112E-03
    312140   2.31063500E+01   1.88926957E-03   8.93984572E-03
    312160   2.31073500E+01   1.87379197E-03   8.93472874E-03
    312180   2.31083500E+01   1.79879726E-03   8.93982154E-03
    312200   2.31093500E+01   1.74713809E-03   8.94308416E-03
    312220   2.31103500E+01   1.78789018E-03   8.93866800E-03
    312240   2.31113500E+01   1.86785799E-03   8.93340722E-03
    312260   2.31123500E+01   1.89438800E-03   8.93897261E-03
    312280   2.31133500E+01   1.85068217E-03   8.94892536E-03
    312300   2.31143500E+01   1.78223499E-03   8.94508671E-03
    312320   2.31153500E+01   1.75252044E-03   8.93152009E-03
    312340   2.31163500E+01   1.79814299E-03   8.92977862E-03
    312360   2.31173500E+01   1.86881135E-03   8.94417841E-03
    312380   2.31183500E+01   1.88649901E-03   8.95481085E-03
    312400   2.31193500E+01   1.83386871E-03   8.94578034E-03
    312420   2.31203500E+01   1.76706245E-03   8.92821465E-03
    312440   2.31213500E+01   1.76536521E-03   8.92744395E-03
    312460   2.31223500E+01   1.82765131E-03   8.94492758E-03
    312480   2.31233500E+01   1.87948803E-03   8.95317997E-03
    312500   2.31243500E+01   1.87396305E-03   8.94140099E-03
    312520   2.31253500E+01   1.81887091E-03   8.93010361E-03
    312540   2.31263500E+01   1.76290035E-03   8.93436664E-03
    312560   2.31273500E+01   1.76785267E-03   8.94346429E-03
    312580   2.31283500E+01   1.83133637E-03   8.94424607E-03
    312600   2.31293500E+01   1.87789610E-03   8.93972360E-03
    312620   2.31303500E+01   1.85658533E-03   8.93885946E-03
    312640   2.31313500E+01   1.79448238E-03   8.94171880E-03
    312660   2.31323500E+01   1.75920316E-03   8.94151373E-03
    312680   2.31333500E+01   1.78996827E-03   8.93645942E-03
    312700   2.31343500E+01   1.85089115E-03   8.93446619E-03
    312720   2.31353500E+01   1.87829753E-03   8.94204283E-03
    312740   2.31363500E+01   1.84804868E-03   8.94902592E-03
    312760   2.31373500E+01   1.78695489E-03   8.94168660E-03
    312780   2.31383500E+01   1.75972078E-03   8.92933042E-03
    312800   2.31393500E+01   1.80082115E-03   8.93130362E-03
    312820   2.31403500E+01   1.86069304E-03   8.94549102E-03
    312840   2.31413500E+01   1.87147251E-03   8.95116476E-03
    312860   2.31423500E+01   1.82701645E-03   8.94062889E-03
    312880   2.31433500E+01   1.77653918E-03   8.92921787E-03
    312900   2.31443500E+01   1.77275376E-03   8.93252364E-03
    312920   2.31453500E+01   1.81984593E-03   8.94427762E-03
    312940   2.31463500E+01   1.86939812E-03   8.94686827E-03
    312960   2.31473500E+01   1.87162481E-03   8.93863899E-03
    312980   2.31483500E+01   1.82279762E-03   8.93324836E-03
    313000   2.31493500E+01   1.77336948E-03   8.93649545E-03
    313020   2.31503500E+01   1.78123410E-03   8.94103437E-03
    313040   2.31513500E+01   1.83629202E-03   8.94054165E-03
    313060   2.31523500E+01   1.87361282E-03   8.93793001E-03
    313080   2.31533500E+01   1.85753774E-03   8.93884892E-03
    313100   2.31543500E+01   1.80804009E-03   8.94133015E-03
    313120   2.31553500E+01   1.77516193E-03   8.93887713E-03
    313140   2.31563500E+01   1.79486974E-03   8.93398219E-03
    313160   2.31573500E+01   1.84789326E-03   8.93558072E-03
    313180   2.31583500E+01   1.87671600E-03   8.94350690E-03
    313200   2.31593500E+01   1.84929756E-03   8.94624209E-03
    313220   2.31603500E+01   1.79524594E-03   8.93789746E-03
    313240   2.31613500E+01   1.77456401E-03   8.93023857E-03
    313260   2.31623500E+01   1.80857497E-03   8.93537753E-03
    313280   2.31633500E+01   1.85585518E-03   8.94589070E-03
    313300   2.31643500E+01   1.86644369E-03   8.94695261E-03
    313320   2.31653500E+01   1.83289803E-03   8.93806787E-03
    313340   2.31663500E+01   1.78854255E-03   8.93164744E-03
    313360   2.31673500E+01   1.78013737E-03   8.93547092E-03
    313380   2.31683500E+01   1.81965506E-03   8.94284753E-03
    313400   2.31693500E+01   1.86320106E-03   8.94356544E-03
    313420   2.31703500E+01   1.86162022E-03   8.93885921E-03
    313440   2.31713500E+01   1.81688966E-03   8.93651623E-03
    313460   2.31723500E+01   1.77790911E-03   8.93829576E-03
    313480   2.31733500E+01   1.78564925E-03   8.93989840E-03
    313500   2.31743500E+01   1.82890249E-03   8.93908187E-03
    313520   2.31753500E+01   1.86084664E-03   8.93906202E-03
    313540   2.31763500E+01   1.84976266E-03   8.94154423E-03
    313560   2.31773500E+01   1.80696039E-03   8.94180164E-03
    313580   2.31783500E+01   1.77798251E-03   8.93693813E-03
    313600   2.31793500E+01   1.79781811E-03   8.93313068E-03
    313620   2.31803500E+01   1.84544371E-03   8.93697611E-03
    313640   2.31813500E+01   1.86711007E-03   8.94379761E-03
    313660   2.31823500E+01   1.84120307E-03   8.94326178E-03
    313680   2.31833500E+01   1.79710977E-03   8.93559702E-03
    313700   2.31843500E+01   1.78041952E-03   8.93190144E-03
    313720   2.31853500E+01   1.80697095E-03   8.93720540E-03
    313740   2.31863500E+01   1.84776960E-03   8.94381230E-03
    313760   2.31873500E+01   1.86040616E-03   8.94333079E-03
    313780   2.31883500E+01   1.83201071E-03   8.93736706E-03
    313800   2.31893500E+01   1.79355230E-03   8.93376630E-03
    313820   2.31903500E+01   1.78935486E-03   8.93608227E-03
    313840   2.31913500E+01   1.82561108E-03   8.93999229E-03
    313860   2.31923500E+01   1.86210141E-03   8.94006272E-03
    313880   2.31933500E+01   1.86089297E-03   8.93748216E-03
    313900   2.31943500E+01   1.82567792E-03   8.93672810E-03
    313920   2.31953500E+01   1.79307584E-03   8.93736087E-03
    313940   2.31963500E+01   1.79610198E-03   8.93669615E-03
    313960   2.31973500E+01   1.83079665E-03   8.93646012E-03
    313980   2.31983500E+01   1.85898594E-03   8.93917059E-03
    314000   2.31993500E+01   1.84946413E-03   8.94194909E-03
    314020   2.32003500E+01   1.81243993E-03   8.94005792E-03
    314040   2.32013500E+01   1.78950320E-03   8.93500263E-03
    314060   2.32023500E+01   1.80687098E-03   8.93378338E-03
    314080   2.32033500E+01   1.84495846E-03   8.93855911E-03
    314100   2.32043500E+01   1.86321872E-03   8.94270816E-03
    314120   2.32053500E+01   1.84437981E-03   8.94035040E-03
    314140   2.32063500E+01   1.80822313E-03   8.93465262E-03
    314160   2.32073500E+01   1.79136612E-03   8.93325135E-03
    314180   2.32083500E+01   1.81112859E-03   8.93776855E-03
    314200   2.32093500E+01   1.84490766E-03   8.94202891E-03
    314220   2.32103500E+01   1.85405978E-03   8.94109997E-03
    314240   2.32113500E+01   1.82805126E-03   8.93723188E-03
    314260   2.32123500E+01   1.79553273E-03   8.93556857E-03
    314280   2.32133500E+01   1.79174531E-03   8.93736543E-03
    314300   2.32143500E+01   1.82016745E-03   8.93932644E-03
    314320   2.32153500E+01   1.85055968E-03   8.93920937E-03
    314340   2.32163500E+01   1.85227917E-03   8.93857542E-03
    314360   2.32173500E+01   1.82411949E-03   8.93832985E-03
    314380   2.32183500E+01   1.79546188E-03   8.93703294E-03
    314400   2.32193500E+01   1.79742323E-03   8.93541050E-03
    314420   2.32203500E+01   1.82763036E-03   8.93645640E-03
    314440   2.32213500E+01   1.85154192E-03   8.93988449E-03
    314460   2.32223500E+01   1.84270222E-03   8.94120236E-03
    314480   2.32233500E+01   1.81171314E-03   8.93794844E-03
    314500   2.32243500E+01   1.79241018E-03   8.93396268E-03
    314520   2.32253500E+01   1.80534903E-03   8.93458551E-03
    314540   2.32263500E+01   1.83710878E-03   8.93911989E-03
    314560   2.32273500E+01   1.85508276E-03   8.94152746E-03
    314580   2.32283500E+01   1.84119093E-03   8.93865122E-03
    314600   2.32293500E+01   1.81068100E-03   8.93440128E-03
    314620   2.32303500E+01   1.79727720E-03   8.93405577E-03
    314640   2.32313500E+01   1.81610163E-03   8.93728749E-03
    314660   2.32323500E+01   1.84575397E-03   8.93959117E-03
    314680   2.32333500E+01   1.85384941E-03   8.93863440E-03
    314700   2.32343500E+01   1.83298445E-03   8.93642675E-03
    314720   2.32353500E+01   1.80610737E-03   8.93561898E-03
    314740   2.32363500E+01   1.80179207E-03   8.93603378E-03
    314760   2.32373500E+01   1.82522143E-03   8.93635263E-03
    314780   2.32383500E+01   1.85206651E-03   8.93693274E-03
    314800   2.32393500E+01   1.85360185E-03   8.93811070E-03
    314820   2.32403500E+01   1.82805182E-03   8.93808816E-03
    314840   2.32413500E+01   1.80327323E-03   8.93588676E-03
    314860   2.32423500E+01   1.80601737E-03   8.93426694E-03
    314880   2.32433500E+01   1.83203661E-03   8.93605853E-03
    314900   2.32443500E+01   1.85219579E-03   8.93932794E-03
    314920   2.32453500E+01   1.84528035E-03   8.93973594E-03
    314940   2.32463500E+01   1.81910093E-03   8.93656215E-03
    314960   2.32473500E+01   1.80135176E-03   8.93376242E-03
    314980   2.32483500E+01   1.81112835E-03   8.93492630E-03
    315000   2.32493500E+01   1.83808394E-03   8.93844618E-03
    315020   2.32503500E+01   1.85283726E-03   8.93956144E-03
    315040   2.32513500E+01   1.83924773E-03   8.93701058E-03
    315060   2.32523500E+01   1.81196489E-03   8.93453637E-03
    315080   2.32533500E+01   1.79970208E-03   8.93527222E-03
    315100   2.32543500E+01   1.81385805E-03   8.93777818E-03
    315120   2.32553500E+01   1.83745890E-03   8.93892299E-03
    315140   2.32563500E+01   1.84475011E-03   8.93825062E-03
    315160   2.32573500E+01   1.82814628E-03   8.93733376E-03
    315180   2.32583500E+01   1.80551618E-03   8.93667865E-03
    315200   2.32593500E+01   1.80181728E-03   8.93593990E-03
    315220   2.32603500E+01   1.82205113E-03   8.93581065E-03
    315240   2.32613500E+01   1.84467733E-03   8.93709285E-03
    315260   2.32623500E+01   1.84551475E-03   8.93845077E-03
    315280   2.32633500E+01   1.82449763E-03   8.93754089E-03
    315300   2.32643500E+01   1.80457939E-03   8.93482224E-03
    315320   2.32653500E+01   1.80633007E-03   8.93379112E-03
    315340   2.32663500E+01   1.82668512E-03   8.93624190E-03
    315360   2.32673500E+01   1.84320263E-03   8.93939639E-03
    315380   2.32683500E+01   1.83809268E-03   8.93929579E-03
    315400   2.32693500E+01   1.81704506E-03   8.93602243E-03
    315420   2.32703500E+01   1.80361629E-03   8.93374444E-03
    315440   2.32713500E+01   1.81379322E-03   8.93514241E-03
    315460   2.32723500E+01   1.83785266E-03   8.93783473E-03
    315480   2.32733500E+01   1.85115188E-03   8.93800665E-03
    315500   2.32743500E+01   1.84120363E-03   8.93569227E-03
    315520   2.32753500E+01   1.81992633E-03   8.93404573E-03
    315540   2.32763500E+01   1.81002892E-03   8.93459258E-03
    315560   2.32773500E+01   1.82146276E-03   8.93590114E-03
    315580   2.32783500E+01   1.84134386E-03   8.93655216E-03
    315600   2.32793500E+01   1.84763896E-03   8.93676830E-03
    315620   2.32803500E+01   1.83296308E-03   8.93682623E-03
    315640   2.32813500E+01   1.81309062E-03   8.93618717E-03
    315660   2.32823500E+01   1.80999051E-03   8.93505687E-03
    315680   2.32833500E+01   1.82747670E-03   8.93498776E-03
    315700   2.32843500E+01   1.84725787E-03   8.93658078E-03
    315720   2.32853500E+01   1.84930165E-03   8.93784681E-03
    315740   2.32863500E+01   1.83263477E-03   8.93661315E-03
    315760   2.32873500E+01   1.81532101E-03   8.93397003E-03
    315780   2.32883500E+01   1.81538513E-03   8.93333268E-03
    315800   2.32893500E+01   1.83184537E-03   8.93579729E-03
    315820   2.32903500E+01   1.84558386E-03   8.93833582E-03
    315840   2.32913500E+01   1.84034239E-03   8.93777882E-03
    315860   2.32923500E+01   1.82087063E-03   8.93512702E-03
    315880   2.32933500E+01   1.80757629E-03   8.93406705E-03
    315900   2.32943500E+01   1.81406374E-03   8.93585414E-03
    315920   2.32953500E+01   1.83287652E-03   8.93785793E-03
    315940   2.32963500E+01   1.84418425E-03   8.93758131E-03
    315960   2.32973500E+01   1.83664622E-03   8.93589273E-03
    315980   2.32983500E+01   1.81872982E-03   8.93501817E-03
    316000   2.32993500E+01   1.80972509E-03   8.93532447E-03
    316020   2.33003500E+01   1.81916508E-03   8.93577366E-03
    316040   2.33013500E+01   1.83613723E-03   8.93605706E-03
    316060   2.33023500E+01   1.84130245E-03   8.93649804E-03
    316080   2.33033500E+01   1.82851777E-03   8.93665955E-03
    316100   2.33043500E+01   1.81137766E-03   8.93578865E-03
    316120   2.33053500E+01   1.80808707E-03   8.93453944E-03
    316140   2.33063500E+01   1.82203141E-03   8.93465204E-03
    316160   2.33073500E+01   1.83857671E-03   8.93637293E-03
    316180   2.33083500E+01   1.84073277E-03   8.93749186E-03
    316200   2.33093500E+01   1.82702405E-03   8.93613580E-03
    316220   2.33103500E+01   1.81298951E-03   8.93374121E-03
    316240   2.33113500E+01   1.81438726E-03   8.93345194E-03
    316260   2.33123500E+01   1.82987014E-03   8.93567903E-03
    316280   2.33133500E+01   1.84265930E-03   8.93737870E-03
    316300   2.33143500E+01   1.83931466E-03   8.93631025E-03
    316320   2.33153500E+01   1.82407439E-03   8.93401771E-03
    316340   2.33163500E+01   1.81369429E-03   8.93340523E-03
    316360   2.33173500E+01   1.81956972E-03   8.93479375E-03
    316380   2.33183500E+01   1.83593700E-03   8.93601287E-03
    316400   2.33193500E+01   1.84597996E-03   8.93570578E-03
    316420   2.33203500E+01   1.83961312E-03   8.93472622E-03
    316440   2.33213500E+01   1.82431497E-03   8.93427138E-03
    316460   2.33223500E+01   1.81700797E-03   8.93433747E-03
    316480   2.33233500E+01   1.82548287E-03   8.93453634E-03
    316500   2.33243500E+01   1.84007486E-03   8.93505715E-03
    316520   2.33253500E+01   1.84474122E-03   8.93590722E-03
    316540   2.33263500E+01   1.83454949E-03   8.93612263E-03
    316560   2.33273500E+01   1.82059104E-03   8.93495859E-03
    316580   2.33283500E+01   1.81797347E-03   8.93351174E-03
    316600   2.33293500E+01   1.82973244E-03   8.93372825E-03
    316620   2.33303500E+01   1.84345091E-03   8.93554115E-03
    316640   2.33313500E+01   1.84453112E-03   8.93650319E-03
    316660   2.33323500E+01   1.83195107E-03   8.93512544E-03
    316680   2.33333500E+01   1.81911787E-03   8.93319032E-03
    316700   2.33343500E+01   1.81903995E-03   8.93335632E-03
    316720   2.33353500E+01   1.83047412E-03   8.93545043E-03
    316740   2.33363500E+01   1.83992918E-03   8.93683185E-03
    316760   2.33373500E+01   1.83646628E-03   8.93607154E-03
    316780   2.33383500E+01   1.82319193E-03   8.93458588E-03
    316800   2.33393500E+01   1.81390204E-03   8.93431582E-03
    316820   2.33403500E+01   1.81852478E-03   8.93518134E-03
    316840   2.33413500E+01   1.83237353E-03   8.93571062E-03
    316860   2.33423500E+01   1.84098809E-03   8.93529774E-03
    316880   2.33433500E+01   1.83569368E-03   8.93463415E-03
    316900   2.33443500E+01   1.82270295E-03   8.93427578E-03
    316920   2.33453500E+01   1.81593367E-03   8.93406887E-03
    316940   2.33463500E+01   1.82194387E-03   8.93403604E-03
    316960   2.33473500E+01   1.83331835E-03   8.93460618E-03
    316980   2.33483500E+01   1.83701305E-03   8.93554790E-03
    317000   2.33493500E+01   1.82845498E-03   8.93570085E-03
    317020   2.33503500E+01   1.81658497E-03   8.93456987E-03
    317040   2.33513500E+01   1.81439112E-03   8.93347600E-03
    317060   2.33523500E+01   1.82482429E-03   8.93396808E-03
    317080   2.33533500E+01   1.83755898E-03   8.93541838E-03
    317100   2.33543500E+01   1.84026478E-03   8.93561410E-03
    317120   2.33553500E+01   1.83165519E-03   8.93388182E-03
    317140   2.33563500E+01   1.82220436E-03   8.93218352E-03
    317160   2.33573500E+01   1.82256414E-03   8.93247301E-03
    317180   2.33583500E+01   1.83232834E-03   8.93412805E-03
    317200   2.33593500E+01   1.84069559E-03   8.93499490E-03
    317220   2.33603500E+01   1.83818955E-03   8.93427448E-03
    317240   2.33613500E+01   1.82706862E-03   8.93322405E-03
    317260   2.33623500E+01   1.81912936E-03   8.93316407E-03
    317280   2.33633500E+01   1.82302192E-03   8.93388866E-03
    317300   2.33643500E+01   1.83491961E-03   8.93440001E-03
    317320   2.33653500E+01   1.84279763E-03   8.93434853E-03
    317340   2.33663500E+01   1.83935153E-03   8.93403634E-03
    317360   2.33673500E+01   1.82943836E-03   8.93357949E-03
    317380   2.33683500E+01   1.82448207E-03   8.93298423E-03
    317400   2.33693500E+01   1.83008957E-03   8.93275827E-03
    317420   2.33703500E+01   1.83996868E-03   8.93343090E-03
    317440   2.33713500E+01   1.84274009E-03   8.93444649E-03
    317460   2.33723500E+01   1.83446383E-03   8.93453410E-03
    317480   2.33733500E+01   1.82312890E-03   8.93350846E-03
    317500   2.33743500E+01   1.82006178E-03   8.93279821E-03
    317520   2.33753500E+01   1.82779141E-03   8.93354660E-03
    317540   2.33763500E+01   1.83762487E-03   8.93490274E-03
    317560   2.33773500E+01   1.83914484E-03   8.93510781E-03
    317580   2.33783500E+01   1.83111645E-03   8.93390544E-03
    317600   2.33793500E+01   1.82245250E-03   8.93285218E-03
    317620   2.33803500E+01   1.82252197E-03   8.93317883E-03
    317640   2.33813500E+01   1.83104449E-03   8.93426515E-03
    317660   2.33823500E+01   1.83838803E-03   8.93468403E-03
    317680   2.33833500E+01   1.83607809E-03   8.93410143E-03
    317700   2.33843500E+01   1.82603432E-03   8.93342523E-03
    317720   2.33853500E+01   1.81844542E-03   8.93337870E-03
    317740   2.33863500E+01   1.82082233E-03   8.93374387E-03
    317760   2.33873500E+01   1.83016961E-03   8.93404034E-03
    317780   2.33883500E+01   1.83642752E-03   8.93416666E-03
    317800   2.33893500E+01   1.83323928E-03   8.93410017E-03
    317820   2.33903500E+01   1.82458989E-03   8.93366041E-03
    317840   2.33913500E+01   1.82033475E-03   8.93302396E-03
    317860   2.33923500E+01   1.82541104E-03   8.93290207E-03
    317880   2.33933500E+01   1.83446407E-03   8.93360533E-03
    317900   2.33943500E+01   1.83782014E-03   8.93431465E-03
    317920   2.33953500E+01   1.83210261E-03   8.93398123E-03
    317940   2.33963500E+01   1.82377298E-03   8.93281872E-03
    317960   2.33973500E+01   1.82203537E-03   8.93217480E-03
    317980   2.33983500E+01   1.82904321E-03   8.93276216E-03
    318000   2.33993500E+01   1.83776828E-03   8.93367356E-03
    318020   2.34003500E+01   1.83955523E-03   8.93359976E-03
    318040   2.34013500E+01   1.83328192E-03   8.93256829E-03
    318060   2.34023500E+01   1.82640050E-03   8.93182812E-03
    318080   2.34033500E+01   1.82675324E-03   8.93216894E-03
    318100   2.34043500E+01   1.83406767E-03   8.93303611E-03
    318120   2.34053500E+01   1.84041023E-03   8.93344339E-03
    318140   2.34063500E+01   1.83893299E-03   8.93317623E-03
    318160   2.34073500E+01   1.83125831E-03   8.93274060E-03
    318180   2.34083500E+01   1.82568718E-03   8.93254269E-03
    318200   2.34093500E+01   1.82834889E-03   8.93259753E-03
    318220   2.34103500E+01   1.83668860E-03   8.93281141E-03
    318240   2.34113500E+01   1.84217831E-03   8.93303874E-03
    318260   2.34123500E+01   1.83940698E-03   8.93295219E-03
    318280   2.34133500E+01   1.83176248E-03   8.93237785E-03
    318300   2.34143500E+01   1.82754374E-03   8.93179172E-03
    318320   2.34153500E+01   1.83086767E-03   8.93196057E-03
    318340   2.34163500E+01   1.83735971E-03   8.93290317E-03
    318360   2.34173500E+01   1.83911730E-03   8.93366291E-03
    318380   2.34183500E+01   1.83333451E-03   8.93344401E-03
    318400   2.34193500E+01   1.82535477E-03   8.93266140E-03
    318420   2.34203500E+01   1.82304729E-03   8.93242011E-03
    318440   2.34213500E+01   1.82849837E-03   8.93306362E-03
    318460   2.34223500E+01   1.83582754E-03   8.93373835E-03
    318480   2.34233500E+01   1.83748028E-03   8.93353677E-03
    318500   2.34243500E+01   1.83219744E-03   8.93263948E-03
    318520   2.34253500E+01   1.82606135E-03   8.93198764E-03
    318540   2.34263500E+01   1.82567950E-03   8.93209837E-03
    318560   2.34273500E+01   1.83104596E-03   8.93262765E-03
    318580   2.34283500E+01   1.83569008E-03   8.93299609E-03
    318600   2.34293500E+01   1.83377230E-03   8.93300832E-03
    318620   2.34303500E+01   1.82649469E-03   8.93280789E-03
    318640   2.34313500E+01   1.82098999E-03   8.93260389E-03
    318660   2.34323500E+01   1.82280807E-03   8.93259464E-03
    318680   2.34333500E+01   1.83003152E-03   8.93286187E-03
    318700   2.34343500E+01   1.83541102E-03   8.93314358E-03
    318720   2.34353500E+01   1.83416142E-03   8.93296048E-03
    318740   2.34363500E+01   1.82888555E-03   8.93222125E-03
    318760   2.34373500E+01   1.82642370E-03   8.93151857E-03
    318780   2.34383500E+01   1.83026639E-03   8.93150828E-03
    318800   2.34393500E+01   1.83674717E-03   8.93206569E-03
    318820   2.34403500E+01   1.83901005E-03   8.93239703E-03
    318840   2.34413500E+01   1.83445601E-03   8.93205257E-03
    318860   2.34423500E+01   1.82767050E-03   8.93150807E-03
    318880   2.34433500E+01   1.82564053E-03   8.93151705E-03
    318900   2.34443500E+01   1.83039969E-03   8.93210791E-03
    318920   2.34453500E+01   1.83704308E-03   8.93256768E-03
    318940   2.34463500E+01   1.83913833E-03   8.93236520E-03
    318960   2.34473500E+01   1.83553459E-03   8.93173810E-03
    318980   2.34483500E+01   1.83129473E-03   8.93128874E-03
    319000   2.34493500E+01   1.83197858E-03   8.93129496E-03
    319020   2.34503500E+01   1.83752540E-03   8.93157283E-03
    319040   2.34513500E+01   1.84226904E-03   8.93179888E-03
    319060   2.34523500E+01   1.84104935E-03   8.93177332E-03
    319080   2.34533500E+01   1.83482838E-03   8.93150408E-03
    319100   2.34543500E+01   1.82971201E-03   8.93123639E-03
    319120   2.34553500E+01   1.83045136E-03   8.93132185E-03
    319140   2.34563500E+01   1.83551035E-03   8.93183799E-03
    319160   2.34573500E+01   1.83895993E-03   8.93235410E-03
    319180   2.34583500E+01   1.83696338E-03   8.93231566E-03
    319200   2.34593500E+01   1.83180098E-03   8.93173349E-03
    319220   2.34603500E+01   1.82922987E-03   8.93126602E-03
    319240   2.34613500E+01   1.83213235E-03   8.93145571E-03
    319260   2.34623500E+01   1.83731372E-03   8.93205243E-03
    319280   2.34633500E+01   1.83891778E-03   8.93232853E-03
    319300   2.34643500E+01   1.83476163E-03   8.93198777E-03
    319320   2.34653500E+01   1.82869854E-03   8.93148664E-03
    319340   2.34663500E+01   1.82648955E-03   8.93140830E-03
    319360   2.34673500E+01   1.82972808E-03   8.93176987E-03
    319380   2.34683500E+01   1.83432294E-03   8.93210674E-03
    319400   2.34693500E+01   1.83500758E-03   8.93207081E-03
    319420   2.34703500E+01   1.83096241E-03   8.93173918E-03
    319440   2.34713500E+01   1.82659142E-03   8.93141581E-03
    319460   2.34723500E+01   1.82669168E-03   8.93133157E-03
    319480   2.34733500E+01   1.83122868E-03   8.93151790E-03
    319500   2.34743500E+01   1.83536491E-03   8.93179504E-03
    319520   2.34753500E+01   1.83469738E-03   8.93186582E-03
    319540   2.34763500E+01   1.82999380E-03   8.93158123E-03
    319560   2.34773500E+01   1.82633672E-03   8.93116721E-03
    319580   2.34783500E+01   1.82770074E-03   8.93104008E-03
    319600   2.34793500E+01   1.83281283E-03   8.93129695E-03
    319620   2.34803500E+01   1.83662472E-03   8.93152181E-03
    319640   2.34813500E+01   1.83571492E-03   8.93126733E-03
    319660   2.34823500E+01   1.83183137E-03   8.93065717E-03
    319680   2.34833500E+01   1.82984321E-03   8.93028784E-03
    319700   2.34843500E+01   1.83239284E-03   8.93050265E-03
    319720   2.34853500E+01   1.83706397E-03   8.93097663E-03
    319740   2.34863500E+01   1.83907067E-03   8.93114559E-03
    319760   2.34873500E+01   1.83645272E-03   8.93088639E-03
    319780   2.34883500E+01   1.83216455E-03   8.93058172E-03
    319800   2.34893500E+01   1.83091917E-03   8.93058610E-03
    319820   2.34903500E+01   1.83423371E-03   8.93083741E-03
    319840   2.34913500E+01   1.83892002E-03   8.93101219E-03
    319860   2.34923500E+01   1.84054733E-03   8.93089300E-03
    319880   2.34933500E+01   1.83812260E-03   8.93052297E-03
    319900   2.34943500E+01   1.83496954E-03   8.93013076E-03
    319920   2.34953500E+01   1.83493520E-03   8.92998227E-03
    319940   2.34963500E+01   1.83812554E-03   8.93019705E-03
    319960   2.34973500E+01   1.84080775E-03   8.93060192E-03
    319980   2.34983500E+01   1.83951541E-03   8.93083680E-03
    320000   2.34993500E+01   1.83487257E-03   8.93073097E-03
    320020   2.35003500E+01   1.83103727E-03   8.93053931E-03
    320040   2.35013500E+01   1.83137840E-03   8.93065792E-03
    320060   2.35023500E+01   1.83499557E-03   8.93109346E-03
    320080   2.35033500E+01   1.83777954E-03   8.93138639E-03
    320100   2.35043500E+01   1.83683897E-03   8.93116008E-03
    320120   2.35053500E+01   1.83350003E-03   8.93060763E-03
    320140   2.35063500E+01   1.83167829E-03   8.93026741E-03
    320160   2.35073500E+01   1.83347825E-03   8.93038301E-03
    320180   2.35083500E+01   1.83683070E-03   8.93067630E-03
    320200   2.35093500E+01   1.83768947E-03   8.93076328E-03
    320220   2.35103500E+01   1.83439218E-03   8.93060981E-03
    320240   2.35113500E+01   1.82952068E-03   8.93048562E-03
    320260   2.35123500E+01   1.82728523E-03   8.93059362E-03
    320280   2.35133500E+01   1.82921179E-03   8.93087267E-03
    320300   2.35143500E+01   1.83271047E-03   8.93110741E-03
    320320   2.35153500E+01   1.83399840E-03   8.93111180E-03
    320340   2.35163500E+01   1.83216127E-03   8.93083250E-03
    320360   2.35173500E+01   1.82997298E-03   8.93039877E-03
    320380   2.35183500E+01   1.83068399E-03   8.93007968E-03
    320400   2.35193500E+01   1.83434031E-03   8.93006409E-03
    320420   2.35203500E+01   1.83761950E-03   8.93022977E-03
    320440   2.35213500E+01   1.83734024E-03   8.93024077E-03
    320460   2.35223500E+01   1.83386738E-03   8.92995866E-03
    320480   2.35233500E+01   1.83075999E-03   8.92966079E-03
    320500   2.35243500E+01   1.83105041E-03   8.92971589E-03
    320520   2.35253500E+01   1.83416337E-03   8.93009255E-03
    320540   2.35263500E+01   1.83674769E-03   8.93036023E-03
    320560   2.35273500E+01   1.83641537E-03   8.93020667E-03
    320580   2.35283500E+01   1.83428502E-03   8.92979847E-03
    320600   2.35293500E+01   1.83363483E-03   8.92953570E-03
    320620   2.35303500E+01   1.83621239E-03   8.92956522E-03
    320640   2.35313500E+01   1.84021522E-03   8.92967664E-03
    320660   2.35323500E+01   1.84211010E-03   8.92962919E-03
    320680   2.35333500E+01   1.84033781E-03   8.92942822E-03
    320700   2.35343500E+01   1.83693697E-03   8.92925620E-03
    320720   2.35353500E+01   1.83536457E-03   8.92925050E-03
    320740   2.35363500E+01   1.83688305E-03   8.92940775E-03
    320760   2.35373500E+01   1.83938449E-03   8.92962164E-03
    320780   2.35383500E+01   1.83983099E-03   8.92974233E-03
    320800   2.35393500E+01   1.83759631E-03   8.92966590E-03
    320820   2.35403500E+01   1.83510757E-03   8.92945955E-03
    320840   2.35413500E+01   1.83515570E-03   8.92935585E-03
    320860   2.35423500E+01   1.83781503E-03   8.92950972E-03
    320880   2.35433500E+01   1.84029698E-03   8.92976999E-03
    320900   2.35443500E+01   1.83988869E-03   8.92981886E-03
    320920   2.35453500E+01   1.83680887E-03   8.92957563E-03
    320940   2.35463500E+01   1.83392887E-03   8.92933638E-03
    320960   2.35473500E+01   1.83371076E-03   8.92941570E-03
    320980   2.35483500E+01   1.83567635E-03   8.92973677E-03
    321000   2.35493500E+01   1.83706867E-03   8.92991787E-03
    321020   2.35503500E+01   1.83590520E-03   8.92974511E-03
    321040   2.35513500E+01   1.83310980E-03   8.92941664E-03
    321060   2.35523500E+01   1.83146580E-03   8.92927560E-03
    321080   2.35533500E+01   1.83256494E-03   8.92941485E-03
    321100   2.35543500E+01   1.83506308E-03   8.92963099E-03
    321120   2.35553500E+01   1.83611935E-03   8.92969922E-03
    321140   2.35563500E+01   1.83444513E-03   8.92958732E-03
    321160   2.35573500E+01   1.83167199E-03   8.92941826E-03
    321180   2.35583500E+01   1.83059924E-03   8.92932481E-03
    321200   2.35593500E+01   1.83223996E-03   8.92935853E-03
    321220   2.35603500E+01   1.83482221E-03   8.92945432E-03
    321240   2.35613500E+01   1.83576318E-03   8.92944743E-03
    321260   2.35623500E+01   1.83445466E-03   8.92920726E-03
    321280   2.35633500E+01   1.83285947E-03   8.92881691E-03
    321300   2.35643500E+01   1.83329802E-03   8.92855212E-03
    321320   2.35653500E+01   1.83584930E-03   8.92859270E-03
    321340   2.35663500E+01   1.83820273E-03   8.92879526E-03
    321360   2.35673500E+01   1.83812375E-03   8.92885651E-03
    321380   2.35683500E+01   1.83586291E-03   8.92869198E-03
    321400   2.35693500E+01   1.83392504E-03   8.92853289E-03
    321420   2.35703500E+01   1.83446810E-03   8.92860479E-03
    321440   2.35713500E+01   1.83710850E-03   8.92881870E-03
    321460   2.35723500E+01   1.83942867E-03   8.92888183E-03
    321480   2.35733500E+01   1.83958911E-03   8.92866219E-03
    321500   2.35743500E+01   1.83823095E-03   8.92832775E-03
    321520   2.35753500E+01   1.83765654E-03   8.92812197E-03
    321540   2.35763500E+01   1.83921932E-03   8.92810581E-03
    321560   2.35773500E+01   1.84176710E-03   8.92816380E-03
    321580   2.35783500E+01   1.84281608E-03   8.92818508E-03
    321600   2.35793500E+01   1.84118326E-03   8.92816590E-03
    321620   2.35803500E+01   1.83825990E-03   8.92817300E-03
    321640   2.35813500E+01   1.83658726E-03   8.92827614E-03
    321660   2.35823500E+01   1.83727142E-03   8.92849708E-03
    321680   2.35833500E+01   1.83898057E-03   8.92875633E-03
    321700   2.35843500E+01   1.83953783E-03   8.92888157E-03
    321720   2.35853500E+01   1.83832703E-03   8.92875427E-03
    321740   2.35863500E+01   1.83689052E-03   8.92847132E-03
    321760   2.35873500E+01   1.83711386E-03   8.92828421E-03
    321780   2.35883500E+01   1.83903112E-03   8.92832552E-03
    321800   2.35893500E+01   1.84066344E-03   8.92845406E-03
    321820   2.35903500E+01   1.84006501E-03   8.92844310E-03
    321840   2.35913500E+01   1.83737105E-03   8.92828484E-03
    321860   2.35923500E+01   1.83466650E-03   8.92820948E-03
    321880   2.35933500E+01   1.83384096E-03   8.92838952E-03
    321900   2.35943500E+01   1.83473039E-03   8.92871513E-03
    321920   2.35953500E+01   1.83549878E-03   8.92891893E-03
    321940   2.35963500E+01   1.83477894E-03   8.92886907E-03
    321960   2.35973500E+01   1.83321124E-03   8.92866900E-03
    321980   2.35983500E+01   1.83271609E-03   8.92849468E-03
    322000   2.35993500E+01   1.83431903E-03   8.92841204E-03
    322020   2.36003500E+01   1.83690757E-03   8.92836409E-03
    322040   2.36013500E+01   1.83827979E-03   8.92827033E-03
    322060   2.36023500E+01   1.83737845E-03   8.92810466E-03
    322080   2.36033500E+01   1.83533877E-03   8.92791773E-03
    322100   2.36043500E+01   1.83425341E-03   8.92781573E-03
    322120   2.36053500E+01   1.83499832E-03   8.92787856E-03
    322140   2.36063500E+01   1.83644330E-03   8.92805402E-03
    322160   2.36073500E+01   1.83684136E-03   8.92816330E-03
    322180   2.36083500E+01   1.83583249E-03   8.92807220E-03
    322200   2.36093500E+01   1.83487272E-03   8.92785057E-03
    322220   2.36103500E+01   1.83564316E-03   8.92769989E-03
    322240   2.36113500E+01   1.83817653E-03   8.92770901E-03
    322260   2.36123500E+01   1.84072167E-03   8.92774532E-03
    322280   2.36133500E+01   1.84149284E-03   8.92763156E-03
    322300   2.36143500E+01   1.84044594E-03   8.92738313E-03
    322320   2.36153500E+01   1.83921826E-03   8.92719811E-03
    322340   2.36163500E+01   1.83934226E-03   8.92721907E-03
    322360   2.36173500E+01   1.84066676E-03   8.92737423E-03
    322380   2.36183500E+01   1.84164499E-03   8.92747905E-03
    322400   2.36193500E+01   1.84111472E-03   8.92744324E-03
    322420   2.36203500E+01   1.83961430E-03   8.92733607E-03
    322440   2.36213500E+01   1.83882086E-03   8.92727925E-03
    322460   2.36223500E+01   1.83973433E-03   8.92732489E-03
    322480   2.36233500E+01   1.84157029E-03   8.92742930E-03
    322500   2.36243500E+01   1.84255291E-03   8.92750315E-03
    322520   2.36253500E+01   1.84175715E-03   8.92748430E-03
    322540   2.36263500E+01   1.84003123E-03   8.92739756E-03
    322560   2.36273500E+01   1.83903503E-03   8.92734942E-03
    322580   2.36283500E+01   1.83946036E-03   8.92742661E-03
    322600   2.36293500E+01   1.84035239E-03   8.92758338E-03
    322620   2.36303500E+01   1.84022716E-03   8.92766672E-03
    322640   2.36313500E+01   1.83873766E-03   8.92758626E-03
    322660   2.36323500E+01   1.83707649E-03   8.92743215E-03
    322680   2.36333500E+01   1.83669104E-03   8.92737775E-03
    322700   2.36343500E+01   1.83770890E-03   8.92747428E-03
    322720   2.36353500E+01   1.83877320E-03   8.92759599E-03
    322740   2.36363500E+01   1.83846513E-03   8.92760490E-03
    322760   2.36373500E+01   1.83679095E-03   8.92751996E-03
    322780   2.36383500E+01   1.83515823E-03   8.92747951E-03
    322800   2.36393500E+01   1.83489280E-03   8.92755995E-03
    322820   2.36403500E+01   1.83589139E-03   8.92768320E-03
    322840   2.36413500E+01   1.83682457E-03   8.92770837E-03
    322860   2.36423500E+01   1.83662817E-03   8.92757770E-03
    322880   2.36433500E+01   1.83565574E-03   8.92735753E-03
    322900   2.36443500E+01   1.83525606E-03   8.92716365E-03
    322920   2.36453500E+01   1.83625233E-03   8.92706573E-03
    322940   2.36463500E+01   1.83798429E-03   8.92704526E-03
    322960   2.36473500E+01   1.83895777E-03   8.92702344E-03
    322980   2.36483500E+01   1.83840406E-03   8.92694055E-03
    323000   2.36493500E+01   1.83707714E-03   8.92682777E-03
    323020   2.36503500E+01   1.83645165E-03   8.92678914E-03
    323040   2.36513500E+01   1.83720138E-03   8.92688390E-03
    323060   2.36523500E+01   1.83858321E-03   8.92703028E-03
    323080   2.36533500E+01   1.83934820E-03   8.92706265E-03
    323100   2.36543500E+01   1.83915261E-03   8.92690134E-03
    323120   2.36553500E+01   1.83892338E-03   8.92664059E-03
    323140   2.36563500E+01   1.83978819E-03   8.92644374E-03
    323160   2.36573500E+01   1.84174791E-03   8.92637016E-03
    323180   2.36583500E+01   1.84354857E-03   8.92633942E-03
    323200   2.36593500E+01   1.84390999E-03   8.92626005E-03
    323220   2.36603500E+01   1.84280930E-03   8.92615137E-03
    323240   2.36613500E+01   1.84146739E-03   8.92611683E-03
    323260   2.36623500E+01   1.84107618E-03   8.92622044E-03
    323280   2.36633500E+01   1.84163124E-03   8.92641573E-03
    323300   2.36643500E+01   1.84209005E-03   8.92658925E-03
    323320   2.36653500E+01   1.84163587E-03   8.92665404E-03
    323340   2.36663500E+01   1.84064437E-03   8.92660548E-03
    323360   2.36673500E+01   1.84029435E-03   8.92650810E-03
    323380   2.36683500E+01   1.84124898E-03   8.92643320E-03
    323400   2.36693500E+01   1.84284613E-03   8.92639637E-03
    323420   2.36703500E+01   1.84368477E-03   8.92635224E-03
    323440   2.36713500E+01   1.84299474E-03   8.92626236E-03
    323460   2.36723500E+01   1.84135009E-03   8.92616709E-03
    323480   2.36733500E+01   1.84000340E-03   8.92616562E-03
    323500   2.36743500E+01   1.83958564E-03   8.92630678E-03
    323520   2.36753500E+01   1.83956030E-03   8.92651600E-03
    323540   2.36763500E+01   1.83897283E-03   8.92665832E-03
    323560   2.36773500E+01   1.83763270E-03   8.92667330E-03
    323580   2.36783500E+01   1.83641993E-03   8.92662216E-03
    323600   2.36793500E+01   1.83637969E-03   8.92659487E-03
    323620   2.36803500E+01   1.83758545E-03   8.92659688E-03
    323640   2.36813500E+01   1.83899540E-03   8.92655187E-03
    323660   2.36823500E+01   1.83945848E-03   8.92640594E-03
    323680   2.36833500E+01   1.83880858E-03   8.92620273E-03
    323700   2.36843500E+01   1.83791387E-03   8.92604841E-03
    323720   2.36853500E+01   1.83767650E-03   8.92601453E-03
    323740   2.36863500E+01   1.83808423E-03   8.92607891E-03
    323760   2.36873500E+01   1.83832241E-03   8.92615046E-03
    323780   2.36883500E+01   1.83778438E-03   8.92614738E-03
    323800   2.36893500E+01   1.83684645E-03   8.92606256E-03
    323820   2.36903500E+01   1.83654535E-03   8.92596191E-03
    323840   2.36913500E+01   1.83749694E-03   8.92591220E-03
    323860   2.36923500E+01   1.83922037E-03   8.92590406E-03
    323880   2.36933500E+01   1.84059597E-03   8.92585598E-03
    323900   2.36943500E+01   1.84097149E-03   8.92570777E-03
    323920   2.36953500E+01   1.84074702E-03   8.92550219E-03
    323940   2.36963500E+01   1.84084202E-03   8.92535217E-03
    323960   2.36973500E+01   1.84164944E-03   8.92532221E-03
    323980   2.36983500E+01   1.84261426E-03   8.92536132E-03
    324000   2.36993500E+01   1.84287767E-03   8.92536652E-03
    324020   2.37003500E+01   1.84226847E-03   8.92529834E-03
    324040   2.37013500E+01   1.84155454E-03   8.92521300E-03
    324060   2.37023500E+01   1.84167062E-03   8.92518485E-03
    324080   2.37033500E+01   1.84274178E-03   8.92522063E-03
    324100   2.37043500E+01   1.84394158E-03   8.92526051E-03
    324120   2.37053500E+01   1.84433406E-03   8.92525027E-03
    324140   2.37063500E+01   1.84380650E-03   8.92519788E-03
    324160   2.37073500E+01   1.84311722E-03   8.92516150E-03
    324180   2.37083500E+01   1.84303775E-03   8.92519008E-03
    324200   2.37093500E+01   1.84352765E-03   8.92527439E-03
    324220   2.37103500E+01   1.84382028E-03   8.92535067E-03
    324240   2.37113500E+01   1.84330175E-03   8.92535665E-03
    324260   2.37123500E+01   1.84221560E-03   8.92529271E-03
    324280   2.37133500E+01   1.84142707E-03   8.92522561E-03
    324300   2.37143500E+01   1.84150270E-03   8.92522153E-03
    324320   2.37153500E+01   1.84209724E-03   8.92527529E-03
    324340   2.37163500E+01   1.84230593E-03   8.92531924E-03
    324360   2.37173500E+01   1.84160305E-03   8.92530727E-03
    324380   2.37183500E+01   1.84036859E-03   8.92527462E-03
    324400   2.37193500E+01   1.83945974E-03   8.92529742E-03
    324420   2.37203500E+01   1.83930930E-03   8.92539835E-03
    324440   2.37213500E+01   1.83952140E-03   8.92551166E-03
    324460   2.37223500E+01   1.83937738E-03   8.92554775E-03
    324480   2.37233500E+01   1.83867802E-03   8.92547921E-03
    324500   2.37243500E+01   1.83799567E-03   8.92535459E-03
    324520   2.37253500E+01   1.83805976E-03   8.92523799E-03
    324540   2.37263500E+01   1.83894153E-03   8.92514985E-03
    324560   2.37273500E+01   1.83992290E-03   8.92506575E-03
    324580   2.37283500E+01   1.84019763E-03   8.92496027E-03
    324600   2.37293500E+01   1.83966356E-03   8.92484572E-03
    324620   2.37303500E+01   1.83897593E-03   8.92476996E-03
    324640   2.37313500E+01   1.83883129E-03   8.92477493E-03
    324660   2.37323500E+01   1.83926525E-03   8.92484984E-03
    324680   2.37333500E+01   1.83970720E-03   8.92492502E-03
    324700   2.37343500E+01   1.83970039E-03   8.92492362E-03
    324720   2.37353500E+01   1.83947669E-03   8.92482806E-03
    324740   2.37363500E+01   1.83974427E-03   8.92468996E-03
    324760   2.37373500E+01   1.84091047E-03   8.92456752E-03
    324780   2.37383500E+01   1.84258110E-03   8.92446158E-03
    324800   2.37393500E+01   1.84388353E-03   8.92432881E-03
    324820   2.37403500E+01   1.84428050E-03   8.92415648E-03
    324840   2.37413500E+01   1.84402601E-03   8.92400346E-03
    324860   2.37423500E+01   1.84380929E-03   8.92395156E-03
    324880   2.37433500E+01   1.84399821E-03   8.92402221E-03
    324900   2.37443500E+01   1.84430036E-03   8.92415398E-03
    324920   2.37453500E+01   1.84418414E-03   8.92426151E-03
    324940   2.37463500E+01   1.84357193E-03   8.92430631E-03
    324960   2.37473500E+01   1.84302763E-03   8.92430916E-03
    324980   2.37483500E+01   1.84321614E-03   8.92430638E-03
    325000   2.37493500E+01   1.84420474E-03   8.92430473E-03
    325020   2.37503500E+01   1.84535127E-03   8.92427698E-03
    325040   2.37513500E+01   1.84590031E-03   8.92419616E-03
    325060   2.37523500E+01   1.84566374E-03   8.92407533E-03
    325080   2.37533500E+01   1.84509013E-03   8.92397520E-03
    325100   2.37543500E+01   1.84469095E-03   8.92396443E-03
    325120   2.37553500E+01   1.84447095E-03   8.92406068E-03
    325140   2.37563500E+01   1.84397921E-03   8.92421041E-03
    325160   2.37573500E+01   1.84290590E-03   8.92433588E-03
    325180   2.37583500E+01   1.84155009E-03   8.92440478E-03
    325200   2.37593500E+01   1.84062488E-03   8.92444596E-03
    325220   2.37603500E+01   1.84058533E-03   8.92449491E-03
    325240   2.37613500E+01   1.84118393E-03   8.92453798E-03
    325260   2.37623500E+01   1.84171983E-03   8.92452520E-03
    325280   2.37633500E+01   1.84171644E-03   8.92443470E-03
    325300   2.37643500E+01   1.84132130E-03   8.92430731E-03
    325320   2.37653500E+01   1.84103484E-03   8.92421018E-03
    325340   2.37663500E+01   1.84109494E-03   8.92417448E-03
    325360   2.37673500E+01   1.84119830E-03   8.92417722E-03
    325380   2.37683500E+01   1.84085774E-03   8.92417777E-03
    325400   2.37693500E+01   1.83999728E-03   8.92416065E-03
    325420   2.37703500E+01   1.83912703E-03   8.92414078E-03
    325440   2.37713500E+01   1.83889195E-03   8.92413566E-03
    325460   2.37723500E+01   1.83945974E-03   8.92413790E-03
    325480   2.37733500E+01   1.84038374E-03   8.92411482E-03
    325500   2.37743500E+01   1.84107221E-03   8.92403566E-03
    325520   2.37753500E+01   1.84135954E-03   8.92390452E-03
    325540   2.37763500E+01   1.84158618E-03   8.92376655E-03
    325560   2.37773500E+01   1.84213474E-03   8.92367278E-03
    325580   2.37783500E+01   1.84295113E-03   8.92363196E-03
    325600   2.37793500E+01   1.84357881E-03   8.92360186E-03
    325620   2.37803500E+01   1.84366341E-03   8.92353648E-03
    325640   2.37813500E+01   1.84337037E-03   8.92343927E-03
    325660   2.37823500E+01   1.84325308E-03   8.92335942E-03
    325680   2.37833500E+01   1.84370323E-03   8.92333335E-03
    325700   2.37843500E+01   1.84456335E-03   8.92334130E-03
    325720   2.37853500E+01   1.84530584E-03   8.92333098E-03
    325740   2.37863500E+01   1.84557809E-03   8.92327878E-03
    325760   2.37873500E+01   1.84553221E-03   8.92321600E-03
    325780   2.37883500E+01   1.84560198E-03   8.92319323E-03
    325800   2.37893500E+01   1.84598942E-03   8.92322717E-03
    325820   2.37903500E+01   1.84642831E-03   8.92328664E-03
    325840   2.37913500E+01   1.84648048E-03   8.92332482E-03
    325860   2.37923500E+01   1.84603669E-03   8.92331960E-03
    325880   2.37933500E+01   1.84547041E-03   8.92328618E-03
    325900   2.37943500E+01   1.84526841E-03   8.92325742E-03
    325920   2.37953500E+01   1.84552736E-03   8.92325274E-03
    325940   2.37963500E+01   1.84585192E-03   8.92326247E-03
    325960   2.37973500E+01   1.84576099E-03   8.92326274E-03
    325980   2.37983500E+01   1.84516880E-03   8.92324837E-03
    326000   2.37993500E+01   1.84443657E-03   8.92324834E-03
    326020   2.38003500E+01   1.84395827E-03   8.92330004E-03
    326040   2.38013500E+01   1.84374179E-03   8.92340516E-03
    326060   2.38023500E+01   1.84343888E-03   8.92351786E-03
    326080   2.38033500E+01   1.84278150E-03   8.92358372E-03
    326100   2.38043500E+01   1.84193883E-03   8.92358745E-03
    326120   2.38053500E+01   1.84139568E-03   8.92355551E-03
    326140   2.38063500E+01   1.84147036E-03   8.92351470E-03
    326160   2.38073500E+01   1.84197948E-03   8.92346026E-03
    326180   2.38083500E+01   1.84240331E-03   8.92337164E-03
    326200   2.38093500E+01   1.84237744E-03   8.92325212E-03
    326220   2.38103500E+01   1.84200085E-03   8.92314133E-03
    326240   2.38113500E+01   1.84165913E-03   8.92308508E-03
    326260   2.38123500E+01   1.84158010E-03   8.92309659E-03
    326280   2.38133500E+01   1.84161082E-03   8.92314747E-03
    326300   2.38143500E+01   1.84144659E-03   8.92319233E-03
    326320   2.38153500E+01   1.84104490E-03   8.92320060E-03
    326340   2.38163500E+01   1.84075682E-03   8.92316981E-03
    326360   2.38173500E+01   1.84101696E-03   8.92311352E-03
    326380   2.38183500E+01   1.84191168E-03   8.92303769E-03
    326400   2.38193500E+01   1.84307823E-03   8.92292955E-03
    326420   2.38203500E+01   1.84403664E-03   8.92277383E-03
    326440   2.38213500E+01   1.84460335E-03   8.92258311E-03
    326460   2.38223500E+01   1.84496498E-03   8.92240678E-03
    326480   2.38233500E+01   1.84536798E-03   8.92230026E-03
    326500   2.38243500E+01   1.84579025E-03   8.92228049E-03
    326520   2.38253500E+01   1.84596360E-03   8.92231530E-03
    326540   2.38263500E+01   1.84571819E-03   8.92235848E-03
    326560   2.38273500E+01   1.84525892E-03   8.92239046E-03
    326580   2.38283500E+01   1.84505106E-03   8.92241986E-03
    326600   2.38293500E+01   1.84541214E-03   8.92245052E-03
    326620   2.38303500E+01   1.84622550E-03   8.92245990E-03
    326640   2.38313500E+01   1.84706629E-03   8.92241690E-03
    326660   2.38323500E+01   1.84759986E-03   8.92231755E-03
    326680   2.38333500E+01   1.84783771E-03   8.92219690E-03
    326700   2.38343500E+01   1.84800396E-03   8.92210452E-03
    326720   2.38353500E+01   1.84818938E-03   8.92206967E-03
    326740   2.38363500E+01   1.84819117E-03   8.92208767E-03
    326760   2.38373500E+01   1.84772357E-03   8.92213451E-03
    326780   2.38383500E+01   1.84677176E-03   8.92219200E-03
    326800   2.38393500E+01   1.84569688E-03   8.92225977E-03
    326820   2.38403500E+01   1.84496019E-03   8.92234428E-03
    326840   2.38413500E+01   1.84473852E-03   8.92243664E-03
    326860   2.38423500E+01   1.84481725E-03   8.92250466E-03
    326880   2.38433500E+01   1.84485386E-03   8.92251365E-03
    326900   2.38443500E+01   1.84472060E-03   8.92245926E-03
    326920   2.38453500E+01   1.84456909E-03   8.92237677E-03
    326940   2.38463500E+01   1.84457311E-03   8.92231241E-03
    326960   2.38473500E+01   1.84465597E-03   8.92228430E-03
    326980   2.38483500E+01   1.84451812E-03   8.92227423E-03
    327000   2.38493500E+01   1.84394670E-03   8.92225696E-03
    327020   2.38503500E+01   1.84307498E-03   8.92223094E-03
    327040   2.38513500E+01   1.84230563E-03   8.92221567E-03
    327060   2.38523500E+01   1.84196584E-03   8.92222231E-03
    327080   2.38533500E+01   1.84204389E-03   8.92223452E-03
    327100   2.38543500E+01   1.84226681E-03   8.92222119E-03
    327120   2.38553500E+01   1.84241810E-03   8.92216515E-03
    327140   2.38563500E+01   1.84254967E-03   8.92207729E-03
    327160   2.38573500E+01   1.84287060E-03   8.92198451E-03
    327180   2.38583500E+01   1.84345240E-03   8.92190594E-03
    327200   2.38593500E+01   1.84408848E-03   8.92183993E-03
    327220   2.38603500E+01   1.84447362E-03   8.92177111E-03
    327240   2.38613500E+01   1.84451602E-03   8.92168924E-03
    327260   2.38623500E+01   1.84444569E-03   8.92160129E-03
    327280   2.38633500E+01   1.84459662E-03   8.92152443E-03
    327300   2.38643500E+01   1.84508721E-03   8.92146654E-03
    327320   2.38653500E+01   1.84572847E-03   8.92141615E-03
    327340   2.38663500E+01   1.84624436E-03   8.92135551E-03
    327360   2.38673500E+01   1.84655898E-03   8.92128404E-03
    327380   2.38683500E+01   1.84684452E-03   8.92122395E-03
    327400   2.38693500E+01   1.84729107E-03   8.92119870E-03
    327420   2.38703500E+01   1.84786117E-03   8.92120757E-03
    327440   2.38713500E+01   1.84830359E-03   8.92122555E-03
    327460   2.38723500E+01   1.84841489E-03   8.92122877E-03
    327480   2.38733500E+01   1.84826629E-03   8.92121588E-03
    327500   2.38743500E+01   1.84814874E-03   8.92120220E-03
    327520   2.38753500E+01   1.84828910E-03   8.92119638E-03
    327540   2.38763500E+01   1.84863189E-03   8.92118823E-03
    327560   2.38773500E+01   1.84890822E-03   8.92116142E-03
    327580   2.38783500E+01   1.84890864E-03   8.92111589E-03
    327600   2.38793500E+01   1.84866908E-03   8.92107572E-03
    327620   2.38803500E+01   1.84838424E-03   8.92107361E-03
    327640   2.38813500E+01   1.84816202E-03   8.92112575E-03
    327660   2.38823500E+01   1.84789850E-03   8.92121881E-03
    327680   2.38833500E+01   1.84741252E-03   8.92132000E-03
    327700   2.38843500E+01   1.84668898E-03   8.92140123E-03
    327720   2.38853500E+01   1.84595725E-03   8.92145546E-03
    327740   2.38863500E+01   1.84550739E-03   8.92149072E-03
    327760   2.38873500E+01   1.84542898E-03   8.92150975E-03
    327780   2.38883500E+01   1.84554146E-03   8.92149973E-03
    327800   2.38893500E+01   1.84558208E-03   8.92144580E-03
    327820   2.38903500E+01   1.84544848E-03   8.92135443E-03
    327840   2.38913500E+01   1.84524486E-03   8.92125900E-03
    327860   2.38923500E+01   1.84510146E-03   8.92119830E-03
    327880   2.38933500E+01   1.84498324E-03   8.92118882E-03
    327900   2.38943500E+01   1.84471052E-03   8.92121770E-03
    327920   2.38953500E+01   1.84417664E-03   8.92125996E-03
    327940   2.38963500E+01   1.84352546E-03   8.92129848E-03
    327960   2.38973500E+01   1.84308477E-03   8.92132686E-03
    327980   2.38983500E+01   1.84310650E-03   8.92133766E-03
    328000   2.38993500E+01   1.84356866E-03   8.92131431E-03
    328020   2.39003500E+01   1.84422967E-03   8.92123881E-03
    328040   2.39013500E+01   1.84486539E-03   8.92110860E-03
    328060   2.39023500E+01   1.84543802E-03   8.92094533E-03
    328080   2.39033500E+01   1.84603467E-03   8.92078572E-03
    328100   2.39043500E+01   1.84666875E-03   8.92066069E-03
    328120   2.39053500E+01   1.84718311E-03   8.92058042E-03
    328140   2.39063500E+01   1.84737599E-03   8.92053719E-03
    328160   2.39073500E+01   1.84722144E-03   8.92052097E-03
    328180   2.39083500E+01   1.84694496E-03   8.92052941E-03
    328200   2.39093500E+01   1.84686243E-03   8.92056116E-03
    328220   2.39103500E+01   1.84713568E-03   8.92060174E-03
    328240   2.39113500E+01   1.84768101E-03   8.92062200E-03
    328260   2.39123500E+01   1.84830281E-03   8.92059615E-03
    328280   2.39133500E+01   1.84889290E-03   8.92052281E-03
    328300   2.39143500E+01   1.84948288E-03   8.92042707E-03
    328320   2.39153500E+01   1.85011116E-03   8.92034105E-03
    328340   2.39163500E+01   1.85067411E-03   8.92028285E-03
    328360   2.39173500E+01   1.85094721E-03   8.92025307E-03
    328380   2.39183500E+01   1.85077260E-03   8.92024777E-03
    328400   2.39193500E+01   1.85022181E-03   8.92026987E-03
    328420   2.39203500E+01   1.84955925E-03   8.92032593E-03
    328440   2.39213500E+01   1.84903644E-03   8.92041294E-03
    328460   2.39223500E+01   1.84871933E-03   8.92051091E-03
    328480   2.39233500E+01   1.84850940E-03   8.92059083E-03
    328500   2.39243500E+01   1.84831209E-03   8.92063259E-03
    328520   2.39253500E+01   1.84815608E-03   8.92063734E-03
    328540   2.39263500E+01   1.84813401E-03   8.92062341E-03
    328560   2.39273500E+01   1.84824032E-03   8.92060944E-03
    328580   2.39283500E+01   1.84830136E-03   8.92060094E-03
    328600   2.39293500E+01   1.84809497E-03   8.92059256E-03
    328620   2.39303500E+01   1.84754871E-03   8.92058178E-03
    328640   2.39313500E+01   1.84681387E-03   8.92057705E-03
    328660   2.39323500E+01   1.84613658E-03   8.92058985E-03
    328680   2.39333500E+01   1.84565636E-03   8.92061933E-03
    328700   2.39343500E+01   1.84533243E-03   8.92064817E-03
    328720   2.39353500E+01   1.84505728E-03   8.92065576E-03
    328740   2.39363500E+01   1.84481881E-03   8.92063547E-03
    328760   2.39373500E+01   1.84472839E-03   8.92059786E-03
    328780   2.39383500E+01   1.84488613E-03   8.92055749E-03
    328800   2.39393500E+01   1.84523691E-03   8.92051840E-03
    328820   2.39403500E+01   1.84558365E-03   8.92047280E-03
    328840   2.39413500E+01   1.84575537E-03   8.92041259E-03
    328860   2.39423500E+01   1.84576009E-03   8.92034001E-03
    328880   2.39433500E+01   1.84576613E-03   8.92026614E-03
    328900   2.39443500E+01   1.84593426E-03   8.92019946E-03
    328920   2.39453500E+01   1.84627477E-03   8.92013664E-03
    328940   2.39463500E+01   1.84666976E-03   8.92006584E-03
    328960   2.39473500E+01   1.84702125E-03   8.91998004E-03
    328980   2.39483500E+01   1.84735638E-03   8.91988737E-03
    329000   2.39493500E+01   1.84777678E-03   8.91980725E-03
    329020   2.39503500E+01   1.84831508E-03   8.91975491E-03
    329040   2.39513500E+01   1.84886428E-03   8.91972939E-03
    329060   2.39523500E+01   1.84926547E-03   8.91971644E-03
    329080   2.39533500E+01   1.84946529E-03   8.91970255E-03
    329100   2.39543500E+01   1.84957552E-03   8.91968438E-03
    329120   2.39553500E+01   1.84976866E-03   8.91966483E-03
    329140   2.39563500E+01   1.85011522E-03   8.91964254E-03
    329160   2.39573500E+01   1.85052762E-03   8.91960884E-03
    329180   2.39583500E+01   1.85086039E-03   8.91955664E-03
    329200   2.39593500E+01   1.85105267E-03   8.91949132E-03
    329220   2.39603500E+01   1.85116072E-03   8.91943124E-03
    329240   2.39613500E+01   1.85125379E-03   8.91939688E-03
    329260   2.39623500E+01   1.85129762E-03   8.91939848E-03
    329280   2.39633500E+01   1.85116294E-03   8.91943280E-03
    329300   2.39643500E+01   1.85075898E-03   8.91948972E-03
    329320   2.39653500E+01   1.85015267E-03   8.91956020E-03
    329340   2.39663500E+01   1.84954367E-03   8.91963750E-03
    329360   2.39673500E+01   1.84911375E-03   8.91971156E-03
    329380   2.39683500E+01   1.84889734E-03   8.91976505E-03
    329400   2.39693500E+01   1.84879423E-03   8.91977910E-03
    329420   2.39703500E+01   1.84869514E-03   8.91974651E-03
    329440   2.39713500E+01   1.84857925E-03   8.91968029E-03
    329460   2.39723500E+01   1.84848523E-03   8.91960748E-03
    329480   2.39733500E+01   1.84840344E-03   8.91955227E-03
    329500   2.39743500E+01   1.84822537E-03   8.91952365E-03
    329520   2.39753500E+01   1.84782226E-03   8.91951796E-03
    329540   2.39763500E+01   1.84717962E-03   8.91953026E-03
    329560   2.39773500E+01   1.84644687E-03   8.91955991E-03
    329580   2.39783500E+01   1.84584411E-03   8.91960385E-03
    329600   2.39793500E+01   1.84551334E-03   8.91964710E-03
    329620   2.39803500E+01   1.84545352E-03   8.91966392E-03
    329640   2.39813500E+01   1.84558666E-03   8.91963150E-03
    329660   2.39823500E+01   1.84586586E-03   8.91954455E-03
    329680   2.39833500E+01   1.84630228E-03   8.91941809E-03
    329700   2.39843500E+01   1.84688830E-03   8.91927717E-03
    329720   2.39853500E+01   1.84751623E-03   8.91914334E-03
    329740   2.39863500E+01   1.84800227E-03   8.91902829E-03
    329760   2.39873500E+01   1.84821193E-03   8.91893708E-03
    329780   2.39883500E+01   1.84816911E-03   8.91887403E-03
    329800   2.39893500E+01   1.84803977E-03   8.91884325E-03
    329820   2.39903500E+01   1.84800455E-03   8.91884231E-03
    329840   2.39913500E+01   1.84814324E-03   8.91885640E-03
    329860   2.39923500E+01   1.84843306E-03   8.91886151E-03
    329880   2.39933500E+01   1.84883905E-03   8.91883690E-03
    329900   2.39943500E+01   1.84938048E-03   8.91877670E-03
    329920   2.39953500E+01   1.85009329E-03   8.91869078E-03
    329940   2.39963500E+01   1.85093202E-03   8.91859511E-03
    329960   2.39973500E+01   1.85173033E-03   8.91850226E-03
    329980   2.39983500E+01   1.85228298E-03   8.91842059E-03
    330000   2.39993500E+01   1.85248379E-03   8.91835903E-03
    330020   2.40003500E+01   1.85239050E-03   8.91832853E-03
    330040   2.40013500E+01   1.85215793E-03   8.91833584E-03
    330060   2.40023500E+01   1.85191056E-03   8.91837614E-03
    330080   2.40033500E+01   1.85167872E-03   8.91843319E-03
    330100   2.40043500E+01   1.85144612E-03   8.91848819E-03
    330120   2.40053500E+01   1.85123576E-03   8.91852981E-03
    330140   2.40063500E+01   1.85112560E-03   8.91855698E-03
    330160   2.40073500E+01   1.85117071E-03   8.91857368E-03
    330180   2.40083500E+01   1.85131821E-03   8.91858213E-03
    330200   2.40093500E+01   1.85141554E-03   8.91858151E-03
    330220   2.40103500E+01   1.85131629E-03   8.91857284E-03
    330240   2.40113500E+01   1.85098481E-03   8.91856366E-03
    330260   2.40123500E+01   1.85050197E-03   8.91856574E-03
    330280   2.40133500E+01   1.84997636E-03   8.91858614E-03
    330300   2.40143500E+01   1.84945839E-03   8.91862000E-03
    330320   2.40153500E+01   1.84894120E-03   8.91865314E-03
    330340   2.40163500E+01   1.84843147E-03   8.91867306E-03
    330360   2.40173500E+01   1.84799727E-03   8.91867782E-03
    330380   2.40183500E+01   1.84772922E-03   8.91867434E-03
    330400   2.40193500E+01   1.84765267E-03   8.91866891E-03
    330420   2.40203500E+01   1.84768809E-03   8.91866046E-03
    330440   2.40213500E+01   1.84771022E-03   8.91864316E-03
    330460   2.40223500E+01   1.84765267E-03   8.91861398E-03
    330480   2.40233500E+01   1.84755576E-03   8.91857619E-03
    330500   2.40243500E+01   1.84751344E-03   8.91853497E-03
    330520   2.40253500E+01   1.84757846E-03   8.91849085E-03
    330540   2.40263500E+01   1.84772379E-03   8.91843826E-03
    330560   2.40273500E+01   1.84789380E-03   8.91837103E-03
    330580   2.40283500E+01   1.84808116E-03   8.91828953E-03
    330600   2.40293500E+01   1.84834017E-03   8.91820268E-03
    330620   2.40303500E+01   1.84871976E-03   8.91812296E-03
    330640   2.40313500E+01   1.84919003E-03   8.91805884E-03
    330660   2.40323500E+01   1.84964670E-03   8.91801105E-03
    330680   2.40333500E+01   1.84999620E-03   8.91797569E-03
    330700   2.40343500E+01   1.85023757E-03   8.91794979E-03
    330720   2.40353500E+01   1.85045915E-03   8.91793281E-03
    330740   2.40363500E+01   1.85075492E-03   8.91792229E-03
    330760   2.40373500E+01   1.85114594E-03   8.91790929E-03
    330780   2.40383500E+01   1.85158168E-03   8.91788100E-03
    330800   2.40393500E+01   1.85200803E-03   8.91783004E-03
    330820   2.40403500E+01   1.85242013E-03   8.91776179E-03
    330840   2.40413500E+01   1.85284082E-03   8.91769222E-03
    330860   2.40423500E+01   1.85325250E-03   8.91763824E-03
    330880   2.40433500E+01   1.85356561E-03   8.91760959E-03
    330900   2.40443500E+01   1.85366967E-03   8.91760877E-03
    330920   2.40453500E+01   1.85352350E-03   8.91763577E-03
    330940   2.40463500E+01   1.85319647E-03   8.91769015E-03
    330960   2.40473500E+01   1.85281966E-03   8.91776765E-03
    330980   2.40483500E+01   1.85249531E-03   8.91785596E-03
    331000   2.40493500E+01   1.85224979E-03   8.91793589E-03
    331020   2.40503500E+01   1.85206373E-03   8.91798915E-03
    331040   2.40513500E+01   1.85193057E-03   8.91800714E-03
    331060   2.40523500E+01   1.85187042E-03   8.91799436E-03
    331080   2.40533500E+01   1.85188293E-03   8.91796424E-03
    331100   2.40543500E+01   1.85189750E-03   8.91793169E-03
    331120   2.40553500E+01   1.85178800E-03   8.91790823E-03
    331140   2.40563500E+01   1.85145305E-03   8.91790197E-03
    331160   2.40573500E+01   1.85089173E-03   8.91791927E-03
    331180   2.40583500E+01   1.85020505E-03   8.91796335E-03
    331200   2.40593500E+01   1.84952550E-03   8.91802971E-03
    331220   2.40603500E+01   1.84894402E-03   8.91810329E-03
    331240   2.40613500E+01   1.84849769E-03   8.91816249E-03
    331260   2.40623500E+01   1.84821112E-03   8.91818854E-03
    331280   2.40633500E+01   1.84812744E-03   8.91817318E-03
    331300   2.40643500E+01   1.84828229E-03   8.91811935E-03
    331320   2.40653500E+01   1.84864438E-03   8.91803616E-03
    331340   2.40663500E+01   1.84909259E-03   8.91793439E-03
    331360   2.40673500E+01   1.84946864E-03   8.91782607E-03
    331380   2.40683500E+01   1.84966838E-03   8.91772570E-03
    331400   2.40693500E+01   1.84969384E-03   8.91764833E-03
    331420   2.40703500E+01   1.84962577E-03   8.91760339E-03
    331440   2.40713500E+01   1.84955270E-03   8.91758878E-03
    331460   2.40723500E+01   1.84952773E-03   8.91759065E-03
    331480   2.40733500E+01   1.84958439E-03   8.91759022E-03
    331500   2.40743500E+01   1.84977354E-03   8.91757287E-03
    331520   2.40753500E+01   1.85016155E-03   8.91753310E-03
    331540   2.40763500E+01   1.85077777E-03   8.91747265E-03
    331560   2.40773500E+01   1.85156298E-03   8.91739549E-03
    331580   2.40783500E+01   1.85237869E-03   8.91730547E-03
    331600   2.40793500E+01   1.85307931E-03   8.91720884E-03
    331620   2.40803500E+01   1.85358637E-03   8.91711737E-03
    331640   2.40813500E+01   1.85390354E-03   8.91704644E-03
    331660   2.40823500E+01   1.85407161E-03   8.91700763E-03
    331680   2.40833500E+01   1.85411992E-03   8.91700192E-03
    331700   2.40843500E+01   1.85406461E-03   8.91701970E-03
    331720   2.40853500E+01   1.85394471E-03   8.91704758E-03
    331740   2.40863500E+01   1.85384096E-03   8.91707560E-03
    331760   2.40873500E+01   1.85384055E-03   8.91709931E-03
    331780   2.40883500E+01   1.85397260E-03   8.91711711E-03
    331800   2.40893500E+01   1.85417741E-03   8.91712751E-03
    331820   2.40903500E+01   1.85434394E-03   8.91712978E-03
    331840   2.40913500E+01   1.85438410E-03   8.91712631E-03
    331860   2.40923500E+01   1.85427792E-03   8.91712303E-03
    331880   2.40933500E+01   1.85405567E-03   8.91712643E-03
    331900   2.40943500E+01   1.85374694E-03   8.91713946E-03
    331920   2.40953500E+01   1.85335523E-03   8.91715977E-03
    331940   2.40963500E+01   1.85288208E-03   8.91718203E-03
    331960   2.40973500E+01   1.85236635E-03   8.91720201E-03
    331980   2.40983500E+01   1.85188623E-03   8.91721872E-03
    332000   2.40993500E+01   1.85151222E-03   8.91723309E-03
    332020   2.41003500E+01   1.85125496E-03   8.91724499E-03
    332040   2.41013500E+01   1.85106119E-03   8.91725221E-03
    332060   2.41023500E+01   1.85086362E-03   8.91725275E-03
    332080   2.41033500E+01   1.85063728E-03   8.91724732E-03
    332100   2.41043500E+01   1.85040993E-03   8.91723866E-03
    332120   2.41053500E+01   1.85022380E-03   8.91722743E-03
    332140   2.41063500E+01   1.85009413E-03   8.91720918E-03
    332160   2.41073500E+01   1.85000842E-03   8.91717630E-03
    332180   2.41083500E+01   1.84996144E-03   8.91712383E-03
    332200   2.41093500E+01   1.84998058E-03   8.91705379E-03
    332220   2.41103500E+01   1.85010729E-03   8.91697409E-03
    332240   2.41113500E+01   1.85035084E-03   8.91689345E-03
    332260   2.41123500E+01   1.85066424E-03   8.91681744E-03
    332280   2.41133500E+01   1.85097169E-03   8.91674872E-03
    332300   2.41143500E+01   1.85122451E-03   8.91668980E-03
    332320   2.41153500E+01   1.85143305E-03   8.91664384E-03
    332340   2.41163500E+01   1.85164725E-03   8.91661190E-03
    332360   2.41173500E+01   1.85191014E-03   8.91658910E-03
    332380   2.41183500E+01   1.85223217E-03   8.91656432E-03
    332400   2.41193500E+01   1.85260652E-03   8.91652501E-03
    332420   2.41203500E+01   1.85303823E-03   8.91646404E-03
    332440   2.41213500E+01   1.85354598E-03   8.91638335E-03
    332460   2.41223500E+01   1.85412856E-03   8.91629215E-03
    332480   2.41233500E+01   1.85473185E-03   8.91620202E-03
    332500   2.41243500E+01   1.85525759E-03   8.91612330E-03
    332520   2.41253500E+01   1.85561495E-03   8.91606471E-03
    332540   2.41263500E+01   1.85577210E-03   8.91603388E-03
    332560   2.41273500E+01   1.85576407E-03   8.91603581E-03
    332580   2.41283500E+01   1.85565555E-03   8.91606921E-03
    332600   2.41293500E+01   1.85549903E-03   8.91612429E-03
    332620   2.41303500E+01   1.85532629E-03   8.91618499E-03
    332640   2.41313500E+01   1.85517007E-03   8.91623496E-03
    332660   2.41323500E+01   1.85507798E-03   8.91626341E-03
    332680   2.41333500E+01   1.85509063E-03   8.91626714E-03
    332700   2.41343500E+01   1.85519919E-03   8.91624926E-03
    332720   2.41353500E+01   1.85532663E-03   8.91621689E-03
    332740   2.41363500E+01   1.85535948E-03   8.91618013E-03
    332760   2.41373500E+01   1.85520916E-03   8.91615163E-03
    332780   2.41383500E+01   1.85485404E-03   8.91614439E-03
    332800   2.41393500E+01   1.85433332E-03   8.91616717E-03
    332820   2.41403500E+01   1.85370989E-03   8.91621968E-03
    332840   2.41413500E+01   1.85304355E-03   8.91629130E-03
    332860   2.41423500E+01   1.85239492E-03   8.91636496E-03
    332880   2.41433500E+01   1.85184001E-03   8.91642380E-03
    332900   2.41443500E+01   1.85146141E-03   8.91645626E-03
    332920   2.41453500E+01   1.85130920E-03   8.91645711E-03
    332940   2.41463500E+01   1.85136361E-03   8.91642586E-03
    332960   2.41473500E+01   1.85153712E-03   8.91636601E-03
    332980   2.41483500E+01   1.85172001E-03   8.91628581E-03
    333000   2.41493500E+01   1.85183346E-03   8.91619857E-03
    333020   2.41503500E+01   1.85185070E-03   8.91611966E-03
    333040   2.41513500E+01   1.85178066E-03   8.91606090E-03
    333060   2.41523500E+01   1.85164391E-03   8.91602587E-03
    333080   2.41533500E+01   1.85147036E-03   8.91600960E-03
    333100   2.41543500E+01   1.85131541E-03   8.91600203E-03
    333120   2.41553500E+01   1.85126400E-03   8.91599240E-03
    333140   2.41563500E+01   1.85140156E-03   8.91597176E-03
    333160   2.41573500E+01   1.85176676E-03   8.91593351E-03
    333180   2.41583500E+01   1.85232524E-03   8.91587391E-03
    333200   2.41593500E+01   1.85298794E-03   8.91579367E-03
    333220   2.41603500E+01   1.85365833E-03   8.91569930E-03
    333240   2.41613500E+01   1.85426931E-03   8.91560231E-03
    333260   2.41623500E+01   1.85478612E-03   8.91551536E-03
    333280   2.41633500E+01   1.85518809E-03   8.91544745E-03
    333300   2.41643500E+01   1.85546025E-03   8.91540130E-03
    333320   2.41653500E+01   1.85560799E-03   8.91537451E-03
    333340   2.41663500E+01   1.85567542E-03   8.91536278E-03
    333360   2.41673500E+01   1.85573800E-03   8.91536217E-03
    333380   2.41683500E+01   1.85586451E-03   8.91536886E-03
    333400   2.41693500E+01   1.85607678E-03   8.91537803E-03
    333420   2.41703500E+01   1.85634116E-03   8.91538436E-03
    333440   2.41713500E+01   1.85659733E-03   8.91538477E-03
    333460   2.41723500E+01   1.85679605E-03   8.91538081E-03
    333480   2.41733500E+01   1.85691351E-03   8.91537790E-03
    333500   2.41743500E+01   1.85693791E-03   8.91538163E-03
    333520   2.41753500E+01   1.85685322E-03   8.91539405E-03
    333540   2.41763500E+01   1.85664447E-03   8.91541308E-03
    333560   2.41773500E+01   1.85632066E-03   8.91543514E-03
    333580   2.41783500E+01   1.85592740E-03   8.91545826E-03
    333600   2.41793500E+01   1.85552907E-03   8.91548268E-03
    333620   2.41803500E+01   1.85517174E-03   8.91550910E-03
    333640   2.41813500E+01   1.85485932E-03   8.91553681E-03
    333660   2.41823500E+01   1.85456361E-03   8.91556394E-03
    333680   2.41833500E+01   1.85425668E-03   8.91558924E-03
    333700   2.41843500E+01   1.85393384E-03   8.91561324E-03
    333720   2.41853500E+01   1.85360907E-03   8.91563690E-03
    333740   2.41863500E+01   1.85329466E-03   8.91565899E-03
    333760   2.41873500E+01   1.85299167E-03   8.91567483E-03
    333780   2.41883500E+01   1.85270260E-03   8.91567796E-03
    333800   2.41893500E+01   1.85244946E-03   8.91566346E-03
    333820   2.41903500E+01   1.85227252E-03   8.91563025E-03
    333840   2.41913500E+01   1.85220430E-03   8.91558106E-03
    333860   2.41923500E+01   1.85224167E-03   8.91552091E-03
    333880   2.41933500E+01   1.85234357E-03   8.91545589E-03
    333900   2.41943500E+01   1.85245845E-03   8.91539279E-03
    333920   2.41953500E+01   1.85255741E-03   8.91533835E-03
    333940   2.41963500E+01   1.85264511E-03   8.91529743E-03
    333960   2.41973500E+01   1.85274394E-03   8.91527051E-03
    333980   2.41983500E+01   1.85287277E-03   8.91525255E-03
    334000   2.41993500E+01   1.85304301E-03   8.91523451E-03
    334020   2.42003500E+01   1.85327151E-03   8.91520686E-03
    334040   2.42013500E+01   1.85358859E-03   8.91516300E-03
    334060   2.42023500E+01   1.85402370E-03   8.91510077E-03
    334080   2.42033500E+01   1.85457651E-03   8.91502197E-03
    334100   2.42043500E+01   1.85520027E-03   8.91493156E-03
    334120   2.42053500E+01   1.85581595E-03   8.91483758E-03
    334140   2.42063500E+01   1.85634759E-03   8.91475127E-03
    334160   2.42073500E+01   1.85675117E-03   8.91468542E-03
    334180   2.42083500E+01   1.85701822E-03   8.91465033E-03
    334200   2.42093500E+01   1.85716138E-03   8.91464919E-03
    334220   2.42103500E+01   1.85720361E-03   8.91467613E-03
    334240   2.42113500E+01   1.85718143E-03   8.91471867E-03
    334260   2.42123500E+01   1.85715063E-03   8.91476275E-03
    334280   2.42133500E+01   1.85717522E-03   8.91479697E-03
    334300   2.42143500E+01   1.85729774E-03   8.91481429E-03
    334320   2.42153500E+01   1.85751150E-03   8.91481190E-03
    334340   2.42163500E+01   1.85775889E-03   8.91479129E-03
    334360   2.42173500E+01   1.85795855E-03   8.91475895E-03
    334380   2.42183500E+01   1.85804039E-03   8.91472618E-03
    334400   2.42193500E+01   1.85796408E-03   8.91470643E-03
    334420   2.42203500E+01   1.85771635E-03   8.91471079E-03
    334440   2.42213500E+01   1.85730305E-03   8.91474382E-03
    334460   2.42223500E+01   1.85675156E-03   8.91480220E-03
    334480   2.42233500E+01   1.85612063E-03   8.91487636E-03
    334500   2.42243500E+01   1.85549893E-03   8.91495363E-03
    334520   2.42253500E+01   1.85498038E-03   8.91502118E-03
    334540   2.42263500E+01   1.85462685E-03   8.91506803E-03
    334560   2.42273500E+01   1.85444393E-03   8.91508669E-03
    334580   2.42283500E+01   1.85438702E-03   8.91507498E-03
    334600   2.42293500E+01   1.85439000E-03   8.91503714E-03
    334620   2.42303500E+01   1.85439289E-03   8.91498327E-03
    334640   2.42313500E+01   1.85435199E-03   8.91492619E-03
    334660   2.42323500E+01   1.85423732E-03   8.91487715E-03
    334680   2.42333500E+01   1.85403377E-03   8.91484252E-03
    334700   2.42343500E+01   1.85375351E-03   8.91482299E-03
    334720   2.42353500E+01   1.85344759E-03   8.91481471E-03
    334740   2.42363500E+01   1.85319821E-03   8.91481116E-03
    334760   2.42373500E+01   1.85308823E-03   8.91480431E-03
    334780   2.42383500E+01   1.85316620E-03   8.91478583E-03
    334800   2.42393500E+01   1.85343076E-03   8.91474881E-03
    334820   2.42403500E+01   1.85384215E-03   8.91469018E-03
    334840   2.42413500E+01   1.85434612E-03   8.91461247E-03
    334860   2.42423500E+01   1.85488959E-03   8.91452312E-03
    334880   2.42433500E+01   1.85542235E-03   8.91443159E-03
    334900   2.42443500E+01   1.85589637E-03   8.91434602E-03
    334920   2.42453500E+01   1.85627555E-03   8.91427132E-03
    334940   2.42463500E+01   1.85655315E-03   8.91420955E-03
    334960   2.42473500E+01   1.85675976E-03   8.91416109E-03
    334980   2.42483500E+01   1.85694977E-03   8.91412502E-03
    335000   2.42493500E+01   1.85717281E-03   8.91409878E-03
    335020   2.42503500E+01   1.85745108E-03   8.91407813E-03
    335040   2.42513500E+01   1.85777706E-03   8.91405870E-03
    335060   2.42523500E+01   1.85812730E-03   8.91403823E-03
    335080   2.42533500E+01   1.85847536E-03   8.91401759E-03
    335100   2.42543500E+01   1.85879329E-03   8.91399963E-03
    335120   2.42553500E+01   1.85904742E-03   8.91398688E-03
    335140   2.42563500E+01   1.85920190E-03   8.91398009E-03
    335160   2.42573500E+01   1.85923401E-03   8.91397854E-03
    335180   2.42583500E+01   1.85914951E-03   8.91398123E-03
    335200   2.42593500E+01   1.85898211E-03   8.91398756E-03
    335220   2.42603500E+01   1.85877421E-03   8.91399714E-03
    335240   2.42613500E+01   1.85855338E-03   8.91400937E-03
    335260   2.42623500E+01   1.85832297E-03   8.91402378E-03
    335280   2.42633500E+01   1.85807185E-03   8.91404083E-03
    335300   2.42643500E+01   1.85779099E-03   8.91406221E-03
    335320   2.42653500E+01   1.85748082E-03   8.91408986E-03
    335340   2.42663500E+01   1.85714575E-03   8.91412416E-03
    335360   2.42673500E+01   1.85678676E-03   8.91416245E-03
    335380   2.42683500E+01   1.85640411E-03   8.91419911E-03
    335400   2.42693500E+01   1.85600899E-03   8.91422743E-03
    335420   2.42703500E+01   1.85563056E-03   8.91424189E-03
    335440   2.42713500E+01   1.85530716E-03   8.91423948E-03
    335460   2.42723500E+01   1.85506587E-03   8.91421970E-03
    335480   2.42733500E+01   1.85490721E-03   8.91418398E-03
    335500   2.42743500E+01   1.85480785E-03   8.91413564E-03
    335520   2.42753500E+01   1.85473763E-03   8.91408037E-03
    335540   2.42763500E+01   1.85467555E-03   8.91402583E-03
    335560   2.42773500E+01   1.85461328E-03   8.91397958E-03
    335580   2.42783500E+01   1.85454981E-03   8.91394594E-03
    335600   2.42793500E+01   1.85448935E-03   8.91392383E-03
    335620   2.42803500E+01   1.85444780E-03   8.91390712E-03
    335640   2.42813500E+01   1.85445937E-03   8.91388702E-03
    335660   2.42823500E+01   1.85457035E-03   8.91385498E-03
    335680   2.42833500E+01   1.85481822E-03   8.91380463E-03
    335700   2.42843500E+01   1.85520941E-03   8.91373294E-03
    335720   2.42853500E+01   1.85571267E-03   8.91364103E-03
    335740   2.42863500E+01   1.85627208E-03   8.91353479E-03
    335760   2.42873500E+01   1.85682822E-03   8.91342449E-03
    335780   2.42883500E+01   1.85733225E-03   8.91332260E-03
    335800   2.42893500E+01   1.85774892E-03   8.91324042E-03
    335820   2.42903500E+01   1.85805645E-03   8.91318490E-03
    335840   2.42913500E+01   1.85825202E-03   8.91315713E-03
    335860   2.42923500E+01   1.85836034E-03   8.91315278E-03
    335880   2.42933500E+01   1.85843379E-03   8.91316355E-03
    335900   2.42943500E+01   1.85853604E-03   8.91317901E-03
    335920   2.42953500E+01   1.85871538E-03   8.91318856E-03
    335940   2.42963500E+01   1.85898397E-03   8.91318379E-03
    335960   2.42973500E+01   1.85931515E-03   8.91316099E-03
    335980   2.42983500E+01   1.85965714E-03   8.91312272E-03
    336000   2.42993500E+01   1.85995046E-03   8.91307737E-03
    336020   2.43003500E+01   1.86013924E-03   8.91303655E-03
    336040   2.43013500E+01   1.86017691E-03   8.91301142E-03
    336060   2.43023500E+01   1.86003396E-03   8.91300959E-03
    336080   2.43033500E+01   1.85971033E-03   8.91303360E-03
    336100   2.43043500E+01   1.85924462E-03   8.91308093E-03
    336120   2.43053500E+01   1.85870880E-03   8.91314479E-03
    336140   2.43063500E+01   1.85818624E-03   8.91321521E-03
    336160   2.43073500E+01   1.85774395E-03   8.91328058E-03
    336180   2.43083500E+01   1.85741482E-03   8.91332994E-03
    336200   2.43093500E+01   1.85719691E-03   8.91335589E-03
    336220   2.43103500E+01   1.85706344E-03   8.91335691E-03
    336240   2.43113500E+01   1.85697298E-03   8.91333765E-03
    336260   2.43123500E+01   1.85687573E-03   8.91330684E-03
    336280   2.43133500E+01   1.85672147E-03   8.91327391E-03
    336300   2.43143500E+01   1.85647418E-03   8.91324622E-03
    336320   2.43153500E+01   1.85612917E-03   8.91322796E-03
    336340   2.43163500E+01   1.85572073E-03   8.91322015E-03
    336360   2.43173500E+01   1.85531206E-03   8.91322086E-03
    336380   2.43183500E+01   1.85497216E-03   8.91322519E-03
    336400   2.43193500E+01   1.85475417E-03   8.91322601E-03
    336420   2.43203500E+01   1.85468598E-03   8.91321573E-03
    336440   2.43213500E+01   1.85477238E-03   8.91318893E-03
    336460   2.43223500E+01   1.85499954E-03   8.91314404E-03
    336480   2.43233500E+01   1.85533583E-03   8.91308344E-03
    336500   2.43243500E+01   1.85573276E-03   8.91301207E-03
    336520   2.43253500E+01   1.85613367E-03   8.91293581E-03
    336540   2.43263500E+01   1.85649150E-03   8.91286031E-03
    336560   2.43273500E+01   1.85678636E-03   8.91279029E-03
    336580   2.43283500E+01   1.85703051E-03   8.91272882E-03
    336600   2.43293500E+01   1.85725722E-03   8.91267676E-03
    336620   2.43303500E+01   1.85750163E-03   8.91263283E-03
    336640   2.43313500E+01   1.85778685E-03   8.91259457E-03
    336660   2.43323500E+01   1.85812094E-03   8.91255975E-03
    336680   2.43333500E+01   1.85850075E-03   8.91252741E-03
    336700   2.43343500E+01   1.85891422E-03   8.91249805E-03
    336720   2.43353500E+01   1.85933887E-03   8.91247280E-03
    336740   2.43363500E+01   1.85974175E-03   8.91245247E-03
    336760   2.43373500E+01   1.86008679E-03   8.91243710E-03
    336780   2.43383500E+01   1.86034795E-03   8.91242616E-03
    336800   2.43393500E+01   1.86051914E-03   8.91241910E-03
    336820   2.43403500E+01   1.86061277E-03   8.91241557E-03
    336840   2.43413500E+01   1.86064827E-03   8.91241522E-03
    336860   2.43423500E+01   1.86063995E-03   8.91241763E-03
    336880   2.43433500E+01   1.86059279E-03   8.91242274E-03
    336900   2.43443500E+01   1.86050624E-03   8.91243153E-03
    336920   2.43453500E+01   1.86037876E-03   8.91244632E-03
    336940   2.43463500E+01   1.86020776E-03   8.91246991E-03
    336960   2.43473500E+01   1.85998718E-03   8.91250388E-03
    336980   2.43483500E+01   1.85970943E-03   8.91254723E-03
    337000   2.43493500E+01   1.85937389E-03   8.91259623E-03
    337020   2.43503500E+01   1.85899576E-03   8.91264539E-03
    337040   2.43513500E+01   1.85860599E-03   8.91268873E-03
    337060   2.43523500E+01   1.85823991E-03   8.91272079E-03
    337080   2.43533500E+01   1.85792231E-03   8.91273730E-03
    337100   2.43543500E+01   1.85765940E-03   8.91273619E-03
    337120   2.43553500E+01   1.85744177E-03   8.91271864E-03
    337140   2.43563500E+01   1.85725285E-03   8.91268953E-03
    337160   2.43573500E+01   1.85707514E-03   8.91265639E-03
    337180   2.43583500E+01   1.85689202E-03   8.91262696E-03
    337200   2.43593500E+01   1.85668999E-03   8.91260676E-03
    337220   2.43603500E+01   1.85646549E-03   8.91259749E-03
    337240   2.43613500E+01   1.85623374E-03   8.91259695E-03
    337260   2.43623500E+01   1.85603142E-03   8.91259971E-03
    337280   2.43633500E+01   1.85590752E-03   8.91259820E-03
    337300   2.43643500E+01   1.85590576E-03   8.91258413E-03
    337320   2.43653500E+01   1.85604848E-03   8.91255033E-03
    337340   2.43663500E+01   1.85633074E-03   8.91249294E-03
    337360   2.43673500E+01   1.85672474E-03   8.91241306E-03
    337380   2.43683500E+01   1.85718829E-03   8.91231703E-03
    337400   2.43693500E+01   1.85767207E-03   8.91221499E-03
    337420   2.43703500E+01   1.85812575E-03   8.91211834E-03
    337440   2.43713500E+01   1.85850697E-03   8.91203685E-03
    337460   2.43723500E+01   1.85879373E-03   8.91197659E-03
    337480   2.43733500E+01   1.85899420E-03   8.91193891E-03
    337500   2.43743500E+01   1.85914613E-03   8.91192055E-03
    337520   2.43753500E+01   1.85930316E-03   8.91191445E-03
    337540   2.43763500E+01   1.85951467E-03   8.91191129E-03
    337560   2.43773500E+01   1.85980951E-03   8.91190164E-03
    337580   2.43783500E+01   1.86018969E-03   8.91187854E-03
    337600   2.43793500E+01   1.86063221E-03   8.91183974E-03
    337620   2.43803500E+01   1.86109387E-03   8.91178860E-03
    337640   2.43813500E+01   1.86151687E-03   8.91173302E-03
    337660   2.43823500E+01   1.86183811E-03   8.91168300E-03
    337680   2.43833500E+01   1.86200434E-03   8.91164789E-03
    337700   2.43843500E+01   1.86198939E-03   8.91163431E-03
    337720   2.43853500E+01   1.86180431E-03   8.91164492E-03
    337740   2.43863500E+01   1.86149359E-03   8.91167791E-03
    337760   2.43873500E+01   1.86111944E-03   8.91172710E-03
    337780   2.43883500E+01   1.86074299E-03   8.91178311E-03
    337800   2.43893500E+01   1.86041103E-03   8.91183566E-03
    337820   2.43903500E+01   1.86015022E-03   8.91187615E-03
    337840   2.43913500E+01   1.85996503E-03   8.91189972E-03
    337860   2.43923500E+01   1.85983685E-03   8.91190574E-03
    337880   2.43933500E+01   1.85972624E-03   8.91189727E-03
    337900   2.43943500E+01   1.85958247E-03   8.91187979E-03
    337920   2.43953500E+01   1.85936021E-03   8.91185994E-03
    337940   2.43963500E+01   1.85903668E-03   8.91184405E-03
    337960   2.43973500E+01   1.85862035E-03   8.91183647E-03
    337980   2.43983500E+01   1.85814733E-03   8.91183817E-03
    338000   2.43993500E+01   1.85766908E-03   8.91184636E-03
    338020   2.44003500E+01   1.85723889E-03   8.91185538E-03
    338040   2.44013500E+01   1.85690217E-03   8.91185867E-03
    338060   2.44023500E+01   1.85669011E-03   8.91185080E-03
    338080   2.44033500E+01   1.85661469E-03   8.91182869E-03
    338100   2.44043500E+01   1.85666531E-03   8.91179179E-03
    338120   2.44053500E+01   1.85681044E-03   8.91174151E-03
    338140   2.44063500E+01   1.85700708E-03   8.91168062E-03
    338160   2.44073500E+01   1.85721534E-03   8.91161260E-03
    338180   2.44083500E+01   1.85741097E-03   8.91154125E-03
    338200   2.44093500E+01   1.85758949E-03   8.91147000E-03
    338220   2.44103500E+01   1.85776153E-03   8.91140127E-03
    338240   2.44113500E+01   1.85794470E-03   8.91133598E-03
    338260   2.44123500E+01   1.85815742E-03   8.91127373E-03
    338280   2.44133500E+01   1.85841588E-03   8.91121372E-03
    338300   2.44143500E+01   1.85873090E-03   8.91115564E-03
    338320   2.44153500E+01   1.85910297E-03   8.91110015E-03
    338340   2.44163500E+01   1.85951806E-03   8.91104848E-03
    338360   2.44173500E+01   1.85994919E-03   8.91100169E-03
    338380   2.44183500E+01   1.86036516E-03   8.91096023E-03
    338400   2.44193500E+01   1.86074192E-03   8.91092391E-03
    338420   2.44203500E+01   1.86106894E-03   8.91089214E-03
    338440   2.44213500E+01   1.86134722E-03   8.91086403E-03
    338460   2.44223500E+01   1.86158215E-03   8.91083850E-03
    338480   2.44233500E+01   1.86177750E-03   8.91081466E-03
    338500   2.44243500E+01   1.86193385E-03   8.91079261E-03
    338520   2.44253500E+01   1.86204950E-03   8.91077397E-03
    338540   2.44263500E+01   1.86212026E-03   8.91076175E-03
    338560   2.44273500E+01   1.86213766E-03   8.91075940E-03
    338580   2.44283500E+01   1.86208912E-03   8.91076957E-03
    338600   2.44293500E+01   1.86196292E-03   8.91079320E-03
    338620   2.44303500E+01   1.86175646E-03   8.91082911E-03
    338640   2.44313500E+01   1.86148201E-03   8.91087393E-03
    338660   2.44323500E+01   1.86116518E-03   8.91092238E-03
    338680   2.44333500E+01   1.86083661E-03   8.91096791E-03
    338700   2.44343500E+01   1.86052212E-03   8.91100406E-03
    338720   2.44353500E+01   1.86023662E-03   8.91102613E-03
    338740   2.44363500E+01   1.85998297E-03   8.91103266E-03
    338760   2.44373500E+01   1.85975353E-03   8.91102586E-03
    338780   2.44383500E+01   1.85953206E-03   8.91101097E-03
    338800   2.44393500E+01   1.85929672E-03   8.91099464E-03
    338820   2.44403500E+01   1.85902619E-03   8.91098315E-03
    338840   2.44413500E+01   1.85870921E-03   8.91098076E-03
    338860   2.44423500E+01   1.85835323E-03   8.91098868E-03
    338880   2.44433500E+01   1.85798689E-03   8.91100472E-03
    338900   2.44443500E+01   1.85765369E-03   8.91102344E-03
    338920   2.44453500E+01   1.85739995E-03   8.91103711E-03
    338940   2.44463500E+01   1.85726303E-03   8.91103731E-03
    338960   2.44473500E+01   1.85726365E-03   8.91101718E-03
    338980   2.44483500E+01   1.85740266E-03   8.91097355E-03
    339000   2.44493500E+01   1.85766025E-03   8.91090811E-03
    339020   2.44503500E+01   1.85799771E-03   8.91082706E-03
    339040   2.44513500E+01   1.85836391E-03   8.91073957E-03
    339060   2.44523500E+01   1.85870772E-03   8.91065548E-03
    339080   2.44533500E+01   1.85899321E-03   8.91058323E-03
    339100   2.44543500E+01   1.85921071E-03   8.91052826E-03
    339120   2.44553500E+01   1.85937829E-03   8.91049189E-03
    339140   2.44563500E+01   1.85953336E-03   8.91047108E-03
    339160   2.44573500E+01   1.85971960E-03   8.91045911E-03
    339180   2.44583500E+01   1.85997495E-03   8.91044754E-03
    339200   2.44593500E+01   1.86032287E-03   8.91042865E-03
    339220   2.44603500E+01   1.86076641E-03   8.91039770E-03
    339240   2.44613500E+01   1.86128455E-03   8.91035407E-03
    339260   2.44623500E+01   1.86183286E-03   8.91030119E-03
    339280   2.44633500E+01   1.86235140E-03   8.91024568E-03
    339300   2.44643500E+01   1.86277930E-03   8.91019589E-03
    339320   2.44653500E+01   1.86307110E-03   8.91016016E-03
    339340   2.44663500E+01   1.86320805E-03   8.91014486E-03
    339360   2.44673500E+01   1.86320034E-03   8.91015273E-03
    339380   2.44683500E+01   1.86308113E-03   8.91018203E-03
    339400   2.44693500E+01   1.86289661E-03   8.91022705E-03
    339420   2.44703500E+01   1.86269546E-03   8.91027963E-03
    339440   2.44713500E+01   1.86251880E-03   8.91033134E-03
    339460   2.44723500E+01   1.86239095E-03   8.91037545E-03
    339480   2.44733500E+01   1.86231277E-03   8.91040814E-03
    339500   2.44743500E+01   1.86226098E-03   8.91042888E-03
    339520   2.44753500E+01   1.86219558E-03   8.91044009E-03
    339540   2.44763500E+01   1.86207354E-03   8.91044614E-03
    339560   2.44773500E+01   1.86186314E-03   8.91045216E-03
    339580   2.44783500E+01   1.86155290E-03   8.91046264E-03
    339600   2.44793500E+01   1.86115313E-03   8.91048018E-03
    339620   2.44803500E+01   1.86069200E-03   8.91050478E-03
    339640   2.44813500E+01   1.86020942E-03   8.91053386E-03
    339660   2.44823500E+01   1.85975019E-03   8.91056313E-03
    339680   2.44833500E+01   1.85935600E-03   8.91058783E-03
    339700   2.44843500E+01   1.85905644E-03   8.91060381E-03
    339720   2.44853500E+01   1.85886201E-03   8.91060829E-03
    339740   2.44863500E+01   1.85876292E-03   8.91060003E-03
    339760   2.44873500E+01   1.85873522E-03   8.91057941E-03
    339780   2.44883500E+01   1.85875122E-03   8.91054818E-03
    339800   2.44893500E+01   1.85878889E-03   8.91050893E-03
    339820   2.44903500E+01   1.85883652E-03   8.91046419E-03
    339840   2.44913500E+01   1.85889290E-03   8.91041580E-03
    339860   2.44923500E+01   1.85896542E-03   8.91036463E-03
    339880   2.44933500E+01   1.85906766E-03   8.91031102E-03
    339900   2.44943500E+01   1.85921599E-03   8.91025536E-03
    339920   2.44953500E+01   1.85942415E-03   8.91019844E-03
    339940   2.44963500E+01   1.85969724E-03   8.91014139E-03
    339960   2.44973500E+01   1.86002828E-03   8.91008543E-03
    339980   2.44983500E+01   1.86039998E-03   8.91003165E-03
    340000   2.44993500E+01   1.86079101E-03   8.90998098E-03
    340020   2.45003500E+01   1.86118301E-03   8.90993391E-03
    340040   2.45013500E+01   1.86156447E-03   8.90989023E-03
    340060   2.45023500E+01   1.86193042E-03   8.90984889E-03
    340080   2.45033500E+01   1.86227981E-03   8.90980824E-03
    340100   2.45043500E+01   1.86261279E-03   8.90976675E-03
    340120   2.45053500E+01   1.86292881E-03   8.90972393E-03
    340140   2.45063500E+01   1.86322460E-03   8.90968096E-03
    340160   2.45073500E+01   1.86349187E-03   8.90964075E-03
    340180   2.45083500E+01   1.86371588E-03   8.90960725E-03
    340200   2.45093500E+01   1.86387750E-03   8.90958444E-03
    340220   2.45103500E+01   1.86395902E-03   8.90957524E-03
    340240   2.45113500E+01   1.86395129E-03   8.90958069E-03
    340260   2.45123500E+01   1.86385826E-03   8.90959957E-03
    340280   2.45133500E+01   1.86369624E-03   8.90962840E-03
    340300   2.45143500E+01   1.86348893E-03   8.90966187E-03
    340320   2.45153500E+01   1.86326132E-03   8.90969365E-03
    340340   2.45163500E+01   1.86303452E-03   8.90971778E-03
    340360   2.45173500E+01   1.86282190E-03   8.90973017E-03
    340380   2.45183500E+01   1.86262574E-03   8.90972976E-03
    340400   2.45193500E+01   1.86243518E-03   8.90971879E-03
    340420   2.45203500E+01   1.86222786E-03   8.90970214E-03
    340440   2.45213500E+01   1.86197682E-03   8.90968599E-03
    340460   2.45223500E+01   1.86166122E-03   8.90967620E-03
    340480   2.45233500E+01   1.86127599E-03   8.90967671E-03
    340500   2.45243500E+01   1.86083616E-03   8.90968832E-03
    340520   2.45253500E+01   1.86037428E-03   8.90970804E-03
    340540   2.45263500E+01   1.85993321E-03   8.90972955E-03
    340560   2.45273500E+01   1.85955733E-03   8.90974462E-03
    340580   2.45283500E+01   1.85928420E-03   8.90974525E-03
    340600   2.45293500E+01   1.85913700E-03   8.90972560E-03
    340620   2.45303500E+01   1.85911874E-03   8.90968333E-03
    340640   2.45313500E+01   1.85921035E-03   8.90961998E-03
    340660   2.45323500E+01   1.85937468E-03   8.90954068E-03
    340680   2.45333500E+01   1.85956653E-03   8.90945316E-03
    340700   2.45343500E+01   1.85974543E-03   8.90936611E-03
    340720   2.45353500E+01   1.85988667E-03   8.90928726E-03
    340740   2.45363500E+01   1.85998680E-03   8.90922150E-03
    340760   2.45373500E+01   1.86006304E-03   8.90916973E-03
    340780   2.45383500E+01   1.86014783E-03   8.90912888E-03
    340800   2.45393500E+01   1.86028048E-03   8.90909296E-03
    340820   2.45403500E+01   1.86049711E-03   8.90905489E-03
    340840   2.45413500E+01   1.86082037E-03   8.90900852E-03
    340860   2.45423500E+01   1.86125119E-03   8.90895023E-03
    340880   2.45433500E+01   1.86176564E-03   8.90887992E-03
    340900   2.45443500E+01   1.86231908E-03   8.90880097E-03
    340920   2.45453500E+01   1.86285684E-03   8.90871961E-03
    340940   2.45463500E+01   1.86332740E-03   8.90864350E-03
    340960   2.45473500E+01   1.86369364E-03   8.90858012E-03
    340980   2.45483500E+01   1.86393907E-03   8.90853494E-03
    341000   2.45493500E+01   1.86406889E-03   8.90851027E-03
    341020   2.45503500E+01   1.86410702E-03   8.90850469E-03
    341040   2.45513500E+01   1.86408984E-03   8.90851376E-03
    341060   2.45523500E+01   1.86405684E-03   8.90853132E-03
    341080   2.45533500E+01   1.86403968E-03   8.90855111E-03
    341100   2.45543500E+01   1.86405282E-03   8.90856804E-03
    341120   2.45553500E+01   1.86408956E-03   8.90857909E-03
    341140   2.45563500E+01   1.86412538E-03   8.90858375E-03
    341160   2.45573500E+01   1.86412664E-03   8.90858389E-03
    341180   2.45583500E+01   1.86406077E-03   8.90858309E-03
    341200   2.45593500E+01   1.86390437E-03   8.90858539E-03
    341220   2.45603500E+01   1.86364830E-03   8.90859400E-03
    341240   2.45613500E+01   1.86329982E-03   8.90861038E-03
    341260   2.45623500E+01   1.86288201E-03   8.90863400E-03
    341280   2.45633500E+01   1.86242988E-03   8.90866271E-03
    341300   2.45643500E+01   1.86198270E-03   8.90869326E-03
    341320   2.45653500E+01   1.86157481E-03   8.90872195E-03
    341340   2.45663500E+01   1.86122795E-03   8.90874532E-03
    341360   2.45673500E+01   1.86094843E-03   8.90876077E-03
    341380   2.45683500E+01   1.86072949E-03   8.90876700E-03
    341400   2.45693500E+01   1.86055711E-03   8.90876394E-03
    341420   2.45703500E+01   1.86041624E-03   8.90875237E-03
    341440   2.45713500E+01   1.86029570E-03   8.90873336E-03
    341460   2.45723500E+01   1.86019102E-03   8.90870781E-03
    341480   2.45733500E+01   1.86010556E-03   8.90867635E-03
    341500   2.45743500E+01   1.86004972E-03   8.90863946E-03
    341520   2.45753500E+01   1.86003789E-03   8.90859770E-03
    341540   2.45763500E+01   1.86008364E-03   8.90855203E-03
    341560   2.45773500E+01   1.86019474E-03   8.90850385E-03
    341580   2.45783500E+01   1.86037039E-03   8.90845491E-03
    341600   2.45793500E+01   1.86060198E-03   8.90840697E-03
    341620   2.45803500E+01   1.86087680E-03   8.90836144E-03
    341640   2.45813500E+01   1.86118237E-03   8.90831903E-03
    341660   2.45823500E+01   1.86150921E-03   8.90827955E-03
    341680   2.45833500E+01   1.86185170E-03   8.90824190E-03
    341700   2.45843500E+01   1.86220763E-03   8.90820431E-03
    341720   2.45853500E+01   1.86257718E-03   8.90816488E-03
    341740   2.45863500E+01   1.86296109E-03   8.90812242E-03
    341760   2.45873500E+01   1.86335748E-03   8.90807712E-03
    341780   2.45883500E+01   1.86375828E-03   8.90803089E-03
    341800   2.45893500E+01   1.86414726E-03   8.90798715E-03
    341820   2.45903500E+01   1.86450186E-03   8.90795021E-03
    341840   2.45913500E+01   1.86479854E-03   8.90792448E-03
    341860   2.45923500E+01   1.86501933E-03   8.90791352E-03
    341880   2.45933500E+01   1.86515645E-03   8.90791901E-03
    341900   2.45943500E+01   1.86521370E-03   8.90793998E-03
    341920   2.45953500E+01   1.86520499E-03   8.90797266E-03
    341940   2.45963500E+01   1.86515094E-03   8.90801126E-03
    341960   2.45973500E+01   1.86507419E-03   8.90804940E-03
    341980   2.45983500E+01   1.86499359E-03   8.90808167E-03
    342000   2.45993500E+01   1.86491826E-03   8.90810485E-03
    342020   2.46003500E+01   1.86484375E-03   8.90811845E-03
    342040   2.46013500E+01   1.86475256E-03   8.90812477E-03
    342060   2.46023500E+01   1.86461933E-03   8.90812831E-03
    342080   2.46033500E+01   1.86441918E-03   8.90813470E-03
    342100   2.46043500E+01   1.86413606E-03   8.90814913E-03
    342120   2.46053500E+01   1.86376864E-03   8.90817486E-03
    342140   2.46063500E+01   1.86333240E-03   8.90821203E-03
    342160   2.46073500E+01   1.86285801E-03   8.90825737E-03
    342180   2.46083500E+01   1.86238642E-03   8.90830475E-03
    342200   2.46093500E+01   1.86196122E-03   8.90834643E-03
    342220   2.46103500E+01   1.86161953E-03   8.90837487E-03
    342240   2.46113500E+01   1.86138339E-03   8.90838442E-03
    342260   2.46123500E+01   1.86125454E-03   8.90837267E-03
    342280   2.46133500E+01   1.86121460E-03   8.90834099E-03
    342300   2.46143500E+01   1.86123125E-03   8.90829406E-03
    342320   2.46153500E+01   1.86126796E-03   8.90823878E-03
    342340   2.46163500E+01   1.86129429E-03   8.90818266E-03
    342360   2.46173500E+01   1.86129360E-03   8.90813206E-03
    342380   2.46183500E+01   1.86126703E-03   8.90809071E-03
    342400   2.46193500E+01   1.86123340E-03   8.90805892E-03
    342420   2.46203500E+01   1.86122511E-03   8.90803365E-03
    342440   2.46213500E+01   1.86128025E-03   8.90800954E-03
    342460   2.46223500E+01   1.86143219E-03   8.90798049E-03
    342480   2.46233500E+01   1.86169936E-03   8.90794123E-03
    342500   2.46243500E+01   1.86207891E-03   8.90788870E-03
    342520   2.46253500E+01   1.86254663E-03   8.90782289E-03
    342540   2.46263500E+01   1.86306267E-03   8.90774698E-03
    342560   2.46273500E+01   1.86358068E-03   8.90766673E-03
    342580   2.46283500E+01   1.86405744E-03   8.90758910E-03
    342600   2.46293500E+01   1.86446085E-03   8.90752053E-03
    342620   2.46303500E+01   1.86477553E-03   8.90746565E-03
    342640   2.46313500E+01   1.86500486E-03   8.90742646E-03
    342660   2.46323500E+01   1.86516863E-03   8.90740232E-03
    342680   2.46333500E+01   1.86529624E-03   8.90739033E-03
    342700   2.46343500E+01   1.86541720E-03   8.90738616E-03
    342720   2.46353500E+01   1.86555202E-03   8.90738502E-03
    342740   2.46363500E+01   1.86570636E-03   8.90738293E-03
    342760   2.46373500E+01   1.86587002E-03   8.90737761E-03
    342780   2.46383500E+01   1.86602009E-03   8.90736896E-03
    342800   2.46393500E+01   1.86612708E-03   8.90735868E-03
    342820   2.46403500E+01   1.86616219E-03   8.90734954E-03
    342840   2.46413500E+01   1.86610442E-03   8.90734441E-03
    342860   2.46423500E+01   1.86594587E-03   8.90734547E-03
    342880   2.46433500E+01   1.86569393E-03   8.90735365E-03
    342900   2.46443500E+01   1.86536950E-03   8.90736847E-03
    342920   2.46453500E+01   1.86500156E-03   8.90738825E-03
    342940   2.46463500E+01   1.86461997E-03   8.90741057E-03
    342960   2.46473500E+01   1.86424895E-03   8.90743277E-03
    342980   2.46483500E+01   1.86390337E-03   8.90745241E-03
    343000   2.46493500E+01   1.86358830E-03   8.90746754E-03
    343020   2.46503500E+01   1.86330121E-03   8.90747681E-03
    343040   2.46513500E+01   1.86303527E-03   8.90747947E-03
    343060   2.46523500E+01   1.86278302E-03   8.90747515E-03
    343080   2.46533500E+01   1.86253985E-03   8.90746363E-03
    343100   2.46543500E+01   1.86230682E-03   8.90744468E-03
    343120   2.46553500E+01   1.86209170E-03   8.90741811E-03
    343140   2.46563500E+01   1.86190746E-03   8.90738400E-03
    343160   2.46573500E+01   1.86176831E-03   8.90734292E-03
    343180   2.46583500E+01   1.86168513E-03   8.90729598E-03
    343200   2.46593500E+01   1.86166255E-03   8.90724478E-03
    343220   2.46603500E+01   1.86169885E-03   8.90719126E-03
    343240   2.46613500E+01   1.86178800E-03   8.90713739E-03
    343260   2.46623500E+01   1.86192253E-03   8.90708475E-03
    343280   2.46633500E+01   1.86209590E-03   8.90703398E-03
    343300   2.46643500E+01   1.86230433E-03   8.90698446E-03
    343320   2.46653500E+01   1.86254762E-03   8.90693440E-03
    343340   2.46663500E+01   1.86282883E-03   8.90688150E-03
    343360   2.46673500E+01   1.86315197E-03   8.90682371E-03
    343380   2.46683500E+01   1.86351834E-03   8.90676008E-03
    343400   2.46693500E+01   1.86392274E-03   8.90669117E-03
    343420   2.46703500E+01   1.86435161E-03   8.90661937E-03
    343440   2.46713500E+01   1.86478410E-03   8.90654873E-03
    343460   2.46723500E+01   1.86519573E-03   8.90648432E-03
    343480   2.46733500E+01   1.86556331E-03   8.90643122E-03
    343500   2.46743500E+01   1.86586970E-03   8.90639329E-03
    343520   2.46753500E+01   1.86610716E-03   8.90637217E-03
    343540   2.46763500E+01   1.86627884E-03   8.90636687E-03
    343560   2.46773500E+01   1.86639772E-03   8.90637394E-03
    343580   2.46783500E+01   1.86648290E-03   8.90638817E-03
    343600   2.46793500E+01   1.86655385E-03   8.90640382E-03
    343620   2.46803500E+01   1.86662395E-03   8.90641590E-03
    343640   2.46813500E+01   1.86669541E-03   8.90642143E-03
    343660   2.46823500E+01   1.86675750E-03   8.90642016E-03
    343680   2.46833500E+01   1.86678882E-03   8.90641458E-03
    343700   2.46843500E+01   1.86676297E-03   8.90640928E-03
    343720   2.46853500E+01   1.86665573E-03   8.90640970E-03
    343740   2.46863500E+01   1.86645201E-03   8.90642069E-03
    343760   2.46873500E+01   1.86615070E-03   8.90644506E-03
    343780   2.46883500E+01   1.86576692E-03   8.90648268E-03
    343800   2.46893500E+01   1.86533068E-03   8.90653022E-03
    343820   2.46903500E+01   1.86488165E-03   8.90658183E-03
    343840   2.46913500E+01   1.86446100E-03   8.90663036E-03
    343860   2.46923500E+01   1.86410198E-03   8.90666893E-03
    343880   2.46933500E+01   1.86382261E-03   8.90669235E-03
    343900   2.46943500E+01   1.86362263E-03   8.90669820E-03
    343920   2.46953500E+01   1.86348553E-03   8.90668735E-03
    343940   2.46963500E+01   1.86338456E-03   8.90666371E-03
    343960   2.46973500E+01   1.86329066E-03   8.90663314E-03
    343980   2.46983500E+01   1.86318060E-03   8.90660184E-03
    344000   2.46993500E+01   1.86304387E-03   8.90657475E-03
    344020   2.47003500E+01   1.86288651E-03   8.90655447E-03
    344040   2.47013500E+01   1.86273087E-03   8.90654077E-03
    344060   2.47023500E+01   1.86261055E-03   8.90653081E-03
    344080   2.47033500E+01   1.86256194E-03   8.90651993E-03
    344100   2.47043500E+01   1.86261476E-03   8.90650282E-03
    344120   2.47053500E+01   1.86278444E-03   8.90647494E-03
    344140   2.47063500E+01   1.86306830E-03   8.90643371E-03
    344160   2.47073500E+01   1.86344594E-03   8.90637931E-03
    344180   2.47083500E+01   1.86388367E-03   8.90631465E-03
    344200   2.47093500E+01   1.86434158E-03   8.90624466E-03
    344220   2.47103500E+01   1.86478203E-03   8.90617526E-03
    344240   2.47113500E+01   1.86517751E-03   8.90611210E-03
    344260   2.47123500E+01   1.86551583E-03   8.90605939E-03
    344280   2.47133500E+01   1.86580112E-03   8.90601922E-03
    344300   2.47143500E+01   1.86605029E-03   8.90599136E-03
    344320   2.47153500E+01   1.86628624E-03   8.90597368E-03
    344340   2.47163500E+01   1.86652985E-03   8.90596299E-03
    344360   2.47173500E+01   1.86679345E-03   8.90595599E-03
    344380   2.47183500E+01   1.86707707E-03   8.90595004E-03
    344400   2.47193500E+01   1.86736819E-03   8.90594371E-03
    344420   2.47203500E+01   1.86764453E-03   8.90593697E-03
    344440   2.47213500E+01   1.86787892E-03   8.90593097E-03
    344460   2.47223500E+01   1.86804541E-03   8.90592756E-03
    344480   2.47233500E+01   1.86812512E-03   8.90592869E-03
    344500   2.47243500E+01   1.86811053E-03   8.90593589E-03
    344520   2.47253500E+01   1.86800659E-03   8.90594989E-03
    344540   2.47263500E+01   1.86782842E-03   8.90597053E-03
    344560   2.47273500E+01   1.86759670E-03   8.90599678E-03
    344580   2.47283500E+01   1.86733242E-03   8.90602703E-03
    344600   2.47293500E+01   1.86705271E-03   8.90605939E-03
    344620   2.47303500E+01   1.86676856E-03   8.90609215E-03
    344640   2.47313500E+01   1.86648435E-03   8.90612391E-03
    344660   2.47323500E+01   1.86619913E-03   8.90615349E-03
    344680   2.47333500E+01   1.86590936E-03   8.90617971E-03
    344700   2.47343500E+01   1.86561233E-03   8.90620126E-03
    344720   2.47353500E+01   1.86530926E-03   8.90621677E-03
    344740   2.47363500E+01   1.86500658E-03   8.90622495E-03
    344760   2.47373500E+01   1.86471504E-03   8.90622487E-03
    344780   2.47383500E+01   1.86444705E-03   8.90621610E-03
    344800   2.47393500E+01   1.86421374E-03   8.90619889E-03
    344820   2.47403500E+01   1.86402276E-03   8.90617434E-03
    344840   2.47413500E+01   1.86387751E-03   8.90614427E-03
    344860   2.47423500E+01   1.86377758E-03   8.90611088E-03
    344880   2.47433500E+01   1.86372030E-03   8.90607620E-03
    344900   2.47443500E+01   1.86370289E-03   8.90604150E-03
    344920   2.47453500E+01   1.86372468E-03   8.90600686E-03
    344940   2.47463500E+01   1.86378858E-03   8.90597115E-03
    344960   2.47473500E+01   1.86390107E-03   8.90593219E-03
    344980   2.47483500E+01   1.86407021E-03   8.90588734E-03
    345000   2.47493500E+01   1.86430227E-03   8.90583431E-03
    345020   2.47503500E+01   1.86459800E-03   8.90577199E-03
    345040   2.47513500E+01   1.86495011E-03   8.90570106E-03
    345060   2.47523500E+01   1.86534298E-03   8.90562412E-03
    345080   2.47533500E+01   1.86575466E-03   8.90554547E-03
    345100   2.47543500E+01   1.86616076E-03   8.90547028E-03
    345120   2.47553500E+01   1.86653896E-03   8.90540369E-03
    345140   2.47563500E+01   1.86687334E-03   8.90534962E-03
    345160   2.47573500E+01   1.86715750E-03   8.90530996E-03
    345180   2.47583500E+01   1.86739567E-03   8.90528407E-03
    345200   2.47593500E+01   1.86760101E-03   8.90526897E-03
    345220   2.47603500E+01   1.86779111E-03   8.90526011E-03
    345240   2.47613500E+01   1.86798176E-03   8.90525251E-03
    345260   2.47623500E+01   1.86818090E-03   8.90524197E-03
    345280   2.47633500E+01   1.86838482E-03   8.90522617E-03
    345300   2.47643500E+01   1.86857776E-03   8.90520532E-03
    345320   2.47653500E+01   1.86873481E-03   8.90518220E-03
    345340   2.47663500E+01   1.86882738E-03   8.90516145E-03
    345360   2.47673500E+01   1.86882992E-03   8.90514829E-03
    345380   2.47683500E+01   1.86872659E-03   8.90514714E-03
    345400   2.47693500E+01   1.86851620E-03   8.90516037E-03
    345420   2.47703500E+01   1.86821379E-03   8.90518769E-03
    345440   2.47713500E+01   1.86784817E-03   8.90522604E-03
    345460   2.47723500E+01   1.86745582E-03   8.90527010E-03
    345480   2.47733500E+01   1.86707291E-03   8.90531336E-03
    345500   2.47743500E+01   1.86672764E-03   8.90534946E-03
    345520   2.47753500E+01   1.86643483E-03   8.90537360E-03
    345540   2.47763500E+01   1.86619388E-03   8.90538350E-03
    345560   2.47773500E+01   1.86599037E-03   8.90537972E-03
    345580   2.47783500E+01   1.86580109E-03   8.90536531E-03
    345600   2.47793500E+01   1.86560136E-03   8.90534489E-03
    345620   2.47803500E+01   1.86537285E-03   8.90532341E-03
    345640   2.47813500E+01   1.86510999E-03   8.90530491E-03
    345660   2.47823500E+01   1.86482288E-03   8.90529141E-03
    345680   2.47833500E+01   1.86453596E-03   8.90528255E-03
    345700   2.47843500E+01   1.86428270E-03   8.90527567E-03
    345720   2.47853500E+01   1.86409787E-03   8.90526663E-03
    345740   2.47863500E+01   1.86400953E-03   8.90525092E-03
    345760   2.47873500E+01   1.86403285E-03   8.90522477E-03
    345780   2.47883500E+01   1.86416697E-03   8.90518613E-03
    345800   2.47893500E+01   1.86439563E-03   8.90513515E-03
    345820   2.47903500E+01   1.86469109E-03   8.90507418E-03
    345840   2.47913500E+01   1.86502065E-03   8.90500716E-03
    345860   2.47923500E+01   1.86535402E-03   8.90493877E-03
    345880   2.47933500E+01   1.86566986E-03   8.90487350E-03
    345900   2.47943500E+01   1.86595949E-03   8.90481480E-03
    345920   2.47953500E+01   1.86622690E-03   8.90476460E-03
    345940   2.47963500E+01   1.86648537E-03   8.90472315E-03
    345960   2.47973500E+01   1.86675194E-03   8.90468930E-03
    345980   2.47983500E+01   1.86704157E-03   8.90466101E-03
    346000   2.47993500E+01   1.86736208E-03   8.90463616E-03
    346020   2.48003500E+01   1.86771113E-03   8.90461316E-03
    346040   2.48013500E+01   1.86807572E-03   8.90459135E-03
    346060   2.48023500E+01   1.86843454E-03   8.90457100E-03
    346080   2.48033500E+01   1.86876251E-03   8.90455314E-03
    346100   2.48043500E+01   1.86903637E-03   8.90453922E-03
    346120   2.48053500E+01   1.86923934E-03   8.90453073E-03
    346140   2.48063500E+01   1.86936369E-03   8.90452887E-03
    346160   2.48073500E+01   1.86941080E-03   8.90453428E-03
    346180   2.48083500E+01   1.86938911E-03   8.90454698E-03
    346200   2.48093500E+01   1.86931095E-03   8.90456652E-03
    346220   2.48103500E+01   1.86918909E-03   8.90459219E-03
    346240   2.48113500E+01   1.86903389E-03   8.90462311E-03
    346260   2.48123500E+01   1.86885163E-03   8.90465836E-03
    346280   2.48133500E+01   1.86864454E-03   8.90469685E-03
    346300   2.48143500E+01   1.86841225E-03   8.90473731E-03
    346320   2.48153500E+01   1.86815421E-03   8.90477820E-03
    346340   2.48163500E+01   1.86787206E-03   8.90481768E-03
    346360   2.48173500E+01   1.86757096E-03   8.90485367E-03
    346380   2.48183500E+01   1.86725948E-03   8.90488417E-03
    346400   2.48193500E+01   1.86694816E-03   8.90490756E-03
    346420   2.48203500E+01   1.86664736E-03   8.90492302E-03
    346440   2.48213500E+01   1.86636532E-03   8.90493070E-03
    346460   2.48223500E+01   1.86610712E-03   8.90493173E-03
    346480   2.48233500E+01   1.86587468E-03   8.90492796E-03
    346500   2.48243500E+01   1.86566786E-03   8.90492150E-03
    346520   2.48253500E+01   1.86548637E-03   8.90491412E-03
    346540   2.48263500E+01   1.86533186E-03   8.90490668E-03
    346560   2.48273500E+01   1.86520974E-03   8.90489878E-03
    346580   2.48283500E+01   1.86512968E-03   8.90488874E-03
    346600   2.48293500E+01   1.86510430E-03   8.90487393E-03
    346620   2.48303500E+01   1.86514610E-03   8.90485138E-03
    346640   2.48313500E+01   1.86526383E-03   8.90481852E-03
    346660   2.48323500E+01   1.86545926E-03   8.90477402E-03
    346680   2.48333500E+01   1.86572541E-03   8.90471836E-03
    346700   2.48343500E+01   1.86604683E-03   8.90465408E-03
    346720   2.48353500E+01   1.86640177E-03   8.90458544E-03
    346740   2.48363500E+01   1.86676618E-03   8.90451759E-03
    346760   2.48373500E+01   1.86711863E-03   8.90445549E-03
    346780   2.48383500E+01   1.86744501E-03   8.90440287E-03
    346800   2.48393500E+01   1.86774139E-03   8.90436149E-03
    346820   2.48403500E+01   1.86801411E-03   8.90433085E-03
    346840   2.48413500E+01   1.86827681E-03   8.90430838E-03
    346860   2.48423500E+01   1.86854534E-03   8.90429016E-03
    346880   2.48433500E+01   1.86883213E-03   8.90427193E-03
    346900   2.48443500E+01   1.86914120E-03   8.90425032E-03
    346920   2.48453500E+01   1.86946533E-03   8.90422376E-03
    346940   2.48463500E+01   1.86978587E-03   8.90419290E-03
    346960   2.48473500E+01   1.87007562E-03   8.90416058E-03
    346980   2.48483500E+01   1.87030419E-03   8.90413117E-03
    347000   2.48493500E+01   1.87044472E-03   8.90410948E-03
    347020   2.48503500E+01   1.87048026E-03   8.90409962E-03
    347040   2.48513500E+01   1.87040810E-03   8.90410387E-03
    347060   2.48523500E+01   1.87024068E-03   8.90412199E-03
    347080   2.48533500E+01   1.87000283E-03   8.90415120E-03
    347100   2.48543500E+01   1.86972607E-03   8.90418673E-03
    347120   2.48553500E+01   1.86944139E-03   8.90422288E-03
    347140   2.48563500E+01   1.86917252E-03   8.90425415E-03
    347160   2.48573500E+01   1.86893114E-03   8.90427642E-03
    347180   2.48583500E+01   1.86871526E-03   8.90428772E-03
    347200   2.48593500E+01   1.86851112E-03   8.90428848E-03
    347220   2.48603500E+01   1.86829798E-03   8.90428116E-03
    347240   2.48613500E+01   1.86805506E-03   8.90426943E-03
    347260   2.48623500E+01   1.86776846E-03   8.90425710E-03
    347280   2.48633500E+01   1.86743628E-03   8.90424710E-03
    347300   2.48643500E+01   1.86707046E-03   8.90424071E-03
    347320   2.48653500E+01   1.86669504E-03   8.90423725E-03
    347340   2.48663500E+01   1.86634141E-03   8.90423415E-03
    347360   2.48673500E+01   1.86604189E-03   8.90422766E-03
    347380   2.48683500E+01   1.86582316E-03   8.90421379E-03
    347400   2.48693500E+01   1.86570090E-03   8.90418928E-03
    347420   2.48703500E+01   1.86567705E-03   8.90415234E-03
    347440   2.48713500E+01   1.86574028E-03   8.90410290E-03
    347460   2.48723500E+01   1.86586974E-03   8.90404268E-03
    347480   2.48733500E+01   1.86604079E-03   8.90397472E-03
    347500   2.48743500E+01   1.86623116E-03   8.90390273E-03
    347520   2.48753500E+01   1.86642571E-03   8.90383036E-03
    347540   2.48763500E+01   1.86661895E-03   8.90376048E-03
    347560   2.48773500E+01   1.86681478E-03   8.90369480E-03
    347580   2.48783500E+01   1.86702392E-03   8.90363381E-03
    347600   2.48793500E+01   1.86725961E-03   8.90357708E-03
    347620   2.48803500E+01   1.86753277E-03   8.90352363E-03
    347640   2.48813500E+01   1.86784792E-03   8.90347241E-03
    347660   2.48823500E+01   1.86820095E-03   8.90342268E-03
    347680   2.48833500E+01   1.86857927E-03   8.90337431E-03
    347700   2.48843500E+01   1.86896429E-03   8.90332777E-03
    347720   2.48853500E+01   1.86933507E-03   8.90328399E-03
    347740   2.48863500E+01   1.86967234E-03   8.90324412E-03
    347760   2.48873500E+01   1.86996160E-03   8.90320926E-03
    347780   2.48883500E+01   1.87019458E-03   8.90318030E-03
    347800   2.48893500E+01   1.87036912E-03   8.90315790E-03
    347820   2.48903500E+01   1.87048763E-03   8.90314248E-03
    347840   2.48913500E+01   1.87055493E-03   8.90313430E-03
    347860   2.48923500E+01   1.87057594E-03   8.90313346E-03
    347880   2.48933500E+01   1.87055406E-03   8.90313998E-03
    347900   2.48943500E+01   1.87049048E-03   8.90315371E-03
    347920   2.48953500E+01   1.87038470E-03   8.90317413E-03
    347940   2.48963500E+01   1.87023616E-03   8.90320022E-03
    347960   2.48973500E+01   1.87004596E-03   8.90323039E-03
    347980   2.48983500E+01   1.86981814E-03   8.90326263E-03
    348000   2.48993500E+01   1.86955979E-03   8.90329463E-03
    348020   2.49003500E+01   1.86928004E-03   8.90332417E-03
    348040   2.49013500E+01   1.86898848E-03   8.90334940E-03
    348060   2.49023500E+01   1.86869344E-03   8.90336933E-03
    348080   2.49033500E+01   1.86840061E-03   8.90338398E-03
    348100   2.49043500E+01   1.86811244E-03   8.90339447E-03
    348120   2.49053500E+01   1.86782874E-03   8.90340259E-03
    348140   2.49063500E+01   1.86754854E-03   8.90341027E-03
    348160   2.49073500E+01   1.86727265E-03   8.90341896E-03
    348180   2.49083500E+01   1.86700605E-03   8.90342912E-03
    348200   2.49093500E+01   1.86675892E-03   8.90343992E-03
    348220   2.49103500E+01   1.86654612E-03   8.90344918E-03
    348240   2.49113500E+01   1.86638479E-03   8.90345381E-03
    348260   2.49123500E+01   1.86629108E-03   8.90345044E-03
    348280   2.49133500E+01   1.86627655E-03   8.90343637E-03
    348300   2.49143500E+01   1.86634509E-03   8.90341028E-03
    348320   2.49153500E+01   1.86649140E-03   8.90337268E-03
    348340   2.49163500E+01   1.86670152E-03   8.90332597E-03
    348360   2.49173500E+01   1.86695554E-03   8.90327408E-03
    348380   2.49183500E+01   1.86723189E-03   8.90322175E-03
    348400   2.49193500E+01   1.86751219E-03   8.90317361E-03
    348420   2.49203500E+01   1.86778534E-03   8.90313311E-03
    348440   2.49213500E+01   1.86804973E-03   8.90310189E-03
    348460   2.49223500E+01   1.86831279E-03   8.90307944E-03
    348480   2.49233500E+01   1.86858811E-03   8.90306343E-03
    348500   2.49243500E+01   1.86889052E-03   8.90305038E-03
    348520   2.49253500E+01   1.86923077E-03   8.90303660E-03
    348540   2.49263500E+01   1.86961094E-03   8.90301929E-03
    348560   2.49273500E+01   1.87002183E-03   8.90299735E-03
    348580   2.49283500E+01   1.87044324E-03   8.90297180E-03
    348600   2.49293500E+01   1.87084696E-03   8.90294561E-03
    348620   2.49303500E+01   1.87120224E-03   8.90292300E-03
    348640   2.49313500E+01   1.87148214E-03   8.90290849E-03
    348660   2.49323500E+01   1.87166927E-03   8.90290588E-03
    348680   2.49333500E+01   1.87175929E-03   8.90291731E-03
    348700   2.49343500E+01   1.87176122E-03   8.90294270E-03
    348720   2.49353500E+01   1.87169470E-03   8.90297976E-03
    348740   2.49363500E+01   1.87158496E-03   8.90302442E-03
    348760   2.49373500E+01   1.87145668E-03   8.90307178E-03
    348780   2.49383500E+01   1.87132812E-03   8.90311718E-03
    348800   2.49393500E+01   1.87120703E-03   8.90315711E-03
    348820   2.49403500E+01   1.87108947E-03   8.90318984E-03
    348840   2.49413500E+01   1.87096181E-03   8.90321557E-03
    348860   2.49423500E+01   1.87080556E-03   8.90323611E-03
    348880   2.49433500E+01   1.87060324E-03   8.90325425E-03
    348900   2.49443500E+01   1.87034406E-03   8.90327284E-03
    348920   2.49453500E+01   1.87002783E-03   8.90329393E-03
    348940   2.49463500E+01   1.86966625E-03   8.90331814E-03
    348960   2.49473500E+01   1.86928144E-03   8.90334442E-03
    348980   2.49483500E+01   1.86890188E-03   8.90337031E-03
    349000   2.49493500E+01   1.86855681E-03   8.90339244E-03
    349020   2.49503500E+01   1.86827050E-03   8.90340721E-03
    349040   2.49513500E+01   1.86805790E-03   8.90341163E-03
    349060   2.49523500E+01   1.86792274E-03   8.90340384E-03
    349080   2.49533500E+01   1.86785830E-03   8.90338349E-03
    349100   2.49543500E+01   1.86785064E-03   8.90335168E-03
    349120   2.49553500E+01   1.86788314E-03   8.90331055E-03
    349140   2.49563500E+01   1.86794124E-03   8.90326271E-03
    349160   2.49573500E+01   1.86801604E-03   8.90321075E-03
    349180   2.49583500E+01   1.86810595E-03   8.90315676E-03
    349200   2.49593500E+01   1.86821616E-03   8.90310211E-03
    349220   2.49603500E+01   1.86835626E-03   8.90304736E-03
    349240   2.49613500E+01   1.86853677E-03   8.90299247E-03
    349260   2.49623500E+01   1.86876554E-03   8.90293703E-03
    349280   2.49633500E+01   1.86904490E-03   8.90288065E-03
    349300   2.49643500E+01   1.86937034E-03   8.90282316E-03
    349320   2.49653500E+01   1.86973096E-03   8.90276466E-03
    349340   2.49663500E+01   1.87011153E-03   8.90270561E-03
    349360   2.49673500E+01   1.87049531E-03   8.90264675E-03
    349380   2.49683500E+01   1.87086679E-03   8.90258901E-03
    349400   2.49693500E+01   1.87121367E-03   8.90253334E-03
    349420   2.49703500E+01   1.87152770E-03   8.90248062E-03
    349440   2.49713500E+01   1.87180450E-03   8.90243167E-03
    349460   2.49723500E+01   1.87204229E-03   8.90238732E-03
    349480   2.49733500E+01   1.87224024E-03   8.90234851E-03
    349500   2.49743500E+01   1.87239679E-03   8.90231614E-03
    349520   2.49753500E+01   1.87250914E-03   8.90229099E-03
    349540   2.49763500E+01   1.87257354E-03   8.90227350E-03
    349560   2.49773500E+01   1.87258662E-03   8.90226359E-03
    349580   2.49783500E+01   1.87254671E-03   8.90226051E-03
    349600   2.49793500E+01   1.87245492E-03   8.90226271E-03
    349620   2.49803500E+01   1.87231554E-03   8.90226802E-03
    349640   2.49813500E+01   1.87213551E-03   8.90227393E-03
    349660   2.49823500E+01   1.87192309E-03   8.90227805E-03
    349680   2.49833500E+01   1.87168613E-03   8.90227862E-03
    349700   2.49843500E+01   1.87143030E-03   8.90227480E-03
    349720   2.49853500E+01   1.87115802E-03   8.90226683E-03
    349740   2.49863500E+01   1.87086873E-03   8.90225597E-03
    349760   2.49873500E+01   1.87056023E-03   8.90224403E-03
    349780   2.49883500E+01   1.87023108E-03   8.90223292E-03
    349800   2.49893500E+01   1.86988308E-03   8.90222397E-03
    349820   2.49903500E+01   1.86952318E-03   8.90221738E-03
    349840   2.49913500E+01   1.86916419E-03   8.90221197E-03
    349860   2.49923500E+01   1.86882375E-03   8.90220527E-03
    349880   2.49933500E+01   1.86852178E-03   8.90219396E-03
    349900   2.49943500E+01   1.86827696E-03   8.90217455E-03
    349920   2.49953500E+01   1.86810305E-03   8.90214421E-03
    349940   2.49963500E+01   1.86800600E-03   8.90210145E-03
    349960   2.49973500E+01   1.86798281E-03   8.90204661E-03
    349980   2.49983500E+01   1.86802222E-03   8.90198189E-03
    350000   2.49993500E+01   1.86810762E-03   8.90191096E-03
    350020   2.50003500E+01   1.86822133E-03   8.90183818E-03
    350040   2.50013500E+01   1.86834909E-03   8.90176771E-03
    350060   2.50023500E+01   1.86848374E-03   8.90170264E-03
    350080   2.50033500E+01   1.86862675E-03   8.90164442E-03
    350100   2.50043500E+01   1.86878740E-03   8.90159263E-03
    350120   2.50053500E+01   1.86897977E-03   8.90154519E-03
    350140   2.50063500E+01   1.86921824E-03   8.90149909E-03
    350160   2.50073500E+01   1.86951249E-03   8.90145131E-03
    350180   2.50083500E+01   1.86986344E-03   8.90139976E-03
    350200   2.50093500E+01   1.87026110E-03   8.90134395E-03
    350220   2.50103500E+01   1.87068524E-03   8.90128523E-03
    350240   2.50113500E+01   1.87110870E-03   8.90122666E-03
    350260   2.50123500E+01   1.87150249E-03   8.90117241E-03
    350280   2.50133500E+01   1.87184129E-03   8.90112693E-03
    350300   2.50143500E+01   1.87210825E-03   8.90109389E-03
    350320   2.50153500E+01   1.87229767E-03   8.90107542E-03
    350340   2.50163500E+01   1.87241532E-03   8.90107168E-03
    350360   2.50173500E+01   1.87247597E-03   8.90108092E-03
    350380   2.50183500E+01   1.87249880E-03   8.90109997E-03
    350400   2.50193500E+01   1.87250198E-03   8.90112487E-03
    350420   2.50203500E+01   1.87249771E-03   8.90115183E-03
    350440   2.50213500E+01   1.87248914E-03   8.90117799E-03
    350460   2.50223500E+01   1.87246984E-03   8.90120201E-03
    350480   2.50233500E+01   1.87242586E-03   8.90122418E-03
    350500   2.50243500E+01   1.87233995E-03   8.90124605E-03
    350520   2.50253500E+01   1.87219660E-03   8.90126988E-03
    350540   2.50263500E+01   1.87198687E-03   8.90129790E-03
    350560   2.50273500E+01   1.87171140E-03   8.90133161E-03
    350580   2.50283500E+01   1.87138131E-03   8.90137128E-03
    350600   2.50293500E+01   1.87101645E-03   8.90141580E-03
    350620   2.50303500E+01   1.87064173E-03   8.90146283E-03
    350640   2.50313500E+01   1.87028241E-03   8.90150931E-03
    350660   2.50323500E+01   1.86995957E-03   8.90155207E-03
    350680   2.50333500E+01   1.86968674E-03   8.90158834E-03
    350700   2.50343500E+01   1.86946866E-03   8.90161625E-03
    350720   2.50353500E+01   1.86930224E-03   8.90163500E-03
    350740   2.50363500E+01   1.86917919E-03   8.90164490E-03
    350760   2.50373500E+01   1.86908963E-03   8.90164715E-03
    350780   2.50383500E+01   1.86902553E-03   8.90164337E-03
    350800   2.50393500E+01   1.86898329E-03   8.90163524E-03
    350820   2.50403500E+01   1.86896492E-03   8.90162417E-03
    350840   2.50413500E+01   1.86897738E-03   8.90161112E-03
    350860   2.50423500E+01   1.86903044E-03   8.90159657E-03
    350880   2.50433500E+01   1.86913380E-03   8.90158067E-03
    350900   2.50443500E+01   1.86929413E-03   8.90156333E-03
    350920   2.50453500E+01   1.86951327E-03   8.90154442E-03
    350940   2.50463500E+01   1.86978765E-03   8.90152396E-03
    350960   2.50473500E+01   1.87010893E-03   8.90150208E-03
    350980   2.50483500E+01   1.87046565E-03   8.90147908E-03
    351000   2.50493500E+01   1.87084527E-03   8.90145533E-03
    351020   2.50503500E+01   1.87123604E-03   8.90143124E-03
    351040   2.50513500E+01   1.87162823E-03   8.90140734E-03
    351060   2.50523500E+01   1.87201452E-03   8.90138428E-03
    351080   2.50533500E+01   1.87238932E-03   8.90136296E-03
    351100   2.50543500E+01   1.87274769E-03   8.90134452E-03
    351120   2.50553500E+01   1.87308433E-03   8.90133033E-03
    351140   2.50563500E+01   1.87339289E-03   8.90132186E-03
    351160   2.50573500E+01   1.87366625E-03   8.90132049E-03
    351180   2.50583500E+01   1.87389729E-03   8.90132719E-03
    351200   2.50593500E+01   1.87408012E-03   8.90134227E-03
    351220   2.50603500E+01   1.87421141E-03   8.90136512E-03
    351240   2.50613500E+01   1.87429107E-03   8.90139425E-03
    351260   2.50623500E+01   1.87432218E-03   8.90142749E-03
    351280   2.50633500E+01   1.87431002E-03   8.90146229E-03
    351300   2.50643500E+01   1.87426044E-03   8.90149624E-03
    351320   2.50653500E+01   1.87417806E-03   8.90152754E-03
    351340   2.50663500E+01   1.87406484E-03   8.90155535E-03
    351360   2.50673500E+01   1.87391956E-03   8.90157997E-03
    351380   2.50683500E+01   1.87373854E-03   8.90160261E-03
    351400   2.50693500E+01   1.87351741E-03   8.90162503E-03
    351420   2.50703500E+01   1.87325370E-03   8.90164894E-03
    351440   2.50713500E+01   1.87294919E-03   8.90167538E-03
    351460   2.50723500E+01   1.87261156E-03   8.90170427E-03
    351480   2.50733500E+01   1.87225465E-03   8.90173413E-03
    351500   2.50743500E+01   1.87189710E-03   8.90176218E-03
    351520   2.50753500E+01   1.87155975E-03   8.90178481E-03
    351540   2.50763500E+01   1.87126203E-03   8.90179831E-03
    351560   2.50773500E+01   1.87101829E-03   8.90179966E-03
    351580   2.50783500E+01   1.87083526E-03   8.90178717E-03
    351600   2.50793500E+01   1.87071122E-03   8.90176084E-03
    351620   2.50803500E+01   1.87063720E-03   8.90172240E-03
    351640   2.50813500E+01   1.87060016E-03   8.90167497E-03
    351660   2.50823500E+01   1.87058684E-03   8.90162228E-03
    351680   2.50833500E+01   1.87058777E-03   8.90156787E-03
    351700   2.50843500E+01   1.87060014E-03   8.90151430E-03
    351720   2.50853500E+01   1.87062893E-03   8.90146259E-03
    351740   2.50863500E+01   1.87068582E-03   8.90141218E-03
    351760   2.50873500E+01   1.87078612E-03   8.90136119E-03
    351780   2.50883500E+01   1.87094432E-03   8.90130694E-03
    351800   2.50893500E+01   1.87116972E-03   8.90124683E-03
    351820   2.50903500E+01   1.87146290E-03   8.90117914E-03
    351840   2.50913500E+01   1.87181418E-03   8.90110365E-03
    351860   2.50923500E+01   1.87220465E-03   8.90102186E-03
    351880   2.50933500E+01   1.87260921E-03   8.90093682E-03
    351900   2.50943500E+01   1.87300117E-03   8.90085252E-03
    351920   2.50953500E+01   1.87335739E-03   8.90077318E-03
    351940   2.50963500E+01   1.87366227E-03   8.90070234E-03
    351960   2.50973500E+01   1.87391006E-03   8.90064224E-03
    351980   2.50983500E+01   1.87410467E-03   8.90059344E-03
    352000   2.50993500E+01   1.87425708E-03   8.90055479E-03
    352020   2.51003500E+01   1.87438134E-03   8.90052390E-03
    352040   2.51013500E+01   1.87448990E-03   8.90049782E-03
    352060   2.51023500E+01   1.87458954E-03   8.90047370E-03
    352080   2.51033500E+01   1.87467911E-03   8.90044948E-03
    352100   2.51043500E+01   1.87474952E-03   8.90042427E-03
    352120   2.51053500E+01   1.87478585E-03   8.90039846E-03
    352140   2.51063500E+01   1.87477108E-03   8.90037347E-03
    352160   2.51073500E+01   1.87469044E-03   8.90035125E-03
    352180   2.51083500E+01   1.87453528E-03   8.90033371E-03
    352200   2.51093500E+01   1.87430560E-03   8.90032213E-03
    352220   2.51103500E+01   1.87401053E-03   8.90031678E-03
    352240   2.51113500E+01   1.87366670E-03   8.90031686E-03
    352260   2.51123500E+01   1.87329501E-03   8.90032054E-03
    352280   2.51133500E+01   1.87291663E-03   8.90032538E-03
    352300   2.51143500E+01   1.87254935E-03   8.90032871E-03
    352320   2.51153500E+01   1.87220516E-03   8.90032817E-03
    352340   2.51163500E+01   1.87188935E-03   8.90032200E-03
    352360   2.51173500E+01   1.87160138E-03   8.90030925E-03
    352380   2.51183500E+01   1.87133707E-03   8.90028973E-03
    352400   2.51193500E+01   1.87109146E-03   8.90026385E-03
    352420   2.51203500E+01   1.87086155E-03   8.90023239E-03
    352440   2.51213500E+01   1.87064816E-03   8.90019625E-03
    352460   2.51223500E+01   1.87045639E-03   8.90015631E-03
    352480   2.51233500E+01   1.87029479E-03   8.90011325E-03
    352500   2.51243500E+01   1.87017354E-03   8.90006756E-03
    352520   2.51253500E+01   1.87010224E-03   8.90001958E-03
    352540   2.51263500E+01   1.87008790E-03   8.89996962E-03
    352560   2.51273500E+01   1.87013363E-03   8.89991794E-03
    352580   2.51283500E+01   1.87023835E-03   8.89986479E-03
    352600   2.51293500E+01   1.87039743E-03   8.89981039E-03
    352620   2.51303500E+01   1.87060402E-03   8.89975491E-03
    352640   2.51313500E+01   1.87085036E-03   8.89969853E-03
    352660   2.51323500E+01   1.87112899E-03   8.89964140E-03
    352680   2.51333500E+01   1.87143326E-03   8.89958383E-03
    352700   2.51343500E+01   1.87175721E-03   8.89952638E-03
    352720   2.51353500E+01   1.87209498E-03   8.89947001E-03
    352740   2.51363500E+01   1.87244000E-03   8.89941616E-03
    352760   2.51373500E+01   1.87278452E-03   8.89936665E-03
    352780   2.51383500E+01   1.87311955E-03   8.89932350E-03
    352800   2.51393500E+01   1.87343562E-03   8.89928864E-03
    352820   2.51403500E+01   1.87372388E-03   8.89926358E-03
    352840   2.51413500E+01   1.87397740E-03   8.89924907E-03
    352860   2.51423500E+01   1.87419209E-03   8.89924494E-03
    352880   2.51433500E+01   1.87436709E-03   8.89925003E-03
    352900   2.51443500E+01   1.87450432E-03   8.89926241E-03
    352920   2.51453500E+01   1.87460713E-03   8.89927980E-03
    352940   2.51463500E+01   1.87467854E-03   8.89930008E-03
    352960   2.51473500E+01   1.87471941E-03   8.89932172E-03
    352980   2.51483500E+01   1.87472745E-03   8.89934416E-03
    353000   2.51493500E+01   1.87469725E-03   8.89936789E-03
    353020   2.51503500E+01   1.87462146E-03   8.89939429E-03
    353040   2.51513500E+01   1.87449310E-03   8.89942520E-03
    353060   2.51523500E+01   1.87430794E-03   8.89946234E-03
    353080   2.51533500E+01   1.87406703E-03   8.89950664E-03
    353100   2.51543500E+01   1.87377775E-03   8.89955782E-03
    353120   2.51553500E+01   1.87345412E-03   8.89961422E-03
    353140   2.51563500E+01   1.87311488E-03   8.89967298E-03
    353160   2.51573500E+01   1.87278048E-03   8.89973048E-03
    353180   2.51583500E+01   1.87246964E-03   8.89978290E-03
    353200   2.51593500E+01   1.87219614E-03   8.89982709E-03
    353220   2.51603500E+01   1.87196661E-03   8.89986112E-03
    353240   2.51613500E+01   1.87178009E-03   8.89988464E-03
    353260   2.51623500E+01   1.87162959E-03   8.89989888E-03
    353280   2.51633500E+01   1.87150480E-03   8.89990627E-03
    353300   2.51643500E+01   1.87139601E-03   8.89990978E-03
    353320   2.51653500E+01   1.87129775E-03   8.89991222E-03
    353340   2.51663500E+01   1.87121116E-03   8.89991550E-03
    353360   2.51673500E+01   1.87114462E-03   8.89992024E-03
    353380   2.51683500E+01   1.87111252E-03   8.89992557E-03
    353400   2.51693500E+01   1.87113185E-03   8.89992946E-03
    353420   2.51703500E+01   1.87121812E-03   8.89992931E-03
    353440   2.51713500E+01   1.87138130E-03   8.89992268E-03
    353460   2.51723500E+01   1.87162268E-03   8.89990794E-03
    353480   2.51733500E+01   1.87193406E-03   8.89988484E-03
    353500   2.51743500E+01   1.87229869E-03   8.89985460E-03
    353520   2.51753500E+01   1.87269429E-03   8.89981988E-03
    353540   2.51763500E+01   1.87309728E-03   8.89978417E-03
    353560   2.51773500E+01   1.87348719E-03   8.89975117E-03
    353580   2.51783500E+01   1.87385010E-03   8.89972402E-03
    353600   2.51793500E+01   1.87418048E-03   8.89970482E-03
    353620   2.51803500E+01   1.87448076E-03   8.89969426E-03
    353640   2.51813500E+01   1.87475896E-03   8.89969169E-03
    353660   2.51823500E+01   1.87502504E-03   8.89969539E-03
    353680   2.51833500E+01   1.87528694E-03   8.89970317E-03
    353700   2.51843500E+01   1.87554735E-03   8.89971288E-03
    353720   2.51853500E+01   1.87580202E-03   8.89972301E-03
    353740   2.51863500E+01   1.87603981E-03   8.89973301E-03
    353760   2.51873500E+01   1.87624471E-03   8.89974324E-03
    353780   2.51883500E+01   1.87639929E-03   8.89975485E-03
    353800   2.51893500E+01   1.87648840E-03   8.89976940E-03
    353820   2.51903500E+01   1.87650256E-03   8.89978834E-03
    353840   2.51913500E+01   1.87643984E-03   8.89981266E-03
    353860   2.51923500E+01   1.87630609E-03   8.89984254E-03
    353880   2.51933500E+01   1.87611348E-03   8.89987726E-03
    353900   2.51943500E+01   1.87587791E-03   8.89991533E-03
    353920   2.51953500E+01   1.87561577E-03   8.89995476E-03
    353940   2.51963500E+01   1.87534105E-03   8.89999339E-03
    353960   2.51973500E+01   1.87506349E-03   8.90002917E-03
    353980   2.51983500E+01   1.87478790E-03   8.90006042E-03
    354000   2.51993500E+01   1.87451508E-03   8.90008594E-03
    354020   2.52003500E+01   1.87424359E-03   8.90010504E-03
    354040   2.52013500E+01   1.87397187E-03   8.90011744E-03
    354060   2.52023500E+01   1.87370012E-03   8.90012313E-03
    354080   2.52033500E+01   1.87343171E-03   8.90012224E-03
    354100   2.52043500E+01   1.87317314E-03   8.90011499E-03
    354120   2.52053500E+01   1.87293339E-03   8.90010165E-03
    354140   2.52063500E+01   1.87272253E-03   8.90008248E-03
    354160   2.52073500E+01   1.87254987E-03   8.90005778E-03
    354180   2.52083500E+01   1.87242291E-03   8.90002784E-03
    354200   2.52093500E+01   1.87234639E-03   8.89999292E-03
    354220   2.52103500E+01   1.87232223E-03   8.89995320E-03
    354240   2.52113500E+01   1.87235002E-03   8.89990876E-03
    354260   2.52123500E+01   1.87242772E-03   8.89985951E-03
    354280   2.52133500E+01   1.87255262E-03   8.89980521E-03
    354300   2.52143500E+01   1.87272186E-03   8.89974567E-03
    354320   2.52153500E+01   1.87293229E-03   8.89968085E-03
    354340   2.52163500E+01   1.87317999E-03   8.89961114E-03
    354360   2.52173500E+01   1.87345972E-03   8.89953745E-03
    354380   2.52183500E+01   1.87376430E-03   8.89946130E-03
    354400   2.52193500E+01   1.87408470E-03   8.89938471E-03
    354420   2.52203500E+01   1.87441061E-03   8.89931008E-03
    354440   2.52213500E+01   1.87473154E-03   8.89923978E-03
    354460   2.52223500E+01   1.87503807E-03   8.89917571E-03
    354480   2.52233500E+01   1.87532321E-03   8.89911900E-03
    354500   2.52243500E+01   1.87558314E-03   8.89906979E-03
    354520   2.52253500E+01   1.87581713E-03   8.89902732E-03
    354540   2.52263500E+01   1.87602659E-03   8.89899009E-03
    354560   2.52273500E+01   1.87621333E-03   8.89895621E-03
    354580   2.52283500E+01   1.87637786E-03   8.89892397E-03
    354600   2.52293500E+01   1.87651773E-03   8.89889228E-03
    354620   2.52303500E+01   1.87662682E-03   8.89886100E-03
    354640   2.52313500E+01   1.87669586E-03   8.89883099E-03
    354660   2.52323500E+01   1.87671397E-03   8.89880389E-03
    354680   2.52333500E+01   1.87667108E-03   8.89878173E-03
    354700   2.52343500E+01   1.87656067E-03   8.89876638E-03
    354720   2.52353500E+01   1.87638193E-03   8.89875895E-03
    354740   2.52363500E+01   1.87614096E-03   8.89875938E-03
    354760   2.52373500E+01   1.87585045E-03   8.89876621E-03
    354780   2.52383500E+01   1.87552780E-03   8.89877682E-03
    354800   2.52393500E+01   1.87519219E-03   8.89878785E-03
    354820   2.52403500E+01   1.87486106E-03   8.89879582E-03
    354840   2.52413500E+01   1.87454698E-03   8.89879778E-03
    354860   2.52423500E+01   1.87425598E-03   8.89879186E-03
    354880   2.52433500E+01   1.87398733E-03   8.89877759E-03
    354900   2.52443500E+01   1.87373519E-03   8.89875594E-03
    354920   2.52453500E+01   1.87349139E-03   8.89872889E-03
    354940   2.52463500E+01   1.87324904E-03   8.89869886E-03
    354960   2.52473500E+01   1.87300573E-03   8.89866810E-03
    354980   2.52483500E+01   1.87276561E-03   8.89863806E-03
    355000   2.52493500E+01   1.87253977E-03   8.89860905E-03
    355020   2.52503500E+01   1.87234458E-03   8.89858015E-03
    355040   2.52513500E+01   1.87219861E-03   8.89854943E-03
    355060   2.52523500E+01   1.87211868E-03   8.89851453E-03
    355080   2.52533500E+01   1.87211628E-03   8.89847321E-03
    355100   2.52543500E+01   1.87219497E-03   8.89842407E-03
    355120   2.52553500E+01   1.87234948E-03   8.89836687E-03
    355140   2.52563500E+01   1.87256674E-03   8.89830272E-03
    355160   2.52573500E+01   1.87282863E-03   8.89823394E-03
    355180   2.52583500E+01   1.87311576E-03   8.89816357E-03
    355200   2.52593500E+01   1.87341126E-03   8.89809490E-03
    355220   2.52603500E+01   1.87370376E-03   8.89803080E-03
    355240   2.52613500E+01   1.87398871E-03   8.89797329E-03
    355260   2.52623500E+01   1.87426794E-03   8.89792325E-03
    355280   2.52633500E+01   1.87454756E-03   8.89788049E-03
    355300   2.52643500E+01   1.87483484E-03   8.89784400E-03
    355320   2.52653500E+01   1.87513485E-03   8.89781237E-03
    355340   2.52663500E+01   1.87544777E-03   8.89778427E-03
    355360   2.52673500E+01   1.87576758E-03   8.89775886E-03
    355380   2.52683500E+01   1.87608239E-03   8.89773597E-03
    355400   2.52693500E+01   1.87637627E-03   8.89771622E-03
    355420   2.52703500E+01   1.87663208E-03   8.89770080E-03
    355440   2.52713500E+01   1.87683463E-03   8.89769115E-03
    355460   2.52723500E+01   1.87697341E-03   8.89768863E-03
    355480   2.52733500E+01   1.87704409E-03   8.89769417E-03
    355500   2.52743500E+01   1.87704871E-03   8.89770811E-03
    355520   2.52753500E+01   1.87699448E-03   8.89773009E-03
    355540   2.52763500E+01   1.87689170E-03   8.89775913E-03
    355560   2.52773500E+01   1.87675138E-03   8.89779380E-03
    355580   2.52783500E+01   1.87658315E-03   8.89783241E-03
    355600   2.52793500E+01   1.87639388E-03   8.89787328E-03
    355620   2.52803500E+01   1.87618729E-03   8.89791491E-03
    355640   2.52813500E+01   1.87596460E-03   8.89795601E-03
    355660   2.52823500E+01   1.87572583E-03   8.89799556E-03
    355680   2.52833500E+01   1.87547150E-03   8.89803277E-03
    355700   2.52843500E+01   1.87520380E-03   8.89806707E-03
    355720   2.52853500E+01   1.87492731E-03   8.89809806E-03
    355740   2.52863500E+01   1.87464886E-03   8.89812546E-03
    355760   2.52873500E+01   1.87437697E-03   8.89814909E-03
    355780   2.52883500E+01   1.87412073E-03   8.89816898E-03
    355800   2.52893500E+01   1.87388878E-03   8.89818525E-03
    355820   2.52903500E+01   1.87368851E-03   8.89819806E-03
    355840   2.52913500E+01   1.87352568E-03   8.89820750E-03
    355860   2.52923500E+01   1.87340459E-03   8.89821348E-03
    355880   2.52933500E+01   1.87332850E-03   8.89821571E-03
    355900   2.52943500E+01   1.87330013E-03   8.89821367E-03
    355920   2.52953500E+01   1.87332179E-03   8.89820665E-03
    355940   2.52963500E+01   1.87339515E-03   8.89819395E-03
    355960   2.52973500E+01   1.87352084E-03   8.89817509E-03
    355980   2.52983500E+01   1.87369762E-03   8.89815007E-03
    356000   2.52993500E+01   1.87392181E-03   8.89811959E-03
    356020   2.53003500E+01   1.87418688E-03   8.89808497E-03
    356040   2.53013500E+01   1.87448393E-03   8.89804819E-03
    356060   2.53023500E+01   1.87480251E-03   8.89801157E-03
    356080   2.53033500E+01   1.87513218E-03   8.89797744E-03
    356100   2.53043500E+01   1.87546382E-03   8.89794774E-03
    356120   2.53053500E+01   1.87579103E-03   8.89792369E-03
    356140   2.53063500E+01   1.87611056E-03   8.89790555E-03
    356160   2.53073500E+01   1.87642196E-03   8.89789272E-03
    356180   2.53083500E+01   1.87672642E-03   8.89788389E-03
    356200   2.53093500E+01   1.87702486E-03   8.89787749E-03
    356220   2.53103500E+01   1.87731601E-03   8.89787215E-03
    356240   2.53113500E+01   1.87759499E-03   8.89786708E-03
    356260   2.53123500E+01   1.87785283E-03   8.89786239E-03
    356280   2.53133500E+01   1.87807717E-03   8.89785915E-03
    356300   2.53143500E+01   1.87825410E-03   8.89785913E-03
    356320   2.53153500E+01   1.87837063E-03   8.89786441E-03
    356340   2.53163500E+01   1.87841751E-03   8.89787683E-03
    356360   2.53173500E+01   1.87839138E-03   8.89789746E-03
    356380   2.53183500E+01   1.87829579E-03   8.89792624E-03
    356400   2.53193500E+01   1.87814076E-03   8.89796188E-03
    356420   2.53203500E+01   1.87794085E-03   8.89800194E-03
    356440   2.53213500E+01   1.87771224E-03   8.89804332E-03
    356460   2.53223500E+01   1.87746962E-03   8.89808277E-03
    356480   2.53233500E+01   1.87722346E-03   8.89811751E-03
    356500   2.53243500E+01   1.87697845E-03   8.89814574E-03
    356520   2.53253500E+01   1.87673349E-03   8.89816688E-03
    356540   2.53263500E+01   1.87648323E-03   8.89818152E-03
    356560   2.53273500E+01   1.87622082E-03   8.89819107E-03
    356580   2.53283500E+01   1.87594120E-03   8.89819734E-03
    356600   2.53293500E+01   1.87564387E-03   8.89820196E-03
    356620   2.53303500E+01   1.87533461E-03   8.89820580E-03
    356640   2.53313500E+01   1.87502565E-03   8.89820875E-03
    356660   2.53323500E+01   1.87473403E-03   8.89820961E-03
    356680   2.53333500E+01   1.87447878E-03   8.89820642E-03
    356700   2.53343500E+01   1.87427748E-03   8.89819683E-03
    356720   2.53353500E+01   1.87414291E-03   8.89817870E-03
    356740   2.53363500E+01   1.87408073E-03   8.89815058E-03
    356760   2.53373500E+01   1.87408894E-03   8.89811206E-03
    356780   2.53383500E+01   1.87415875E-03   8.89806395E-03
    356800   2.53393500E+01   1.87427693E-03   8.89800810E-03
    356820   2.53403500E+01   1.87442907E-03   8.89794701E-03
    356840   2.53413500E+01   1.87460273E-03   8.89788338E-03
    356860   2.53423500E+01   1.87478980E-03   8.89781966E-03
    356880   2.53433500E+01   1.87498756E-03   8.89775764E-03
    356900   2.53443500E+01   1.87519812E-03   8.89769824E-03
    356920   2.53453500E+01   1.87542657E-03   8.89764157E-03
    356940   2.53463500E+01   1.87567846E-03   8.89758710E-03
    356960   2.53473500E+01   1.87595702E-03   8.89753402E-03
    356980   2.53483500E+01   1.87626113E-03   8.89748161E-03
    357000   2.53493500E+01   1.87658434E-03   8.89742949E-03
    357020   2.53503500E+01   1.87691510E-03   8.89737784E-03
    357040   2.53513500E+01   1.87723849E-03   8.89732744E-03
    357060   2.53523500E+01   1.87753853E-03   8.89727947E-03
    357080   2.53533500E+01   1.87780077E-03   8.89723535E-03
    357100   2.53543500E+01   1.87801429E-03   8.89719647E-03
    357120   2.53553500E+01   1.87817290E-03   8.89716388E-03
    357140   2.53563500E+01   1.87827524E-03   8.89713821E-03
    357160   2.53573500E+01   1.87832393E-03   8.89711955E-03
    357180   2.53583500E+01   1.87832404E-03   8.89710749E-03
    357200   2.53593500E+01   1.87828131E-03   8.89710129E-03
    357220   2.53603500E+01   1.87820070E-03   8.89709993E-03
    357240   2.53613500E+01   1.87808556E-03   8.89710226E-03
    357260   2.53623500E+01   1.87793753E-03   8.89710712E-03
    357280   2.53633500E+01   1.87775721E-03   8.89711337E-03
    357300   2.53643500E+01   1.87754508E-03   8.89711997E-03
    357320   2.53653500E+01   1.87730244E-03   8.89712601E-03
    357340   2.53663500E+01   1.87703223E-03   8.89713066E-03
    357360   2.53673500E+01   1.87673923E-03   8.89713329E-03
    357380   2.53683500E+01   1.87642986E-03   8.89713346E-03
    357400   2.53693500E+01   1.87611159E-03   8.89713097E-03
    357420   2.53703500E+01   1.87579218E-03   8.89712581E-03
    357440   2.53713500E+01   1.87547913E-03   8.89711810E-03
    357460   2.53723500E+01   1.87517936E-03   8.89710795E-03
    357480   2.53733500E+01   1.87489927E-03   8.89709540E-03
    357500   2.53743500E+01   1.87464497E-03   8.89708025E-03
    357520   2.53753500E+01   1.87442268E-03   8.89706195E-03
    357540   2.53763500E+01   1.87423883E-03   8.89703963E-03
    357560   2.53773500E+01   1.87409987E-03   8.89701225E-03
    357580   2.53783500E+01   1.87401170E-03   8.89697877E-03
    357600   2.53793500E+01   1.87397865E-03   8.89693847E-03
    357620   2.53803500E+01   1.87400260E-03   8.89689111E-03
    357640   2.53813500E+01   1.87408231E-03   8.89683719E-03
    357660   2.53823500E+01   1.87421327E-03   8.89677798E-03
    357680   2.53833500E+01   1.87438822E-03   8.89671543E-03
    357700   2.53843500E+01   1.87459829E-03   8.89665184E-03
    357720   2.53853500E+01   1.87483449E-03   8.89658955E-03
    357740   2.53863500E+01   1.87508940E-03   8.89653049E-03
    357760   2.53873500E+01   1.87535820E-03   8.89647591E-03
    357780   2.53883500E+01   1.87563908E-03   8.89642621E-03
    357800   2.53893500E+01   1.87593263E-03   8.89638094E-03
    357820   2.53903500E+01   1.87624040E-03   8.89633907E-03
    357840   2.53913500E+01   1.87656304E-03   8.89629936E-03
    357860   2.53923500E+01   1.87689845E-03   8.89626082E-03
    357880   2.53933500E+01   1.87724048E-03   8.89622312E-03
    357900   2.53943500E+01   1.87757859E-03   8.89618678E-03
    357920   2.53953500E+01   1.87789873E-03   8.89615319E-03
    357940   2.53963500E+01   1.87818522E-03   8.89612440E-03
    357960   2.53973500E+01   1.87842333E-03   8.89610268E-03
    357980   2.53983500E+01   1.87860190E-03   8.89609006E-03
    358000   2.53993500E+01   1.87871525E-03   8.89608778E-03
    358020   2.54003500E+01   1.87876411E-03   8.89609602E-03
    358040   2.54013500E+01   1.87875514E-03   8.89611375E-03
    358060   2.54023500E+01   1.87869913E-03   8.89613895E-03
    358080   2.54033500E+01   1.87860841E-03   8.89616890E-03
    358100   2.54043500E+01   1.87849397E-03   8.89620079E-03
    358120   2.54053500E+01   1.87836313E-03   8.89623219E-03
    358140   2.54063500E+01   1.87821828E-03   8.89626149E-03
    358160   2.54073500E+01   1.87805705E-03   8.89628811E-03
    358180   2.54083500E+01   1.87787383E-03   8.89631247E-03
    358200   2.54093500E+01   1.87766230E-03   8.89633569E-03
    358220   2.54103500E+01   1.87741829E-03   8.89635914E-03
    358240   2.54113500E+01   1.87714220E-03   8.89638391E-03
    358260   2.54123500E+01   1.87684042E-03   8.89641049E-03
    358280   2.54133500E+01   1.87652516E-03   8.89643841E-03
    358300   2.54143500E+01   1.87621303E-03   8.89646631E-03
    358320   2.54153500E+01   1.87592242E-03   8.89649212E-03
    358340   2.54163500E+01   1.87567047E-03   8.89651348E-03
    358360   2.54173500E+01   1.87547029E-03   8.89652819E-03
    358380   2.54183500E+01   1.87532907E-03   8.89653469E-03
    358400   2.54193500E+01   1.87524748E-03   8.89653231E-03
    358420   2.54203500E+01   1.87522062E-03   8.89652140E-03
    358440   2.54213500E+01   1.87524004E-03   8.89650317E-03
    358460   2.54223500E+01   1.87529637E-03   8.89647946E-03
    358480   2.54233500E+01   1.87538185E-03   8.89645236E-03
    358500   2.54243500E+01   1.87549206E-03   8.89642375E-03
    358520   2.54253500E+01   1.87562669E-03   8.89639504E-03
    358540   2.54263500E+01   1.87578897E-03   8.89636702E-03
    358560   2.54273500E+01   1.87598411E-03   8.89633986E-03
    358580   2.54283500E+01   1.87621704E-03   8.89631329E-03
    358600   2.54293500E+01   1.87649026E-03   8.89628681E-03
    358620   2.54303500E+01   1.87680225E-03   8.89626001E-03
    358640   2.54313500E+01   1.87714676E-03   8.89623275E-03
    358660   2.54323500E+01   1.87751338E-03   8.89620533E-03
    358680   2.54333500E+01   1.87788876E-03   8.89617851E-03
    358700   2.54343500E+01   1.87825862E-03   8.89615338E-03
    358720   2.54353500E+01   1.87860960E-03   8.89613120E-03
    358740   2.54363500E+01   1.87893095E-03   8.89611325E-03
    358760   2.54373500E+01   1.87921531E-03   8.89610064E-03
    358780   2.54383500E+01   1.87945876E-03   8.89609418E-03
    358800   2.54393500E+01   1.87966014E-03   8.89609432E-03
    358820   2.54403500E+01   1.87981990E-03   8.89610113E-03
    358840   2.54413500E+01   1.87993903E-03   8.89611435E-03
    358860   2.54423500E+01   1.88001808E-03   8.89613344E-03
    358880   2.54433500E+01   1.88005681E-03   8.89615767E-03
    358900   2.54443500E+01   1.88005429E-03   8.89618610E-03
    358920   2.54453500E+01   1.88000941E-03   8.89621767E-03
    358940   2.54463500E+01   1.87992163E-03   8.89625127E-03
    358960   2.54473500E+01   1.87979156E-03   8.89628581E-03
    358980   2.54483500E+01   1.87962130E-03   8.89632029E-03
    359000   2.54493500E+01   1.87941445E-03   8.89635387E-03
    359020   2.54503500E+01   1.87917580E-03   8.89638597E-03
    359040   2.54513500E+01   1.87891087E-03   8.89641629E-03
    359060   2.54523500E+01   1.87862542E-03   8.89644477E-03
    359080   2.54533500E+01   1.87832520E-03   8.89647151E-03
    359100   2.54543500E+01   1.87801606E-03   8.89649656E-03
    359120   2.54553500E+01   1.87770417E-03   8.89651981E-03
    359140   2.54563500E+01   1.87739651E-03   8.89654081E-03
    359160   2.54573500E+01   1.87710103E-03   8.89655870E-03
    359180   2.54583500E+01   1.87682661E-03   8.89657223E-03
    359200   2.54593500E+01   1.87658249E-03   8.89657991E-03
    359220   2.54603500E+01   1.87637745E-03   8.89658023E-03
    359240   2.54613500E+01   1.87621866E-03   8.89657202E-03
    359260   2.54623500E+01   1.87611064E-03   8.89655467E-03
    359280   2.54633500E+01   1.87605459E-03   8.89652836E-03
    359300   2.54643500E+01   1.87604834E-03   8.89649408E-03
    359320   2.54653500E+01   1.87608701E-03   8.89645348E-03
    359340   2.54663500E+01   1.87616432E-03   8.89640865E-03
    359360   2.54673500E+01   1.87627404E-03   8.89636172E-03
    359380   2.54683500E+01   1.87641151E-03   8.89631446E-03
    359400   2.54693500E+01   1.87657447E-03   8.89626797E-03
    359420   2.54703500E+01   1.87676328E-03   8.89622260E-03
    359440   2.54713500E+01   1.87698012E-03   8.89617790E-03
    359460   2.54723500E+01   1.87722756E-03   8.89613296E-03
    359480   2.54733500E+01   1.87750666E-03   8.89608672E-03
    359500   2.54743500E+01   1.87781524E-03   8.89603843E-03
    359520   2.54753500E+01   1.87814680E-03   8.89598798E-03
    359540   2.54763500E+01   1.87849035E-03   8.89593610E-03
    359560   2.54773500E+01   1.87883142E-03   8.89588442E-03
    359580   2.54783500E+01   1.87915394E-03   8.89583516E-03
    359600   2.54793500E+01   1.87944263E-03   8.89579076E-03
    359620   2.54803500E+01   1.87968550E-03   8.89575342E-03
    359640   2.54813500E+01   1.87987554E-03   8.89572463E-03
    359660   2.54823500E+01   1.88001144E-03   8.89570489E-03
    359680   2.54833500E+01   1.88009699E-03   8.89569363E-03
    359700   2.54843500E+01   1.88013944E-03   8.89568930E-03
    359720   2.54853500E+01   1.88014714E-03   8.89568977E-03
    359740   2.54863500E+01   1.88012708E-03   8.89569274E-03
    359760   2.54873500E+01   1.88008293E-03   8.89569628E-03
    359780   2.54883500E+01   1.88001415E-03   8.89569911E-03
    359800   2.54893500E+01   1.87991635E-03   8.89570081E-03
    359820   2.54903500E+01   1.87978285E-03   8.89570177E-03
    359840   2.54913500E+01   1.87960697E-03   8.89570294E-03
    359860   2.54923500E+01   1.87938457E-03   8.89570548E-03
    359880   2.54933500E+01   1.87911603E-03   8.89571026E-03
    359900   2.54943500E+01   1.87880740E-03   8.89571758E-03
    359920   2.54953500E+01   1.87847015E-03   8.89572691E-03
    359940   2.54963500E+01   1.87811978E-03   8.89573694E-03
    359960   2.54973500E+01   1.87777347E-03   8.89574574E-03
    359980   2.54983500E+01   1.87744739E-03   8.89575111E-03
    360000   2.54993500E+01   1.87715436E-03   8.89575098E-03
    360020   2.55003500E+01   1.87690235E-03   8.89574374E-03
    360040   2.55013500E+01   1.87669408E-03   8.89572855E-03
    360060   2.55023500E+01   1.87652788E-03   8.89570539E-03
    360080   2.55033500E+01   1.87639937E-03   8.89567499E-03
    360100   2.55043500E+01   1.87630360E-03   8.89563860E-03
    360120   2.55053500E+01   1.87623711E-03   8.89559769E-03
    360140   2.55063500E+01   1.87619927E-03   8.89555365E-03
    360160   2.55073500E+01   1.87619264E-03   8.89550759E-03
    360180   2.55083500E+01   1.87622239E-03   8.89546017E-03
    360200   2.55093500E+01   1.87629480E-03   8.89541161E-03
    360220   2.55103500E+01   1.87641548E-03   8.89536185E-03
    360240   2.55113500E+01   1.87658761E-03   8.89531066E-03
    360260   2.55123500E+01   1.87681068E-03   8.89525792E-03
    360280   2.55133500E+01   1.87708008E-03   8.89520370E-03
    360300   2.55143500E+01   1.87738749E-03   8.89514838E-03
    360320   2.55153500E+01   1.87772203E-03   8.89509270E-03
    360340   2.55163500E+01   1.87807177E-03   8.89503770E-03
    360360   2.55173500E+01   1.87842522E-03   8.89498457E-03
    360380   2.55183500E+01   1.87877247E-03   8.89493461E-03
    360400   2.55193500E+01   1.87910584E-03   8.89488902E-03
    360420   2.55203500E+01   1.87941983E-03   8.89484890E-03
    360440   2.55213500E+01   1.87971071E-03   8.89481512E-03
    360460   2.55223500E+01   1.87997567E-03   8.89478834E-03
    360480   2.55233500E+01   1.88021216E-03   8.89476890E-03
    360500   2.55243500E+01   1.88041740E-03   8.89475689E-03
    360520   2.55253500E+01   1.88058826E-03   8.89475209E-03
    360540   2.55263500E+01   1.88072149E-03   8.89475399E-03
    360560   2.55273500E+01   1.88081415E-03   8.89476187E-03
    360580   2.55283500E+01   1.88086409E-03   8.89477479E-03
    360600   2.55293500E+01   1.88087032E-03   8.89479172E-03
    360620   2.55303500E+01   1.88083310E-03   8.89481171E-03
    360640   2.55313500E+01   1.88075381E-03   8.89483395E-03
    360660   2.55323500E+01   1.88063458E-03   8.89485793E-03
    360680   2.55333500E+01   1.88047803E-03   8.89488342E-03
    360700   2.55343500E+01   1.88028710E-03   8.89491046E-03
    360720   2.55353500E+01   1.88006513E-03   8.89493923E-03
    360740   2.55363500E+01   1.87981623E-03   8.89496986E-03
    360760   2.55373500E+01   1.87954571E-03   8.89500223E-03
    360780   2.55383500E+01   1.87926046E-03   8.89503581E-03
    360800   2.55393500E+01   1.87896908E-03   8.89506955E-03
    360820   2.55403500E+01   1.87868161E-03   8.89510194E-03
    360840   2.55413500E+01   1.87840878E-03   8.89513121E-03
    360860   2.55423500E+01   1.87816091E-03   8.89515553E-03
    360880   2.55433500E+01   1.87794668E-03   8.89517335E-03
    360900   2.55443500E+01   1.87777214E-03   8.89518369E-03
    360920   2.55453500E+01   1.87764013E-03   8.89518636E-03
    360940   2.55463500E+01   1.87755039E-03   8.89518196E-03
    360960   2.55473500E+01   1.87750032E-03   8.89517179E-03
    360980   2.55483500E+01   1.87748622E-03   8.89515757E-03
    361000   2.55493500E+01   1.87750486E-03   8.89514105E-03
    361020   2.55503500E+01   1.87755470E-03   8.89512372E-03
    361040   2.55513500E+01   1.87763662E-03   8.89510644E-03
    361060   2.55523500E+01   1.87775380E-03   8.89508939E-03
    361080   2.55533500E+01   1.87791079E-03   8.89507205E-03
    361100   2.55543500E+01   1.87811193E-03   8.89505348E-03
    361120   2.55553500E+01   1.87835950E-03   8.89503268E-03
    361140   2.55563500E+01   1.87865212E-03   8.89500897E-03
    361160   2.55573500E+01   1.87898379E-03   8.89498232E-03
    361180   2.55583500E+01   1.87934390E-03   8.89495351E-03
    361200   2.55593500E+01   1.87971837E-03   8.89492410E-03
    361220   2.55603500E+01   1.88009147E-03   8.89489628E-03
    361240   2.55613500E+01   1.88044821E-03   8.89487244E-03
    361260   2.55623500E+01   1.88077643E-03   8.89485475E-03
    361280   2.55633500E+01   1.88106840E-03   8.89484477E-03
    361300   2.55643500E+01   1.88132129E-03   8.89484318E-03
    361320   2.55653500E+01   1.88153664E-03   8.89484968E-03
    361340   2.55663500E+01   1.88171871E-03   8.89486317E-03
    361360   2.55673500E+01   1.88187236E-03   8.89488199E-03
    361380   2.55683500E+01   1.88200091E-03   8.89490434E-03
    361400   2.55693500E+01   1.88210454E-03   8.89492868E-03
    361420   2.55703500E+01   1.88217970E-03   8.89495403E-03
    361440   2.55713500E+01   1.88221962E-03   8.89498012E-03
    361460   2.55723500E+01   1.88221580E-03   8.89500732E-03
    361480   2.55733500E+01   1.88216016E-03   8.89503645E-03
    361500   2.55743500E+01   1.88204734E-03   8.89506842E-03
    361520   2.55753500E+01   1.88187648E-03   8.89510390E-03
    361540   2.55763500E+01   1.88165204E-03   8.89514300E-03
    361560   2.55773500E+01   1.88138355E-03   8.89518515E-03
    361580   2.55783500E+01   1.88108427E-03   8.89522901E-03
    361600   2.55793500E+01   1.88076915E-03   8.89527274E-03
    361620   2.55803500E+01   1.88045257E-03   8.89531423E-03
    361640   2.55813500E+01   1.88014628E-03   8.89535141E-03
    361660   2.55823500E+01   1.87985819E-03   8.89538262E-03
    361680   2.55833500E+01   1.87959214E-03   8.89540674E-03
    361700   2.55843500E+01   1.87934862E-03   8.89542332E-03
    361720   2.55853500E+01   1.87912624E-03   8.89543251E-03
    361740   2.55863500E+01   1.87892346E-03   8.89543492E-03
    361760   2.55873500E+01   1.87874015E-03   8.89543138E-03
    361780   2.55883500E+01   1.87857861E-03   8.89542269E-03
    361800   2.55893500E+01   1.87844377E-03   8.89540950E-03
    361820   2.55903500E+01   1.87834255E-03   8.89539218E-03
    361840   2.55913500E+01   1.87828264E-03   8.89537083E-03
    361860   2.55923500E+01   1.87827091E-03   8.89534536E-03
    361880   2.55933500E+01   1.87831203E-03   8.89531557E-03
    361900   2.55943500E+01   1.87840747E-03   8.89528132E-03
    361920   2.55953500E+01   1.87855519E-03   8.89524265E-03
    361940   2.55963500E+01   1.87874992E-03   8.89519982E-03
    361960   2.55973500E+01   1.87898403E-03   8.89515339E-03
    361980   2.55983500E+01   1.87924864E-03   8.89510411E-03
    362000   2.55993500E+01   1.87953480E-03   8.89505296E-03
    362020   2.56003500E+01   1.87983424E-03   8.89500104E-03
    362040   2.56013500E+01   1.88013983E-03   8.89494956E-03
    362060   2.56023500E+01   1.88044554E-03   8.89489969E-03
    362080   2.56033500E+01   1.88074616E-03   8.89485258E-03
    362100   2.56043500E+01   1.88103693E-03   8.89480925E-03
    362120   2.56053500E+01   1.88131314E-03   8.89477054E-03
    362140   2.56063500E+01   1.88156995E-03   8.89473705E-03
    362160   2.56073500E+01   1.88180248E-03   8.89470904E-03
    362180   2.56083500E+01   1.88200606E-03   8.89468645E-03
    362200   2.56093500E+01   1.88217652E-03   8.89466887E-03
    362220   2.56103500E+01   1.88231048E-03   8.89465567E-03
    362240   2.56113500E+01   1.88240540E-03   8.89464606E-03
    362260   2.56123500E+01   1.88245949E-03   8.89463928E-03
    362280   2.56133500E+01   1.88247151E-03   8.89463471E-03
    362300   2.56143500E+01   1.88244053E-03   8.89463202E-03
    362320   2.56153500E+01   1.88236584E-03   8.89463118E-03
    362340   2.56163500E+01   1.88224706E-03   8.89463244E-03
    362360   2.56173500E+01   1.88208454E-03   8.89463617E-03
    362380   2.56183500E+01   1.88187999E-03   8.89464265E-03
    362400   2.56193500E+01   1.88163703E-03   8.89465187E-03
    362420   2.56203500E+01   1.88136163E-03   8.89466337E-03
    362440   2.56213500E+01   1.88106214E-03   8.89467616E-03
    362460   2.56223500E+01   1.88074879E-03   8.89468869E-03
    362480   2.56233500E+01   1.88043280E-03   8.89469911E-03
    362500   2.56243500E+01   1.88012516E-03   8.89470550E-03
    362520   2.56253500E+01   1.87983529E-03   8.89470615E-03
    362540   2.56263500E+01   1.87957009E-03   8.89469994E-03
    362560   2.56273500E+01   1.87933342E-03   8.89468641E-03
    362580   2.56283500E+01   1.87912639E-03   8.89466589E-03
    362600   2.56293500E+01   1.87894816E-03   8.89463937E-03
    362620   2.56303500E+01   1.87879736E-03   8.89460822E-03
    362640   2.56313500E+01   1.87867342E-03   8.89457388E-03
    362660   2.56323500E+01   1.87857778E-03   8.89453751E-03
    362680   2.56333500E+01   1.87851438E-03   8.89449976E-03
    362700   2.56343500E+01   1.87848941E-03   8.89446063E-03
    362720   2.56353500E+01   1.87851018E-03   8.89441954E-03
    362740   2.56363500E+01   1.87858347E-03   8.89437560E-03
    362760   2.56373500E+01   1.87871371E-03   8.89432786E-03
    362780   2.56383500E+01   1.87890141E-03   8.89427574E-03
    362800   2.56393500E+01   1.87914236E-03   8.89421925E-03
    362820   2.56403500E+01   1.87942773E-03   8.89415924E-03
    362840   2.56413500E+01   1.87974509E-03   8.89409727E-03
    362860   2.56423500E+01   1.88008028E-03   8.89403551E-03
    362880   2.56433500E+01   1.88041953E-03   8.89397631E-03
    362900   2.56443500E+01   1.88075148E-03   8.89392191E-03
    362920   2.56453500E+01   1.88106854E-03   8.89387401E-03
    362940   2.56463500E+01   1.88136727E-03   8.89383357E-03
    362960   2.56473500E+01   1.88164772E-03   8.89380073E-03
    362980   2.56483500E+01   1.88191205E-03   8.89377488E-03
    363000   2.56493500E+01   1.88216254E-03   8.89375495E-03
    363020   2.56503500E+01   1.88239977E-03   8.89373975E-03
    363040   2.56513500E+01   1.88262126E-03   8.89372827E-03
    363060   2.56523500E+01   1.88282104E-03   8.89371994E-03
    363080   2.56533500E+01   1.88299028E-03   8.89371476E-03
    363100   2.56543500E+01   1.88311874E-03   8.89371323E-03
    363120   2.56553500E+01   1.88319671E-03   8.89371620E-03
    363140   2.56563500E+01   1.88321709E-03   8.89372458E-03
    363160   2.56573500E+01   1.88317689E-03   8.89373902E-03
    363180   2.56583500E+01   1.88307801E-03   8.89375968E-03
    363200   2.56593500E+01   1.88292702E-03   8.89378613E-03
    363220   2.56603500E+01   1.88273398E-03   8.89381731E-03
    363240   2.56613500E+01   1.88251071E-03   8.89385164E-03
    363260   2.56623500E+01   1.88226889E-03   8.89388731E-03
    363280   2.56633500E+01   1.88201838E-03   8.89392247E-03
    363300   2.56643500E+01   1.88176624E-03   8.89395552E-03
    363320   2.56653500E+01   1.88151654E-03   8.89398526E-03
    363340   2.56663500E+01   1.88127095E-03   8.89401098E-03
    363360   2.56673500E+01   1.88102990E-03   8.89403241E-03
    363380   2.56683500E+01   1.88079400E-03   8.89404964E-03
    363400   2.56693500E+01   1.88056523E-03   8.89406293E-03
    363420   2.56703500E+01   1.88034769E-03   8.89407260E-03
    363440   2.56713500E+01   1.88014768E-03   8.89407886E-03
    363460   2.56723500E+01   1.87997311E-03   8.89408179E-03
    363480   2.56733500E+01   1.87983254E-03   8.89408126E-03
    363500   2.56743500E+01   1.87973390E-03   8.89407707E-03
    363520   2.56753500E+01   1.87968337E-03   8.89406895E-03
    363540   2.56763500E+01   1.87968462E-03   8.89405667E-03
    363560   2.56773500E+01   1.87973850E-03   8.89404012E-03
    363580   2.56783500E+01   1.87984323E-03   8.89401935E-03
    363600   2.56793500E+01   1.87999501E-03   8.89399461E-03
    363620   2.56803500E+01   1.88018867E-03   8.89396636E-03
    363640   2.56813500E+01   1.88041841E-03   8.89393527E-03
    363660   2.56823500E+01   1.88067830E-03   8.89390218E-03
    363680   2.56833500E+01   1.88096254E-03   8.89386810E-03
    363700   2.56843500E+01   1.88126547E-03   8.89383418E-03
    363720   2.56853500E+01   1.88158150E-03   8.89380161E-03
    363740   2.56863500E+01   1.88190488E-03   8.89377157E-03
    363760   2.56873500E+01   1.88222972E-03   8.89374514E-03
    363780   2.56883500E+01   1.88255006E-03   8.89372315E-03
    363800   2.56893500E+01   1.88286009E-03   8.89370615E-03
    363820   2.56903500E+01   1.88315436E-03   8.89369434E-03
    363840   2.56913500E+01   1.88342801E-03   8.89368757E-03
    363860   2.56923500E+01   1.88367678E-03   8.89368539E-03
    363880   2.56933500E+01   1.88389690E-03   8.89368722E-03
    363900   2.56943500E+01   1.88408484E-03   8.89369249E-03
    363920   2.56953500E+01   1.88423698E-03   8.89370079E-03
    363940   2.56963500E+01   1.88434941E-03   8.89371199E-03
    363960   2.56973500E+01   1.88441807E-03   8.89372626E-03
    363980   2.56983500E+01   1.88443907E-03   8.89374402E-03
    364000   2.56993500E+01   1.88440939E-03   8.89376580E-03
    364020   2.57003500E+01   1.88432769E-03   8.89379203E-03
    364040   2.57013500E+01   1.88419499E-03   8.89382279E-03
    364060   2.57023500E+01   1.88401521E-03   8.89385768E-03
    364080   2.57033500E+01   1.88379511E-03   8.89389569E-03
    364100   2.57043500E+01   1.88354381E-03   8.89393532E-03
    364120   2.57053500E+01   1.88327167E-03   8.89397466E-03
    364140   2.57063500E+01   1.88298905E-03   8.89401172E-03
    364160   2.57073500E+01   1.88270497E-03   8.89404468E-03
    364180   2.57083500E+01   1.88242621E-03   8.89407221E-03
    364200   2.57093500E+01   1.88215685E-03   8.89409362E-03
    364220   2.57103500E+01   1.88189863E-03   8.89410889E-03
    364240   2.57113500E+01   1.88165179E-03   8.89411861E-03
    364260   2.57123500E+01   1.88141645E-03   8.89412369E-03
    364280   2.57133500E+01   1.88119397E-03   8.89412509E-03
    364300   2.57143500E+01   1.88098797E-03   8.89412352E-03
    364320   2.57153500E+01   1.88080477E-03   8.89411924E-03
    364340   2.57163500E+01   1.88065289E-03   8.89411193E-03
    364360   2.57173500E+01   1.88054202E-03   8.89410078E-03
    364380   2.57183500E+01   1.88048128E-03   8.89408473E-03
    364400   2.57193500E+01   1.88047749E-03   8.89406270E-03
    364420   2.57203500E+01   1.88053365E-03   8.89403401E-03
    364440   2.57213500E+01   1.88064813E-03   8.89399854E-03
    364460   2.57223500E+01   1.88081482E-03   8.89395692E-03
    364480   2.57233500E+01   1.88102409E-03   8.89391050E-03
    364500   2.57243500E+01   1.88126448E-03   8.89386118E-03
    364520   2.57253500E+01   1.88152459E-03   8.89381110E-03
    364540   2.57263500E+01   1.88179487E-03   8.89376229E-03
    364560   2.57273500E+01   1.88206879E-03   8.89371642E-03
    364580   2.57283500E+01   1.88234313E-03   8.89367451E-03
    364600   2.57293500E+01   1.88261743E-03   8.89363697E-03
    364620   2.57303500E+01   1.88289262E-03   8.89360359E-03
    364640   2.57313500E+01   1.88316939E-03   8.89357379E-03
    364660   2.57323500E+01   1.88344657E-03   8.89354689E-03
    364680   2.57333500E+01   1.88372009E-03   8.89352238E-03
    364700   2.57343500E+01   1.88398263E-03   8.89350013E-03
    364720   2.57353500E+01   1.88422423E-03   8.89348043E-03
    364740   2.57363500E+01   1.88443361E-03   8.89346402E-03
    364760   2.57373500E+01   1.88459992E-03   8.89345185E-03
    364780   2.57383500E+01   1.88471449E-03   8.89344492E-03
    364800   2.57393500E+01   1.88477225E-03   8.89344399E-03
    364820   2.57403500E+01   1.88477230E-03   8.89344939E-03
    364840   2.57413500E+01   1.88471781E-03   8.89346091E-03
    364860   2.57423500E+01   1.88461508E-03   8.89347778E-03
    364880   2.57433500E+01   1.88447217E-03   8.89349881E-03
    364900   2.57443500E+01   1.88429736E-03   8.89352252E-03
    364920   2.57453500E+01   1.88409784E-03   8.89354736E-03
    364940   2.57463500E+01   1.88387899E-03   8.89357191E-03
    364960   2.57473500E+01   1.88364419E-03   8.89359502E-03
    364980   2.57483500E+01   1.88339539E-03   8.89361584E-03
    365000   2.57493500E+01   1.88313394E-03   8.89363389E-03
    365020   2.57503500E+01   1.88286166E-03   8.89364892E-03
    365040   2.57513500E+01   1.88258174E-03   8.89366082E-03
    365060   2.57523500E+01   1.88229923E-03   8.89366956E-03
    365080   2.57533500E+01   1.88202106E-03   8.89367505E-03
    365100   2.57543500E+01   1.88175555E-03   8.89367714E-03
    365120   2.57553500E+01   1.88151162E-03   8.89367556E-03
    365140   2.57563500E+01   1.88129785E-03   8.89366998E-03
    365160   2.57573500E+01   1.88112163E-03   8.89366000E-03
    365180   2.57583500E+01   1.88098862E-03   8.89364528E-03
    365200   2.57593500E+01   1.88090245E-03   8.89362551E-03
    365220   2.57603500E+01   1.88086483E-03   8.89360052E-03
    365240   2.57613500E+01   1.88087580E-03   8.89357028E-03
    365260   2.57623500E+01   1.88093413E-03   8.89353495E-03
    365280   2.57633500E+01   1.88103770E-03   8.89349493E-03
    365300   2.57643500E+01   1.88118363E-03   8.89345087E-03
    365320   2.57653500E+01   1.88136845E-03   8.89340364E-03
    365340   2.57663500E+01   1.88158800E-03   8.89335435E-03
    365360   2.57673500E+01   1.88183754E-03   8.89330425E-03
    365380   2.57683500E+01   1.88211169E-03   8.89325467E-03
    365400   2.57693500E+01   1.88240469E-03   8.89320686E-03
    365420   2.57703500E+01   1.88271061E-03   8.89316192E-03
    365440   2.57713500E+01   1.88302367E-03   8.89312061E-03
    365460   2.57723500E+01   1.88333855E-03   8.89308336E-03
    365480   2.57733500E+01   1.88365041E-03   8.89305025E-03
    365500   2.57743500E+01   1.88395484E-03   8.89302108E-03
    365520   2.57753500E+01   1.88424747E-03   8.89299554E-03
    365540   2.57763500E+01   1.88452365E-03   8.89297330E-03
    365560   2.57773500E+01   1.88477807E-03   8.89295424E-03
    365580   2.57783500E+01   1.88500463E-03   8.89293853E-03
    365600   2.57793500E+01   1.88519660E-03   8.89292664E-03
    365620   2.57803500E+01   1.88534717E-03   8.89291929E-03
    365640   2.57813500E+01   1.88545029E-03   8.89291727E-03
    365660   2.57823500E+01   1.88550160E-03   8.89292124E-03
    365680   2.57833500E+01   1.88549929E-03   8.89293153E-03
    365700   2.57843500E+01   1.88544461E-03   8.89294791E-03
    365720   2.57853500E+01   1.88534186E-03   8.89296959E-03
    365740   2.57863500E+01   1.88519784E-03   8.89299521E-03
    365760   2.57873500E+01   1.88502086E-03   8.89302304E-03
    365780   2.57883500E+01   1.88481946E-03   8.89305122E-03
    365800   2.57893500E+01   1.88460114E-03   8.89307802E-03
    365820   2.57903500E+01   1.88437152E-03   8.89310212E-03
    365840   2.57913500E+01   1.88413401E-03   8.89312277E-03
    365860   2.57923500E+01   1.88389011E-03   8.89313980E-03
    365880   2.57933500E+01   1.88364039E-03   8.89315354E-03
    365900   2.57943500E+01   1.88338571E-03   8.89316459E-03
    365920   2.57953500E+01   1.88312846E-03   8.89317357E-03
    365940   2.57963500E+01   1.88287351E-03   8.89318085E-03
    365960   2.57973500E+01   1.88262849E-03   8.89318635E-03
    365980   2.57983500E+01   1.88240337E-03   8.89318949E-03
    366000   2.57993500E+01   1.88220926E-03   8.89318927E-03
    366020   2.58003500E+01   1.88205685E-03   8.89318446E-03
    366040   2.58013500E+01   1.88195478E-03   8.89317385E-03
    366060   2.58023500E+01   1.88190825E-03   8.89315661E-03
    366080   2.58033500E+01   1.88191828E-03   8.89313242E-03
    366100   2.58043500E+01   1.88198181E-03   8.89310169E-03
    366120   2.58053500E+01   1.88209252E-03   8.89306544E-03
    366140   2.58063500E+01   1.88224234E-03   8.89302522E-03
    366160   2.58073500E+01   1.88242302E-03   8.89298282E-03
    366180   2.58083500E+01   1.88262768E-03   8.89294001E-03
    366200   2.58093500E+01   1.88285172E-03   8.89289824E-03
    366220   2.58103500E+01   1.88309301E-03   8.89285851E-03
    366240   2.58113500E+01   1.88335137E-03   8.89282126E-03
    366260   2.58123500E+01   1.88362740E-03   8.89278648E-03
    366280   2.58133500E+01   1.88392106E-03   8.89275391E-03
    366300   2.58143500E+01   1.88423033E-03   8.89272318E-03
    366320   2.58153500E+01   1.88455035E-03   8.89269411E-03
    366340   2.58163500E+01   1.88487325E-03   8.89266682E-03
    366360   2.58173500E+01   1.88518873E-03   8.89264181E-03
    366380   2.58183500E+01   1.88548518E-03   8.89261996E-03
    366400   2.58193500E+01   1.88575124E-03   8.89260232E-03
    366420   2.58203500E+01   1.88597722E-03   8.89258998E-03
    366440   2.58213500E+01   1.88615631E-03   8.89258386E-03
    366460   2.58223500E+01   1.88628511E-03   8.89258450E-03
    366480   2.58233500E+01   1.88636353E-03   8.89259202E-03
    366500   2.58243500E+01   1.88639406E-03   8.89260606E-03
    366520   2.58253500E+01   1.88638074E-03   8.89262586E-03
    366540   2.58263500E+01   1.88632803E-03   8.89265037E-03
    366560   2.58273500E+01   1.88623984E-03   8.89267843E-03
    366580   2.58283500E+01   1.88611901E-03   8.89270890E-03
    366600   2.58293500E+01   1.88596725E-03   8.89274074E-03
    366620   2.58303500E+01   1.88578559E-03   8.89277310E-03
    366640   2.58313500E+01   1.88557505E-03   8.89280534E-03
    366660   2.58323500E+01   1.88533741E-03   8.89283699E-03
    366680   2.58333500E+01   1.88507589E-03   8.89286768E-03
    366700   2.58343500E+01   1.88479538E-03   8.89289710E-03
    366720   2.58353500E+01   1.88450249E-03   8.89292491E-03
    366740   2.58363500E+01   1.88420507E-03   8.89295076E-03
    366760   2.58373500E+01   1.88391169E-03   8.89297420E-03
    366780   2.58383500E+01   1.88363088E-03   8.89299476E-03
    366800   2.58393500E+01   1.88337056E-03   8.89301186E-03
    366820   2.58403500E+01   1.88313763E-03   8.89302491E-03
    366840   2.58413500E+01   1.88293781E-03   8.89303335E-03
    366860   2.58423500E+01   1.88277556E-03   8.89303661E-03
    366880   2.58433500E+01   1.88265422E-03   8.89303427E-03
    366900   2.58443500E+01   1.88257610E-03   8.89302606E-03
    366920   2.58453500E+01   1.88254251E-03   8.89301194E-03
    366940   2.58463500E+01   1.88255381E-03   8.89299215E-03
    366960   2.58473500E+01   1.88260929E-03   8.89296726E-03
    366980   2.58483500E+01   1.88270712E-03   8.89293815E-03
    367000   2.58493500E+01   1.88284444E-03   8.89290592E-03
    367020   2.58503500E+01   1.88301744E-03   8.89287181E-03
    367040   2.58513500E+01   1.88322174E-03   8.89283707E-03
    367060   2.58523500E+01   1.88345271E-03   8.89280280E-03
    367080   2.58533500E+01   1.88370579E-03   8.89276985E-03
    367100   2.58543500E+01   1.88397675E-03   8.89273875E-03
    367120   2.58553500E+01   1.88426164E-03   8.89270967E-03
    367140   2.58563500E+01   1.88455659E-03   8.89268258E-03
    367160   2.58573500E+01   1.88485741E-03   8.89265733E-03
    367180   2.58583500E+01   1.88515910E-03   8.89263383E-03
    367200   2.58593500E+01   1.88545548E-03   8.89261220E-03
    367220   2.58603500E+01   1.88573910E-03   8.89259287E-03
    367240   2.58613500E+01   1.88600153E-03   8.89257662E-03
    367260   2.58623500E+01   1.88623396E-03   8.89256442E-03
    367280   2.58633500E+01   1.88642813E-03   8.89255735E-03
    367300   2.58643500E+01   1.88657736E-03   8.89255632E-03
    367320   2.58653500E+01   1.88667736E-03   8.89256189E-03
    367340   2.58663500E+01   1.88672683E-03   8.89257410E-03
    367360   2.58673500E+01   1.88672742E-03   8.89259235E-03
    367380   2.58683500E+01   1.88668319E-03   8.89261552E-03
    367400   2.58693500E+01   1.88659969E-03   8.89264208E-03
    367420   2.58703500E+01   1.88648279E-03   8.89267034E-03
    367440   2.58713500E+01   1.88633755E-03   8.89269873E-03
    367460   2.58723500E+01   1.88616751E-03   8.89272597E-03
    367480   2.58733500E+01   1.88597448E-03   8.89275129E-03
    367500   2.58743500E+01   1.88575894E-03   8.89277443E-03
    367520   2.58753500E+01   1.88552093E-03   8.89279554E-03
    367540   2.58763500E+01   1.88526128E-03   8.89281497E-03
    367560   2.58773500E+01   1.88498266E-03   8.89283304E-03
    367580   2.58783500E+01   1.88469044E-03   8.89284985E-03
    367600   2.58793500E+01   1.88439280E-03   8.89286506E-03
    367620   2.58803500E+01   1.88410028E-03   8.89287788E-03
    367640   2.58813500E+01   1.88382470E-03   8.89288712E-03
    367660   2.58823500E+01   1.88357764E-03   8.89289140E-03
    367680   2.58833500E+01   1.88336891E-03   8.89288939E-03
    367700   2.58843500E+01   1.88320539E-03   8.89288008E-03
    367720   2.58853500E+01   1.88309038E-03   8.89286294E-03
    367740   2.58863500E+01   1.88302362E-03   8.89283806E-03
    367760   2.58873500E+01   1.88300215E-03   8.89280617E-03
    367780   2.58883500E+01   1.88302143E-03   8.89276844E-03
    367800   2.58893500E+01   1.88307673E-03   8.89272630E-03
    367820   2.58903500E+01   1.88316441E-03   8.89268119E-03
    367840   2.58913500E+01   1.88328250E-03   8.89263435E-03
    367860   2.58923500E+01   1.88343089E-03   8.89258665E-03
    367880   2.58933500E+01   1.88361073E-03   8.89253860E-03
    367900   2.58943500E+01   1.88382334E-03   8.89249032E-03
    367920   2.58953500E+01   1.88406902E-03   8.89244174E-03
    367940   2.58963500E+01   1.88434601E-03   8.89239275E-03
    367960   2.58973500E+01   1.88464971E-03   8.89234342E-03
    367980   2.58983500E+01   1.88497267E-03   8.89229408E-03
    368000   2.58993500E+01   1.88530508E-03   8.89224538E-03
    368020   2.59003500E+01   1.88563582E-03   8.89219828E-03
    368040   2.59013500E+01   1.88595372E-03   8.89215392E-03
    368060   2.59023500E+01   1.88624882E-03   8.89211348E-03
    368080   2.59033500E+01   1.88651330E-03   8.89207802E-03
    368100   2.59043500E+01   1.88674196E-03   8.89204833E-03
    368120   2.59053500E+01   1.88693209E-03   8.89202482E-03
    368140   2.59063500E+01   1.88708302E-03   8.89200754E-03
    368160   2.59073500E+01   1.88719530E-03   8.89199620E-03
    368180   2.59083500E+01   1.88726982E-03   8.89199025E-03
    368200   2.59093500E+01   1.88730721E-03   8.89198892E-03
    368220   2.59103500E+01   1.88730749E-03   8.89199145E-03
    368240   2.59113500E+01   1.88727011E-03   8.89199708E-03
    368260   2.59123500E+01   1.88719433E-03   8.89200512E-03
    368280   2.59133500E+01   1.88707978E-03   8.89201498E-03
    368300   2.59143500E+01   1.88692705E-03   8.89202619E-03
    368320   2.59153500E+01   1.88673815E-03   8.89203835E-03
    368340   2.59163500E+01   1.88651676E-03   8.89205113E-03
    368360   2.59173500E+01   1.88626812E-03   8.89206419E-03
    368380   2.59183500E+01   1.88599873E-03   8.89207716E-03
    368400   2.59193500E+01   1.88571598E-03   8.89208963E-03
    368420   2.59203500E+01   1.88542762E-03   8.89210114E-03
    368440   2.59213500E+01   1.88514136E-03   8.89211113E-03
    368460   2.59223500E+01   1.88486460E-03   8.89211892E-03
    368480   2.59233500E+01   1.88460423E-03   8.89212376E-03
    368500   2.59243500E+01   1.88436653E-03   8.89212489E-03
    368520   2.59253500E+01   1.88415716E-03   8.89212160E-03
    368540   2.59263500E+01   1.88398104E-03   8.89211326E-03
    368560   2.59273500E+01   1.88384217E-03   8.89209949E-03
    368580   2.59283500E+01   1.88374353E-03   8.89208017E-03
    368600   2.59293500E+01   1.88368688E-03   8.89205557E-03
    368620   2.59303500E+01   1.88367271E-03   8.89202630E-03
    368640   2.59313500E+01   1.88370038E-03   8.89199325E-03
    368660   2.59323500E+01   1.88376823E-03   8.89195749E-03
    368680   2.59333500E+01   1.88387403E-03   8.89192016E-03
    368700   2.59343500E+01   1.88401528E-03   8.89188228E-03
    368720   2.59353500E+01   1.88418954E-03   8.89184464E-03
    368740   2.59363500E+01   1.88439459E-03   8.89180773E-03
    368760   2.59373500E+01   1.88462827E-03   8.89177176E-03
    368780   2.59383500E+01   1.88488811E-03   8.89173674E-03
    368800   2.59393500E+01   1.88517085E-03   8.89170262E-03
    368820   2.59403500E+01   1.88547194E-03   8.89166941E-03
    368840   2.59413500E+01   1.88578516E-03   8.89163741E-03
    368860   2.59423500E+01   1.88610261E-03   8.89160725E-03
    368880   2.59433500E+01   1.88641503E-03   8.89157992E-03
    368900   2.59443500E+01   1.88671251E-03   8.89155667E-03
    368920   2.59453500E+01   1.88698547E-03   8.89153881E-03
    368940   2.59463500E+01   1.88722568E-03   8.89152755E-03
    368960   2.59473500E+01   1.88742709E-03   8.89152375E-03
    368980   2.59483500E+01   1.88758635E-03   8.89152776E-03
    369000   2.59493500E+01   1.88770278E-03   8.89153936E-03
    369020   2.59503500E+01   1.88777779E-03   8.89155777E-03
    369040   2.59513500E+01   1.88781412E-03   8.89158181E-03
    369060   2.59523500E+01   1.88781462E-03   8.89161014E-03
    369080   2.59533500E+01   1.88778146E-03   8.89164146E-03
    369100   2.59543500E+01   1.88771546E-03   8.89167472E-03
    369120   2.59553500E+01   1.88761607E-03   8.89170926E-03
    369140   2.59563500E+01   1.88748185E-03   8.89174484E-03
    369160   2.59573500E+01   1.88731135E-03   8.89178154E-03
    369180   2.59583500E+01   1.88710430E-03   8.89181959E-03
    369200   2.59593500E+01   1.88686261E-03   8.89185912E-03
    369220   2.59603500E+01   1.88659105E-03   8.89190003E-03
    369240   2.59613500E+01   1.88629735E-03   8.89194178E-03
    369260   2.59623500E+01   1.88599167E-03   8.89198343E-03
    369280   2.59633500E+01   1.88568557E-03   8.89202361E-03
    369300   2.59643500E+01   1.88539061E-03   8.89206079E-03
    369320   2.59653500E+01   1.88511702E-03   8.89209345E-03
    369340   2.59663500E+01   1.88487263E-03   8.89212032E-03
    369360   2.59673500E+01   1.88466229E-03   8.89214060E-03
    369380   2.59683500E+01   1.88448796E-03   8.89215397E-03
    369400   2.59693500E+01   1.88434940E-03   8.89216067E-03
    369420   2.59703500E+01   1.88424522E-03   8.89216137E-03
    369440   2.59713500E+01   1.88417397E-03   8.89215701E-03
    369460   2.59723500E+01   1.88413514E-03   8.89214854E-03
    369480   2.59733500E+01   1.88412963E-03   8.89213681E-03
    369500   2.59743500E+01   1.88415975E-03   8.89212244E-03
    369520   2.59753500E+01   1.88422859E-03   8.89210573E-03
    369540   2.59763500E+01   1.88433913E-03   8.89208677E-03
    369560   2.59773500E+01   1.88449313E-03   8.89206550E-03
    369580   2.59783500E+01   1.88469015E-03   8.89204188E-03
    369600   2.59793500E+01   1.88492700E-03   8.89201600E-03
    369620   2.59803500E+01   1.88519772E-03   8.89198824E-03
    369640   2.59813500E+01   1.88549404E-03   8.89195924E-03
    369660   2.59823500E+01   1.88580620E-03   8.89192992E-03
    369680   2.59833500E+01   1.88612408E-03   8.89190140E-03
    369700   2.59843500E+01   1.88643822E-03   8.89187485E-03
    369720   2.59853500E+01   1.88674059E-03   8.89185135E-03
    369740   2.59863500E+01   1.88702502E-03   8.89183181E-03
    369760   2.59873500E+01   1.88728712E-03   8.89181692E-03
    369780   2.59883500E+01   1.88752387E-03   8.89180702E-03
    369800   2.59893500E+01   1.88773311E-03   8.89180220E-03
    369820   2.59903500E+01   1.88791291E-03   8.89180226E-03
    369840   2.59913500E+01   1.88806121E-03   8.89180685E-03
    369860   2.59923500E+01   1.88817557E-03   8.89181552E-03
    369880   2.59933500E+01   1.88825328E-03   8.89182771E-03
    369900   2.59943500E+01   1.88829155E-03   8.89184288E-03
    369920   2.59953500E+01   1.88828818E-03   8.89186053E-03
    369940   2.59963500E+01   1.88824190E-03   8.89188020E-03
    369960   2.59973500E+01   1.88815275E-03   8.89190147E-03
    369980   2.59983500E+01   1.88802231E-03   8.89192398E-03
    370000   2.59993500E+01   1.88785356E-03   8.89194735E-03
